type,totalFeatures,numberMatched,numberReturned,timeStamp,crs_type,crs_properties_name,feature_type,feature_id,geometry_name,geometry_type,geometry_coordinates,geometry_x,geometry_y,id,gemeinde,vorgangszeitraum_von,vorgangszeitraum_bis,art,lage,tagesbaustelle,verursacher,zusatzinfo,sperrung,projektnummer,vorgangsnummer,datenquelle,stand
FeatureCollection,270,270,270,2025-10-06T14:15:33.080Z,name,urn:ogc:def:crs:EPSG::25832,Feature,baustellen_vorschau.101725969,geom,Polygon,"[[[455848.9770598, 5428434.5537653], [455750.69134588, 5428304.55376538], [455758.97705987, 5428298.26805139], [455859.54848779, 5428425.69662231], [455848.9770598, 5428434.5537653]]]",,,101725969,Karlsruhe,2026-04-29T22:00:00Z,2026-10-31T22:59:59Z,Strom bzw. TK-Versorgung,Herrenstraße zw. Karlstor und Amalienstraße,,Stadtwerke Karlsruhe,Aufteilung nicht vorgenommen,mit Verkehrsbehinderung,22525,2019V3692,Stadt Karlsruhe,2025-07-27T22:00:00Z
FeatureCollection,270,270,270,2025-10-06T14:15:33.080Z,name,urn:ogc:def:crs:EPSG::25832,Feature,baustellen_vorschau.102244740,geom,Polygon,"[[[455200.31430834, 5428615.9673782], [455198.74717134, 5428620.26948919], [455199.53288634, 5428631.51948919], [455201.31860034, 5428653.26948918], [455202.92574334, 5428673.73377517], [455204.27484034, 5428690.44569516], [455205.27484034, 5428703.37426715], [455208.34626834, 5428703.26712415], [455208.98912634, 5428707.40998115], [455215.06055433, 5428707.19569515], [455215.48912633, 5428709.69569514], [455205.88198334, 5428710.26712414], [455207.17431734, 5428716.99659514], [455208.36489734, 5428720.73841814], [455210.34919734, 5428749.70919812], [455188.91875735, 5428751.86358112], [455186.99115135, 5428730.71661213], [455201.90174834, 5428728.16536913], [455199.80406034, 5428706.73492915], [455199.01034034, 5428694.94251815], [455196.51579135, 5428663.76066117], [455194.70157435, 5428639.94906119], [455192.77396835, 5428616.4209322], [455200.31430834, 5428615.9673782]]]",,,102244740,Karlsruhe,2026-07-29T22:00:00Z,2026-10-16T21:59:59Z,Fernwärmeversorgung,Reinhold-Frank-Straße zwischen Belfortstraße und Kaiserallee,,Stadtwerke Karlsruhe,"Abwicklung in mehreren Bauabschnitten, Aufteilung nicht vorgenommen",mit Sperrung in eine Fahrtrichtung,40847,2024V5284,Stadt Karlsruhe,2025-10-05T22:00:00Z
FeatureCollection,270,270,270,2025-10-06T14:15:33.080Z,name,urn:ogc:def:crs:EPSG::25832,Feature,baustellen_vorschau.102132432,geom,Polygon,"[[[460090.83519126, 5427778.35737768], [460168.6203332, 5427755.97412869], [460170.06373319, 5427753.30382869], [460169.5843222, 5427751.67420769], [460175.99365619, 5427749.7961137], [460177.62443319, 5427755.32442869], [460178.45833319, 5427755.79702869], [460204.92313317, 5427748.1831287], [460205.38903317, 5427747.44442869], [460204.03583317, 5427742.6199287], [460210.23125616, 5427740.8333767], [460211.13547016, 5427743.7748357], [460213.63913316, 5427742.9498287], [460222.82081315, 5427740.2448777], [460247.54243313, 5427733.3100287], [460250.99193313, 5427730.87462871], [460252.96603313, 5427728.32382871], [460260.35864412, 5427732.5437527], [460258.51593312, 5427735.0882287], [460256.85793312, 5427737.1495287], [460254.93823312, 5427738.7919287], [460252.71833313, 5427740.0333287], [460250.39853313, 5427741.0878287], [460205.76373317, 5427754.24762869], [460131.07323323, 5427775.81742868], [460128.39673323, 5427777.08832868], [460126.91444423, 5427778.54006668], [460112.79873324, 5427782.40632868], [460109.77183325, 5427781.35202867], [460105.99913325, 5427781.39792868], [460100.17512225, 5427783.03907068], [460094.78491126, 5427784.60605967], [460092.80827126, 5427785.18058267], [460091.27748326, 5427779.89454868], [460090.83519126, 5427778.35737768]]]",,,102132432,Karlsruhe,2026-08-02T22:00:00Z,2026-09-06T21:59:59Z,Straßenbau,Johann-Strauß-Straße zw. Anton-Bruckner-Straße und Zufahrt K 9659 (ehem. B 10),,Tiefbauamt,"Abwicklung in mehreren Bauabschnitten, Aufteilung nicht vorgenommen",mit Verkehrsbehinderung,12438,2022V5259,Stadt Karlsruhe,2025-05-19T22:00:00Z
FeatureCollection,270,270,270,2025-10-06T14:15:33.080Z,name,urn:ogc:def:crs:EPSG::25832,Feature,baustellen_vorschau.102135581,geom,Polygon,"[[[452992.4506392, 5430304.86442721], [452988.9688392, 5430296.51682721], [453009.06233918, 5430282.20732722], [453027.60263917, 5430266.58022723], [453026.83973917, 5430257.50592724], [453032.20483916, 5430254.71402724], [453038.29463916, 5430257.06512724], [453049.72853915, 5430248.59322724], [453129.55663908, 5430181.81172728], [453130.44483008, 5430175.80649328], [453133.51683908, 5430173.51562728], [453137.02743907, 5430174.99902729], [453151.50427006, 5430163.79213629], [453227.592339, 5430099.54252733], [453226.638212, 5430092.59983733], [453231.85013899, 5430091.09272733], [453235.65063899, 5430092.40322733], [453254.01054398, 5430078.01807334], [453322.78903892, 5430020.23332738], [453322.23781592, 5430014.42509338], [453325.54143892, 5430011.69292738], [453328.20283891, 5430013.60852738], [453332.97823891, 5430012.13852738], [453376.89103887, 5429975.4715274], [453419.73433884, 5429939.72342742], [453438.01305682, 5429924.32988843], [453477.74563879, 5429890.08152745], [453519.95355775, 5429852.88701148], [453538.77143874, 5429837.04602748], [453545.04010073, 5429832.90294249], [453549.45503873, 5429841.95892748], [453536.40113874, 5429845.44220848], [453457.5277748, 5429912.66714844], [453349.9592219, 5430002.10594739], [453315.88702192, 5430030.09019037], [453184.29070203, 5430141.46122431], [453141.34607907, 5430176.75235028], [453139.15824307, 5430181.69950328], [453134.61739008, 5430185.42183628], [453129.89275008, 5430185.53432728], [453106.4945331, 5430205.10783627], [453037.30366516, 5430262.23328423], [452998.04028219, 5430295.34321621], [452992.4506392, 5430304.86442721]]]",,,102135581,Karlsruhe,2026-07-29T22:00:00Z,2027-07-31T21:59:59Z,Gas bzw. Wasserversorgung,Siemensallee zwischen B36/ Neureuter Straße und Hertzstraße,,Stadtwerke Karlsruhe,"Abwicklung in mehreren Bauabschnitten, Aufteilung nicht vorgenommen",mit Sperrung in eine Fahrtrichtung,40810,2022V5679,Stadt Karlsruhe,2025-09-16T22:00:00Z
FeatureCollection,270,270,270,2025-10-06T14:15:33.080Z,name,urn:ogc:def:crs:EPSG::25832,Feature,baustellen_vorschau.102248527,geom,Polygon,"[[[454935.67223755, 5426740.0632293], [454928.47763756, 5426700.48282933], [455033.73413747, 5426666.30102935], [455108.40333741, 5426627.61932937], [455242.44783729, 5426553.85132941], [455367.48453719, 5426495.38512945], [455525.80963706, 5426445.91122948], [455536.60543705, 5426485.49152945], [455383.67683718, 5426532.26612943], [455259.53933728, 5426592.53012939], [455126.39353739, 5426665.39922935], [455044.52693746, 5426706.77992933], [454935.67223755, 5426740.0632293]]]",,,102248527,Karlsruhe,2025-11-22T23:00:00Z,2025-11-28T22:59:59Z,Tunnelwartung,K 9675 zw. AS3 und AS4 (Edeltrudtunnel),,Tiefbauamt,Ausführung jeweils zw. 22.00 und 5.00 Uhr,mit Vollsperrung,44411,2024V5696,Stadt Karlsruhe,2025-09-24T22:00:00Z
FeatureCollection,270,270,270,2025-10-06T14:15:33.080Z,name,urn:ogc:def:crs:EPSG::25832,Feature,baustellen_vorschau.102248550,geom,Polygon,"[[[457218.46492266, 5428222.25296242], [457060.61739279, 5428275.7821344], [456907.26244192, 5428304.41217138], [456537.33968523, 5428248.56942541], [456192.64537651, 5428249.98675441], [455788.99019985, 5428253.10487741], [455491.3512001, 5428253.95527441], [455491.0677341, 5428234.11267442], [455744.57630289, 5428235.63829142], [455989.93344568, 5428234.56686242], [456337.43344539, 5428231.70971942], [456539.21915922, 5428231.70971942], [456818.50487299, 5428271.7097194], [456910.29058692, 5428285.63829139], [457054.57630179, 5428257.06686241], [457212.79058666, 5428204.20971944], [457218.46492266, 5428222.25296242]]]",,,102248550,Karlsruhe,2025-10-11T22:00:00Z,2025-10-17T21:59:59Z,Tunnelwartung,Kriegsstraße zw. Hirschstraße und Henriette-Obermüller-Straße (Karoline-Luise-Tunnel),,Tiefbauamt,Nachtarbeiten im Tunnel zw. 20.00 und 6.00 Uhr,mit Sperrung in eine Fahrtrichtung,44408,2024V5702,Stadt Karlsruhe,2025-09-24T22:00:00Z
FeatureCollection,270,270,270,2025-10-06T14:15:33.080Z,name,urn:ogc:def:crs:EPSG::25832,Feature,baustellen_vorschau.102248566,geom,Polygon,"[[[461207.40493233, 5427727.78182871], [461203.08270733, 5427724.45004271], [461201.93985033, 5427714.87861471], [461208.22556433, 5427717.30718571], [461209.08270733, 5427712.73575771], [461217.93985032, 5427713.45004271], [461217.79699332, 5427720.02147171], [461222.36842132, 5427720.16432871], [461222.51127832, 5427728.16432871], [461213.24409633, 5427726.68649671], [461222.76048232, 5427777.41787268], [461216.92131832, 5427778.51320467], [461207.40493233, 5427727.78182871]]]",,,102248566,Karlsruhe,2026-03-01T23:00:00Z,2026-05-29T21:59:59Z,Kanalbau,Lederstraße zw.Pfinzstraße u. Seboldstraße,,Tiefbauamt,"Abwicklung in mehreren Bauabschnitten, Aufteilung nicht vorgenommen",mit Vollsperrung,41041,2024V5704,Stadt Karlsruhe,2025-08-31T22:00:00Z
FeatureCollection,270,270,270,2025-10-06T14:15:33.080Z,name,urn:ogc:def:crs:EPSG::25832,Feature,baustellen_vorschau.102249366,geom,Polygon,"[[[452919.52904425, 5430019.96149238], [452910.67190126, 5429984.8186354], [452878.10047329, 5429993.67577839], [452882.10047329, 5429998.53292139], [452883.24333028, 5430004.81863538], [452898.95761627, 5430063.10435035], [452898.38618727, 5430069.39006435], [452894.38618728, 5430075.39006435], [452899.24333027, 5430090.81863534], [452902.95761627, 5430091.96149233], [452907.24333026, 5430095.96149233], [452910.10047326, 5430107.96149232], [452928.38618725, 5430174.53292129], [452958.95761622, 5430292.24720721], [453003.24333019, 5430280.53292122], [453002.95761619, 5430281.39006422], [453004.10047319, 5430284.81863522], [452957.24333022, 5430297.10435021], [452906.10047327, 5430097.10435033], [452902.10047327, 5430094.24720733], [452896.95761627, 5430093.10435034], [452891.24333028, 5430072.53292135], [452895.24333027, 5430069.67577835], [452895.24333027, 5430063.67577835], [452878.10047329, 5429997.67577839], [452861.2433303, 5429980.5329214], [452862.9576163, 5429979.6757784], [452874.38618729, 5429991.67577839], [452909.81475926, 5429981.1043504], [452909.52904426, 5429978.5329214], [452910.95761626, 5429978.2472074], [452921.52904425, 5430018.81863538], [452919.52904425, 5430019.96149238]]]",,,102249366,Karlsruhe,2026-01-18T23:00:00Z,2026-02-28T22:59:59Z,Strom bzw. TK-Versorgung,B36/ Neureuter Straße zw. Borsigstraße und Sienemsallee,,Stadtwerke Karlsruhe,"vs 5 Wochen, Aufteilung nicht vorgenommen",mit Verkehrsbehinderung,40464,2024V5817,Stadt Karlsruhe,2025-09-22T22:00:00Z
FeatureCollection,270,270,270,2025-10-06T14:15:33.080Z,name,urn:ogc:def:crs:EPSG::25832,Feature,baustellen_vorschau.102249382,geom,Polygon,"[[[452690.45443945, 5430272.70882723], [452696.12373944, 5430265.67892723], [452724.01663942, 5430238.69312725], [452720.61503942, 5430233.93092725], [452709.04973943, 5430245.26942724], [452709.50323943, 5430242.09462725], [452747.3740394, 5430204.90412727], [452756.21813939, 5430191.07112728], [452754.85753939, 5430185.17502728], [452764.60873938, 5430177.69162729], [452749.4150394, 5430162.04432729], [452751.90953939, 5430160.23022729], [452768.46383938, 5430175.19712729], [452769.14413938, 5430178.37192728], [452758.48583939, 5430187.21602728], [452759.39293939, 5430193.79232728], [452755.99143939, 5430199.91522727], [452743.2922394, 5430213.06792726], [452723.33633942, 5430232.57022725], [452726.28433942, 5430236.65212725], [452728.32523941, 5430238.69312725], [452694.30953944, 5430270.89462723], [452694.76313944, 5430280.19222722], [452701.33943944, 5430288.12922722], [452757.57883939, 5430359.10872718], [452762.34103939, 5430361.60322718], [452767.78353938, 5430360.46932718], [452789.55353936, 5430341.64732719], [452794.76933936, 5430347.99692718], [452874.59283929, 5430281.55292722], [452879.35503929, 5430279.51192723], [452882.52983929, 5430276.79072723], [452845.33933932, 5430138.68692731], [452848.06063931, 5430130.52312731], [452849.65743931, 5430128.79322731], [452849.28823931, 5430129.00092731], [452840.64533932, 5430119.85802732], [452815.28823934, 5430147.9295273], [452824.57393933, 5430158.4295273], [452823.64533933, 5430158.7152273], [452814.57393934, 5430148.6438273], [452786.07393937, 5430173.42952729], [452791.00253936, 5430179.64382728], [452780.07393937, 5430189.35802728], [452759.07393939, 5430207.28662727], [452727.85963942, 5430237.14382725], [452727.07393942, 5430236.21522725], [452758.29233939, 5430206.20552727], [452789.70023936, 5430179.55992728], [452785.05143937, 5430174.34412729], [452783.46403937, 5430175.93152729], [452777.45453937, 5430178.08582728], [452773.14593938, 5430178.31262728], [452769.51753938, 5430178.08582728], [452769.85773938, 5430176.95202729], [452777.79473937, 5430176.38512728], [452782.21673937, 5430175.13782729], [452784.82463937, 5430172.30322729], [452787.65923937, 5430170.60242729], [452794.57583936, 5430164.70632729], [452814.19153934, 5430147.4717273], [452824.73643933, 5430136.35992731], [452841.63083932, 5430116.74422732], [452854.33003931, 5430104.49852733], [452889.13953928, 5430075.58522734], [452890.61353928, 5430076.60562735], [452841.35963932, 5430119.14382732], [452850.23913931, 5430128.16312731], [452853.50313931, 5430124.62702732], [452872.09833929, 5430109.20662732], [452892.73453928, 5430092.42552733], [452895.90933927, 5430091.06492734], [452890.46683928, 5430074.96412735], [452894.09523928, 5430072.69642735], [452899.99123927, 5430092.19872733], [452893.41483928, 5430094.69322734], [452851.91573931, 5430130.29632731], [452847.83383931, 5430135.05852731], [452851.23543931, 5430149.7987273], [452858.94563931, 5430180.63962728], [452864.3881393, 5430200.82222727], [452882.30303929, 5430267.03952723], [452885.02433928, 5430276.79072723], [452924.48253925, 5430322.5985272], [452919.72033926, 5430326.68042719], [452921.30773925, 5430322.8253272], [452884.79753928, 5430279.28522723], [452879.35503929, 5430282.68672722], [452874.59283929, 5430284.50092722], [452832.64013933, 5430319.4237272], [452793.18193936, 5430351.17172718], [452788.87323937, 5430345.95602718], [452766.42283938, 5430363.41742718], [452761.66063939, 5430364.32442717], [452758.48583939, 5430363.41742718], [452754.17723939, 5430361.37642718], [452690.90803945, 5430279.28522723], [452690.45443945, 5430272.70882723]]]",,,102249382,Karlsruhe,2026-01-18T23:00:00Z,2026-06-16T21:59:59Z,Strom bzw. TK-Versorgung,Gablonzerstraße zw. B36 und Schoemperlenstraße,,Stadtwerke Karlsruhe,"Arbeitsstelle im Geh-, und Radwegbereich, Abwicklung in mehreren Bauabschnitten",mit Verkehrsbehinderung,40464,2024V5818,Stadt Karlsruhe,2025-09-22T22:00:00Z
FeatureCollection,270,270,270,2025-10-06T14:15:33.080Z,name,urn:ogc:def:crs:EPSG::25832,Feature,baustellen_vorschau.102249547,geom,Polygon,"[[[455121.8081954, 5428064.90675052], [455137.45542439, 5428063.77289352], [455140.17668139, 5428088.15082151], [455142.33101039, 5428100.2830935], [455130.8790534, 5428108.7870215], [455126.7971674, 5428104.2515935], [455122.9420534, 5428098.5823075], [455122.6018954, 5428089.05790751], [455122.6018954, 5428083.16185051], [455121.8081954, 5428064.90675052]]]",,,102249547,Karlsruhe,2026-07-29T22:00:00Z,2026-09-18T21:59:59Z,Gleisbau,Brauerstraße zw. Putlitzstraße und Gartenstraße,,Verkehrsbetriebe Karlsruhe,,mit Verkehrsbehinderung,46471,2024V5787,Stadt Karlsruhe,2024-11-04T23:00:00Z
FeatureCollection,270,270,270,2025-10-06T14:15:33.080Z,name,urn:ogc:def:crs:EPSG::25832,Feature,baustellen_vorschau.102249553,geom,Polygon,"[[[455083.93736744, 5428119.44527849], [455083.48382444, 5428108.9004075], [455093.57515343, 5428108.1067075], [455111.26332441, 5428106.6326935], [455118.63339541, 5428102.6641935], [455122.9420534, 5428098.5823075], [455130.3121244, 5428109.2405645], [455136.54833839, 5428118.31142149], [455108.76883842, 5428117.85787849], [455083.93736744, 5428119.44527849]]]",,,102249553,Karlsruhe,2026-09-28T22:00:00Z,2026-11-29T22:59:59Z,Gleisbau,Gartenstraße Einmündung Brauerstraße Westseite,,Verkehrsbetriebe Karlsruhe,,mit Verkehrsbehinderung,46471,2024V5788,Stadt Karlsruhe,2024-11-04T23:00:00Z
FeatureCollection,270,270,270,2025-10-06T14:15:33.080Z,name,urn:ogc:def:crs:EPSG::25832,Feature,baustellen_vorschau.102249556,geom,Polygon,"[[[455135.16273539, 5428118.36586549], [455129.7321914, 5428109.5641175], [455128.5993074, 5428107.7273175], [455142.17073539, 5428098.51303151], [455143.67073539, 5428102.3701745], [455146.74216438, 5428105.6558885], [455149.59930738, 5428107.7987465], [455157.02787838, 5428111.2987465], [455167.16071037, 5428114.1502555], [455180.83984136, 5428115.0501985], [455196.65900834, 5428116.27047949], [455204.32835034, 5428113.79027849], [455220.69820532, 5428100.6712875], [455226.28695032, 5428103.1205995], [455235.84617431, 5428094.84112451], [455243.0457103, 5428088.74133351], [455247.8855843, 5428094.35151351], [455243.2058813, 5428098.31126151], [455224.21547432, 5428114.2418595], [455218.00748132, 5428117.66003349], [455209.43820333, 5428121.17338149], [455199.06547234, 5428123.51323349], [455180.65538136, 5428123.64055049], [455151.96879438, 5428120.69252149], [455135.16273539, 5428118.36586549]]]",,,102249556,Karlsruhe,2026-03-01T23:00:00Z,2026-05-17T21:59:59Z,Gleisbau,Gartenstraße Einmündung Brauerstraße Ostseite bis Jollystraße,,Verkehrsbetriebe Karlsruhe,,mit Verkehrsbehinderung,46471,2024V5789,Stadt Karlsruhe,2024-10-08T22:00:00Z
FeatureCollection,270,270,270,2025-10-06T14:15:33.080Z,name,urn:ogc:def:crs:EPSG::25832,Feature,baustellen_vorschau.102250933,geom,Polygon,"[[[454609.99359883, 5428227.14125743], [454606.85074183, 5428221.06982843], [454658.20788479, 5428198.06982845], [454696.35074176, 5428180.85554246], [454728.70788473, 5428166.21268547], [454754.27931371, 5428154.78411447], [454775.20788469, 5428145.56982848], [454784.70788469, 5428141.21268548], [454795.70788468, 5428137.56982848], [454801.56502767, 5428136.14125748], [454808.35074167, 5428134.85554248], [454815.63645666, 5428133.92697149], [454829.20788465, 5428132.92697149], [454868.49359862, 5428129.85554249], [454868.42217062, 5428138.71268548], [454833.70788464, 5428141.99839948], [454803.49359867, 5428144.42697148], [454791.49359868, 5428147.14125748], [454780.56502769, 5428150.35554247], [454764.2078847, 5428156.64125747], [454717.49359874, 5428178.56982846], [454680.42217077, 5428195.28411445], [454609.99359883, 5428227.14125743]]]",,,102250933,Karlsruhe,2026-09-27T22:00:00Z,2026-11-28T22:59:59Z,Gleisbau,Gartenstraße zwischen Kriegsstraße und Lorenzstraße,,Verkehrsbetriebe Karlsruhe,,mit Vollsperrung,46472,2024V5995,Stadt Karlsruhe,2024-11-04T23:00:00Z
FeatureCollection,270,270,270,2025-10-06T14:15:33.080Z,name,urn:ogc:def:crs:EPSG::25832,Feature,baustellen_vorschau.102250934,geom,Polygon,"[[[454544.42217089, 5428257.85554241], [454538.85074189, 5428244.99839942], [454573.99359886, 5428228.14125743], [454579.27931386, 5428240.99839942], [454544.42217089, 5428257.85554241]]]",,,102250934,Karlsruhe,2026-09-27T22:00:00Z,2026-11-28T22:59:59Z,Gleisbau,Gartenstraße zwischen Kriegsstraße und Lorenzstraße,,Verkehrsbetriebe Karlsruhe,,mit Vollsperrung,46472,2024V5995,Stadt Karlsruhe,2024-11-04T23:00:00Z
FeatureCollection,270,270,270,2025-10-06T14:15:33.080Z,name,urn:ogc:def:crs:EPSG::25832,Feature,baustellen_vorschau.102253903,geom,Polygon,"[[[455186.33083735, 5428229.79912843], [455189.27709435, 5428226.42317443], [455333.49883723, 5428223.43912843], [455333.34657623, 5428219.59187843], [455341.02444522, 5428219.57621543], [455343.06113722, 5428225.98152843], [455405.68613717, 5428224.93842843], [455405.74412417, 5428239.17398242], [455350.14505021, 5428239.87342742], [455186.47541935, 5428241.89621642], [455186.33083735, 5428229.79912843]]]",,,102253903,Karlsruhe,2025-12-31T23:00:00Z,2026-06-30T21:59:59Z,Straßenbau,B 10 Kriegsstraße zw. Brauerstraße u. Hirschstraße,,Tiefbauamt,1-streifige Verkehrsführung in beide Fahrtrichtungen mit Überleitung auf die Gegenfahrbahn,mit Verkehrsbehinderung,48994,2024V6324,Stadt Karlsruhe,2025-05-11T22:00:00Z
FeatureCollection,270,270,270,2025-10-06T14:15:33.080Z,name,urn:ogc:def:crs:EPSG::25832,Feature,baustellen_vorschau.102253961,geom,Polygon,"[[[455340.14693722, 5428206.94312844], [455340.94826622, 5428221.17853243], [455333.20875723, 5428221.62850443], [455332.15793723, 5428207.46862844], [455340.14693722, 5428206.94312844]]]",,,102253961,Karlsruhe,2025-12-31T23:00:00Z,2026-06-30T21:59:59Z,Straßenbau,Leopoldstraße zw. Gartenstraße u. B 10 Kriegsstraße,,Tiefbauamt,Sperrung im Einmündungsbereich zur Kriegsstraße,mit Vollsperrung,48994,2024V6325,Stadt Karlsruhe,2024-11-04T23:00:00Z
FeatureCollection,270,270,270,2025-10-06T14:15:33.080Z,name,urn:ogc:def:crs:EPSG::25832,Feature,baustellen_vorschau.102257494,geom,Polygon,"[[[450917.79282891, 5428067.62503854], [450932.8714459, 5428078.31305353], [450981.02295786, 5428112.44377851], [450998.58084084, 5428125.7475285], [451152.01094071, 5428229.68272844], [451165.0815127, 5428238.60522943], [451178.07700769, 5428246.43741843], [451169.8121407, 5428254.09082843], [451159.71604071, 5428245.45742843], [451039.04624081, 5428162.70482848], [450979.94704886, 5428122.0381875], [450941.76219389, 5428095.88688852], [450918.66251791, 5428081.24862853], [450905.09221692, 5428070.97814653], [450910.96126091, 5428063.04292254], [450917.79282891, 5428067.62503854]]]",,,102257494,Karlsruhe,2026-01-11T23:00:00Z,2026-11-30T22:59:59Z,Haltestellenumbau mit Straßenumgestaltung,Kastenwörtstraße zw. Hammweg u. Pfalzstraße,,Verkehrsbetriebe Karlsruhe,,mit Vollsperrung,31400,2024V6803,Stadt Karlsruhe,2025-02-05T23:00:00Z
FeatureCollection,270,270,270,2025-10-06T14:15:33.080Z,name,urn:ogc:def:crs:EPSG::25832,Feature,baustellen_vorschau.102257656,geom,Polygon,"[[[458459.85960764, 5431546.43104746], [458431.50193467, 5431509.41342648], [458440.12023466, 5431515.75902648], [458442.48823466, 5431513.94752647], [458454.74353465, 5431529.91432647], [458452.62349465, 5431532.43087746], [458459.85960764, 5431546.43104746]]]",,,102257656,Karlsruhe,2025-10-12T22:00:00Z,2025-11-08T22:59:59Z,Straßenbau,Theodor-Heuss-Allee zw. Schneidemühler Straße u. Insterburger Straße,,Tiefbauamt,,mit Verkehrsbehinderung,31676,2024V6833,Stadt Karlsruhe,2025-06-30T22:00:00Z
FeatureCollection,270,270,270,2025-10-06T14:15:33.080Z,name,urn:ogc:def:crs:EPSG::25832,Feature,baustellen_vorschau.102257664,geom,Polygon,"[[[458398.7522047, 5431476.4403965], [458421.44373468, 5431509.84492648], [458413.32113468, 5431503.70522648], [458409.83841169, 5431504.00459348], [458399.62123469, 5431487.22752649], [458401.26083469, 5431486.05482649], [458398.7522047, 5431476.4403965]]]",,,102257664,Karlsruhe,2025-11-08T23:00:00Z,2025-12-15T22:59:59Z,Straßenbau,Theodor-Heuss-Allee zw.Insterburger Straße u.  Schneidemühler Straße,,Tiefbauamt,Arbeitsstelle im Seitenraum (Bushaltestelle),keine Verkehrsbehinderung,31676,2024V6836,Stadt Karlsruhe,2025-06-30T22:00:00Z
FeatureCollection,270,270,270,2025-10-06T14:15:33.080Z,name,urn:ogc:def:crs:EPSG::25832,Feature,baustellen_vorschau.102259413,geom,Polygon,"[[[455477.2392161, 5427118.39657708], [455480.1030801, 5427116.47647008], [455488.77104609, 5427129.63093207], [455506.60071308, 5427157.93413006], [455526.35693706, 5427188.67102904], [455546.52432504, 5427220.64549302], [455560.58438003, 5427242.07667501], [455571.80050202, 5427259.959247], [455586.07360701, 5427282.02305298], [455589.49063701, 5427279.85262898], [455590.76368601, 5427281.51922498], [455587.37343001, 5427283.93813698], [455611.94602599, 5427321.98816096], [455615.99062499, 5427325.75512696], [455624.12980898, 5427326.16935896], [455631.04651197, 5427325.82919296], [455638.87482497, 5427325.36585796], [455639.04059697, 5427328.83088295], [455615.21328799, 5427330.67660695], [455608.95925399, 5427323.10048796], [455590.00175801, 5427293.39263598], [455565.77233503, 5427256.262173], [455543.73838305, 5427222.50305502], [455537.23553905, 5427212.42996702], [455524.29291306, 5427191.30642004], [455515.73378107, 5427177.88453204], [455503.12479808, 5427158.30462806], [455490.35280609, 5427138.55397007], [455482.2167231, 5427126.26464708], [455477.2392161, 5427118.39657708]]]",,,102259413,Karlsruhe,2025-11-02T23:00:00Z,2026-02-28T22:59:59Z,Fernwärmeversorgung,Gebhardstraße zw. Kolpingplatz und Ebertstraße,,Stadtwerke Karlsruhe,"Abwicklung in mehreren Bauabschnitten, Aufteilung nicht vorgenommen",mit Sperrung in eine Fahrtrichtung,47730,2024V7075,Stadt Karlsruhe,2025-08-19T22:00:00Z
FeatureCollection,270,270,270,2025-10-06T14:15:33.080Z,name,urn:ogc:def:crs:EPSG::25832,Feature,baustellen_vorschau.102262756,geom,Polygon,"[[[455503.44600309, 5428539.94712225], [455503.47763709, 5428539.08217024], [455510.45144108, 5428538.50837425], [455510.52189308, 5428539.36554224], [455503.44600309, 5428539.94712225]]]",,,102262756,Karlsruhe,2026-03-01T23:00:00Z,2026-04-01T21:59:59Z,Fernwärmeversorgung,Hirschstraße zw. Amalienstraße u. Sophienstraße,,Stadtwerke Karlsruhe,,mit Verkehrsbehinderung,49081,2024V7465,Stadt Karlsruhe,2025-09-09T22:00:00Z
FeatureCollection,270,270,270,2025-10-06T14:15:33.080Z,name,urn:ogc:def:crs:EPSG::25832,Feature,baustellen_vorschau.102266846,geom,Polygon,"[[[451670.7255623, 5430923.05282785], [451641.13189033, 5430941.76147084], [451625.82481934, 5430952.41972783], [451609.04373335, 5430967.27325682], [451597.02484836, 5430979.51891381], [451588.74769037, 5430990.40394281], [451580.35714838, 5430986.77559981], [451589.99493337, 5430974.18978582], [451602.92090536, 5430961.03704283], [451608.81696235, 5430956.16145683], [451624.80434834, 5430942.66855683], [451636.93661933, 5430935.07171384], [451665.39643331, 5430916.36307085], [451670.7255623, 5430923.05282785]]]",,,102266846,Karlsruhe,2025-10-10T22:00:00Z,2025-12-11T22:59:59Z,Straßenbau,Litzelaustraße zw. Elsässer Straße und Untere Straße,,Tiefbauamt,,mit Vollsperrung,41859,2025V0355,Stadt Karlsruhe,2025-09-14T22:00:00Z
FeatureCollection,270,270,270,2025-10-06T14:15:33.080Z,name,urn:ogc:def:crs:EPSG::25832,Feature,baustellen_vorschau.102266847,geom,Polygon,"[[[451576.38864838, 5430994.5992138], [451580.01699038, 5430989.72362781], [451582.17131938, 5430991.19764281], [451578.54297638, 5430996.0732278], [451576.38864838, 5430994.5992138]]]",,,102266847,Karlsruhe,2025-10-10T22:00:00Z,2025-12-11T22:59:59Z,Straßenbau,Litzelaustraße zw. Elsässer Straße und Untere Straße,,Tiefbauamt,,mit Vollsperrung,41859,2025V0355,Stadt Karlsruhe,2025-09-14T22:00:00Z
FeatureCollection,270,270,270,2025-10-06T14:15:33.080Z,name,urn:ogc:def:crs:EPSG::25832,Feature,baustellen_vorschau.102266852,geom,Polygon,"[[[451588.09370837, 5430990.60585681], [451570.45482839, 5431012.74445079], [451561.36540539, 5431026.69356578], [451555.6057704, 5431036.86291978], [451549.7561424, 5431046.76229077], [451548.7662054, 5431048.92215377], [451545.97638241, 5431062.24130776], [451543.81651941, 5431073.22061076], [451533.64716542, 5431070.07081076], [451539.40679941, 5431045.14239377], [451542.46660541, 5431039.29276578], [451548.7662054, 5431027.14353678], [451555.3357884, 5431016.07423979], [451563.16529039, 5431005.9048858], [451564.33521639, 5431006.9848168], [451568.29496539, 5431002.2151198], [451581.07415338, 5430986.10614281], [451588.09370837, 5430990.60585681]]]",,,102266852,Karlsruhe,2025-12-11T23:00:00Z,2026-03-09T22:59:59Z,Straßenbau,Litzelaustraße zw. Untere Straße und Elsässer Straße,,Tiefbauamt,,mit Vollsperrung,41859,2025V0356,Stadt Karlsruhe,2025-05-27T22:00:00Z
FeatureCollection,270,270,270,2025-10-06T14:15:33.080Z,name,urn:ogc:def:crs:EPSG::25832,Feature,baustellen_vorschau.102266854,geom,Polygon,"[[[451536.17648842, 5431078.32088276], [451537.43640841, 5431078.77085376], [451536.26648242, 5431084.53048775], [451535.09655742, 5431084.62048275], [451536.17648842, 5431078.32088276]]]",,,102266854,Karlsruhe,2025-12-11T23:00:00Z,2026-03-09T22:59:59Z,Straßenbau,Litzelaustraße zw. Untere Straße und Elsässer Straße,,Tiefbauamt,,mit Vollsperrung,41859,2025V0356,Stadt Karlsruhe,2025-05-27T22:00:00Z
FeatureCollection,270,270,270,2025-10-06T14:15:33.080Z,name,urn:ogc:def:crs:EPSG::25832,Feature,baustellen_vorschau.102266863,geom,Polygon,"[[[451506.43353944, 5431136.86094072], [451513.00312244, 5431133.89112872], [451513.81307143, 5431135.87100272], [451507.33348244, 5431138.39084272], [451506.43353944, 5431136.86094072]]]",,,102266863,Karlsruhe,2026-03-08T23:00:00Z,2026-04-28T21:59:59Z,Straßenbau,Litzelaustraße zw. Untere Straße und Elsässer Straße,,Tiefbauamt,Untere Straße = 1-streifige Verkehrsführung,mit Vollsperrung,41859,2025V0357,Stadt Karlsruhe,2025-05-27T22:00:00Z
FeatureCollection,270,270,270,2025-10-06T14:15:33.080Z,name,urn:ogc:def:crs:EPSG::25832,Feature,baustellen_vorschau.102266864,geom,Polygon,"[[[451515.07299143, 5431132.81119772], [451516.24291643, 5431130.47134572], [451522.54251643, 5431124.71171173], [451525.24234542, 5431120.93195173], [451528.75212242, 5431115.17231773], [451530.01204242, 5431110.40262074], [451535.23171142, 5431093.84367175], [451531.63193942, 5431091.59381475], [451531.90192242, 5431089.88392275], [451535.41169942, 5431072.78500876], [451534.87173442, 5431072.06505476], [451543.42119141, 5431072.87500276], [451542.07127641, 5431081.06448275], [451539.19145941, 5431096.09352874], [451542.61124241, 5431101.22320274], [451535.32170542, 5431107.79278574], [451534.96172842, 5431109.77266074], [451533.88179642, 5431115.53229473], [451533.70180842, 5431117.87214573], [451536.22164842, 5431121.92188873], [451541.62130541, 5431129.12143173], [451543.42119141, 5431131.01131173], [451543.96115641, 5431133.53115172], [451540.18139641, 5431132.72120272], [451532.89185942, 5431132.18123772], [451529.56207142, 5431132.09124272], [451523.71244243, 5431133.26116872], [451516.87287643, 5431135.15104872], [451515.07299143, 5431132.81119772]]]",,,102266864,Karlsruhe,2026-03-08T23:00:00Z,2026-04-28T21:59:59Z,Straßenbau,Litzelaustraße zw. Untere Straße und Elsässer Straße,,Tiefbauamt,Untere Straße = 1-streifige Verkehrsführung,mit Vollsperrung,41859,2025V0357,Stadt Karlsruhe,2025-05-27T22:00:00Z
FeatureCollection,270,270,270,2025-10-06T14:15:33.080Z,name,urn:ogc:def:crs:EPSG::25832,Feature,baustellen_vorschau.102266865,geom,Polygon,"[[[451538.12591941, 5431065.71704276], [451539.12591941, 5431061.00275777], [451540.76877641, 5431061.07418577], [451540.05449041, 5431066.00275776], [451538.12591941, 5431065.71704276]]]",,,102266865,Karlsruhe,2026-03-08T23:00:00Z,2026-04-28T21:59:59Z,Straßenbau,Litzelaustraße zw. Untere Straße und Elsässer Straße,,Tiefbauamt,Untere Straße = 1-streifige Verkehrsführung,mit Vollsperrung,41859,2025V0357,Stadt Karlsruhe,2025-05-27T22:00:00Z
FeatureCollection,270,270,270,2025-10-06T14:15:33.080Z,name,urn:ogc:def:crs:EPSG::25832,Feature,baustellen_vorschau.102266879,geom,Polygon,"[[[451553.8875404, 5431140.12412572], [451544.52813441, 5431136.52435372], [451527.87919142, 5431136.34436572], [451518.96975743, 5431138.59422272], [451516.44991743, 5431139.94413672], [451512.22018644, 5431133.19456572], [451515.63996943, 5431131.21469072], [451525.08936943, 5431121.58530273], [451528.77913442, 5431116.99559373], [451533.45883742, 5431117.35557073], [451533.27884942, 5431117.98553073], [451542.54826041, 5431130.85471373], [451555.5974314, 5431133.19456572], [451553.8875404, 5431140.12412572]]]",,,102266879,Karlsruhe,2026-04-28T22:00:00Z,2026-05-29T21:59:59Z,Straßenbau,Untere Straße zw. Saarlandstraße und Litzelaustraße,,Tiefbauamt,Litzelaustraße = Sackgasse bis Baufeld,mit Vollsperrung,41859,2025V0358,Stadt Karlsruhe,2025-05-27T22:00:00Z
FeatureCollection,270,270,270,2025-10-06T14:15:33.080Z,name,urn:ogc:def:crs:EPSG::25832,Feature,baustellen_vorschau.102269121,geom,Polygon,"[[[460727.26407673, 5427922.70852559], [460732.90411673, 5427920.73524559], [460820.39842365, 5427974.80170856], [460817.80123266, 5427978.61982856], [460789.57448668, 5427960.53717957], [460727.26407673, 5427922.70852559]]]",,,102269121,Karlsruhe,2026-02-01T23:00:00Z,2026-08-26T21:59:59Z,Bauliche Sondernutzung,K9659 Kreisstraße P&R Platz Höhe Bahnhof Durlach,,Deutsche Bahn AG,Entfall ca. der Hälfte der Abstellplätze,keine Verkehrsbehinderung,49853,2025V0641,Stadt Karlsruhe,2025-02-04T23:00:00Z
FeatureCollection,270,270,270,2025-10-06T14:15:33.080Z,name,urn:ogc:def:crs:EPSG::25832,Feature,baustellen_vorschau.102269124,geom,Polygon,"[[[460702.56458875, 5427907.9664696], [460709.31773275, 5427906.6285286], [460820.39842365, 5427974.80170856], [460836.87468964, 5427986.22191055], [460854.51877663, 5427999.51862555], [460872.24711961, 5428014.26725354], [460863.33035962, 5428011.46626754], [460841.59204164, 5427995.55721755], [460817.80123266, 5427978.61982856], [460789.57448668, 5427960.53717957], [460725.33658473, 5427921.53834559], [460702.56458875, 5427907.9664696]]]",,,102269124,Karlsruhe,2026-08-26T22:00:00Z,2026-09-13T21:59:59Z,Bauliche Sondernutzung,K9659 Kreisstraße P&R Platz Höhe Bahnhof Durlach,,Deutsche Bahn AG,P&R Anlage gesperrt,keine Verkehrsbehinderung,49853,2025V0642,Stadt Karlsruhe,2025-02-04T23:00:00Z
FeatureCollection,270,270,270,2025-10-06T14:15:33.080Z,name,urn:ogc:def:crs:EPSG::25832,Feature,baustellen_vorschau.102269129,geom,Polygon,"[[[460725.33658473, 5427921.53834559], [460729.64547873, 5427918.78593959], [460820.39842365, 5427974.80170856], [460817.80123266, 5427978.61982856], [460789.57448668, 5427960.53717957], [460725.33658473, 5427921.53834559]]]",,,102269129,Karlsruhe,2026-09-13T22:00:00Z,2026-11-27T22:59:59Z,Bauliche Sondernutzung,K9659 Kreisstraße P&R Platz Höhe Bahnhof Durlach,,Deutsche Bahn AG,Entfall ca. der Hälfte der Abstellplätze,keine Verkehrsbehinderung,49853,2025V0643,Stadt Karlsruhe,2025-02-04T23:00:00Z
FeatureCollection,270,270,270,2025-10-06T14:15:33.080Z,name,urn:ogc:def:crs:EPSG::25832,Feature,baustellen_vorschau.102269977,geom,Polygon,"[[[458355.51513473, 5430826.80772688], [458371.93563071, 5430843.82252187], [458387.5684347, 5430862.09872686], [458385.4666117, 5430863.59943086], [458380.95813471, 5430857.49482686], [458372.09534571, 5430851.79162787], [458358.65243472, 5430837.34422688], [458359.12185972, 5430836.85833988], [458360.15233472, 5430835.79172688], [458355.51513473, 5430826.80772688]]]",,,102269977,Karlsruhe,2025-11-08T23:00:00Z,2025-12-15T22:59:59Z,Straßenbau,Theodor-Heuss-Allee Höhe Elbinger Straße und Höhe Schneidemühler Straße,,Tiefbauamt,Arbeitsstellen wechselweise im Seitenbereich (Bushaltestelle),mit Verkehrsbehinderung,31677,2024V6849,Stadt Karlsruhe,2025-06-30T22:00:00Z
FeatureCollection,270,270,270,2025-10-06T14:15:33.080Z,name,urn:ogc:def:crs:EPSG::25832,Feature,baustellen_vorschau.102272739,geom,Polygon,"[[[460354.60236303, 5426433.47867447], [460351.34003304, 5426425.50462947], [460374.50003302, 5426413.49462948], [460396.958995, 5426401.47029549], [460415.16812398, 5426391.82789849], [460443.78003296, 5426376.8346295], [460471.19311594, 5426362.47028651], [460472.04003293, 5426359.68462951], [460471.32790594, 5426358.17581651], [460482.07386693, 5426352.79848352], [460482.64003293, 5426353.99462952], [460485.47003292, 5426354.93462951], [460489.66830992, 5426364.01702651], [460488.76003292, 5426364.49462951], [460487.81003292, 5426367.33462951], [460488.11495492, 5426367.97907251], [460479.19100593, 5426372.5101515], [460478.98003293, 5426372.0646295], [460476.15003293, 5426371.12462951], [460453.43993295, 5426382.8288295], [460455.13603295, 5426385.88372949], [460442.43803296, 5426391.93592949], [460441.18064496, 5426389.55031649], [460421.27003298, 5426400.04462949], [460416.76003298, 5426402.42462949], [460416.43003298, 5426403.44462949], [460398.310033, 5426409.93462948], [460381.53003301, 5426417.39462948], [460367.09483302, 5426424.52142948], [460367.69003302, 5426425.97462947], [460354.60236303, 5426433.47867447]]]",,,102272739,Karlsruhe,2025-10-12T22:00:00Z,2026-04-17T21:59:59Z,Straßenbau,Ostmarkstraße zwischen Westmarkstraße und Kärntner Straße,,Tiefbauamt,Abwicklung in mehreren Bauabschnitten,mit Vollsperrung,49760,2025V0912,Stadt Karlsruhe,2025-09-24T22:00:00Z
FeatureCollection,270,270,270,2025-10-06T14:15:33.080Z,name,urn:ogc:def:crs:EPSG::25832,Feature,baustellen_vorschau.102278770,geom,Polygon,"[[[452405.57515566, 5427627.79731279], [452435.94822764, 5427612.0483128], [452438.66913764, 5427615.6870558], [452428.64271065, 5427621.11088979], [452437.71293964, 5427637.14902879], [452432.12347064, 5427638.59662678], [452424.01786765, 5427623.61271679], [452410.05355566, 5427631.16676379], [452412.32472766, 5427632.97198379], [452405.57515566, 5427627.79731279]]]",,,102278770,Karlsruhe,2026-01-18T23:00:00Z,2026-04-17T21:59:59Z,Gas bzw. Wasserversorgung,RheinhafenstraßeKreuzungsbereich Pulverhausstraße/ Durmersheimer Straße,,Stadtwerke Karlsruhe,,mit Vollsperrung,50885,2025V1504,Stadt Karlsruhe,2025-09-24T22:00:00Z
FeatureCollection,270,270,270,2025-10-06T14:15:33.080Z,name,urn:ogc:def:crs:EPSG::25832,Feature,baustellen_vorschau.102284813,geom,Polygon,"[[[464263.53081075, 5422255.5621139], [464263.41742475, 5422253.2943989], [464262.73711075, 5422251.3668419], [464260.92293875, 5422249.5526709], [464259.33553876, 5422248.53219891], [464256.38751076, 5422248.3054269], [464252.98593876, 5422248.1920419], [464250.83161076, 5422242.63614191], [464262.73711075, 5422242.52275591], [464264.32451075, 5422242.06921391], [464265.68513875, 5422240.93535591], [464265.68513875, 5422225.85505592], [464272.26151074, 5422225.74167092], [464272.14812475, 5422233.45189891], [464274.52922474, 5422235.26607091], [464277.70402474, 5422233.11174191], [464283.71346774, 5422245.24401391], [464270.67411075, 5422246.03771391], [464269.20009575, 5422247.5117279], [464268.85993875, 5422255.5621139], [464263.53081075, 5422255.5621139]]]",,,102284813,Karlsruhe,2026-02-16T23:00:00Z,2026-03-27T22:59:59Z,Gas bzw. Wasserversorgung,Weiklestraße zwischen Zum Bergle/ Eichenwaldstraße/Neubergstraße und Wiesentalstraße,,Stadtwerke Karlsruhe,Vollsperrung im Kreuzungsbereich,mit Vollsperrung,44556,2025V2184,Stadt Karlsruhe,2025-05-12T22:00:00Z
FeatureCollection,270,270,270,2025-10-06T14:15:33.080Z,name,urn:ogc:def:crs:EPSG::25832,Feature,baustellen_vorschau.102286470,geom,Polygon,"[[[454010.74223833, 5428046.68712854], [454011.35903833, 5428046.50872854], [454014.98724333, 5428063.14203053], [454017.49996332, 5428074.31661352], [454025.97878632, 5428072.36322252], [454029.97127031, 5428092.97220751], [454031.78088931, 5428101.78496551], [454033.38850631, 5428111.8376135], [454034.38196631, 5428118.8871515], [454035.90753231, 5428130.97779349], [454037.98337331, 5428147.55881348], [454039.59857131, 5428166.48290147], [454040.31214031, 5428181.46030246], [454040.63254131, 5428205.06992744], [454040.98809331, 5428224.05949243], [454040.17009031, 5428224.19703943], [454039.51508231, 5428186.37871246], [454039.29896831, 5428170.38615746], [454037.61552431, 5428150.21617548], [454034.81606631, 5428128.17361249], [454032.15828231, 5428106.9721975], [454028.75396632, 5428089.49701351], [454025.43325632, 5428072.83097752], [454016.87971933, 5428075.01913052], [454010.74223833, 5428046.68712854]]]",,,102286470,Karlsruhe,2026-03-01T23:00:00Z,2026-10-31T22:59:59Z,Fernwärmeversorgung,Weltzienstraße zw. Kriegsstraße u. Wilhelm-baur-Straße,,Stadtwerke Karlsruhe,"Abwicklung in mehreren Bauabschnitten, Aufteilung nicht vorgenommen",mit Verkehrsbehinderung,46077,2025V2416,Stadt Karlsruhe,2025-08-31T22:00:00Z
FeatureCollection,270,270,270,2025-10-06T14:15:33.080Z,name,urn:ogc:def:crs:EPSG::25832,Feature,baustellen_vorschau.102301422,geom,Polygon,"[[[462957.80657588, 5429262.2714328], [462981.04643086, 5429288.57242778], [462989.05923085, 5429296.48822778], [462993.81043085, 5429299.92272777], [462996.63683085, 5429300.85362777], [463001.50943084, 5429300.83172777], [463003.76063084, 5429299.72142777], [463006.75852184, 5429296.17437977], [463011.13418184, 5429256.5789008], [463018.28413083, 5429256.4397278], [463015.50284283, 5429303.20462777], [463014.72027683, 5429312.51857777], [463016.67903083, 5429319.71532776], [463022.48893083, 5429326.62072776], [463020.72323683, 5429329.93812276], [463009.32182384, 5429321.34888276], [463011.43819084, 5429370.03725773], [463008.43473084, 5429370.43302773], [463005.62663084, 5429347.12222775], [463003.68023084, 5429332.57282775], [463001.00363084, 5429324.62552776], [462993.61753085, 5429316.23452777], [462998.13467085, 5429310.58935177], [462953.94747688, 5429265.32222579], [462957.80657588, 5429262.2714328]]]",,,102301422,Karlsruhe,2026-03-29T22:00:00Z,2026-05-31T21:59:59Z,Gas bzw. Wasserversorgung,B 3 Höhe Bruchwaldstraße,,Stadtwerke Karlsruhe,"1-streifige Verkehrsführung mit Lichtsignal, Dauer vsl. 2 Monate",mit Verkehrsbehinderung,35679,2025V4070,Stadt Karlsruhe,2025-09-02T22:00:00Z
FeatureCollection,270,270,270,2025-10-06T14:15:33.080Z,name,urn:ogc:def:crs:EPSG::25832,Feature,baustellen_vorschau.102302734,geom,Polygon,"[[[452229.14118182, 5429347.77885178], [452255.1927558, 5429346.33145678], [452256.8028328, 5429362.50025977], [452228.75120782, 5429363.65679377], [452229.14118182, 5429347.77885178]]]",,,102302734,Karlsruhe,2025-10-06T22:00:00Z,2025-10-08T21:59:59Z,Straßenunterhaltung,Honsellstraße zw. Kurzheckweg und Wickingerstraße,,Tiefbauamt,"Vsl. 2 Arbeitstage, 1-streifige Verkehrsführung im Baubereich",mit Verkehrsbehinderung,48932,2025V4231,Stadt Karlsruhe,2025-09-11T22:00:00Z
FeatureCollection,270,270,270,2025-10-06T14:15:33.080Z,name,urn:ogc:def:crs:EPSG::25832,Feature,baustellen_vorschau.102303550,geom,Polygon,"[[[455727.00783689, 5426408.9035295], [455726.90013689, 5426407.8739295], [455797.78334283, 5426404.4046165], [455879.39364976, 5426401.7608785], [455879.45473676, 5426416.81952949], [455879.71023676, 5426429.46502948], [455797.48880683, 5426430.72516548], [455729.06083389, 5426434.51948948], [455728.15343689, 5426420.56932949], [455727.00783689, 5426408.9035295]]]",,,102303550,Karlsruhe,2025-10-30T23:00:00Z,2025-10-31T22:59:59Z,Straßenunterhaltung,Südtangente zw. AS 3 und AS 4,Wanderbaustelle,Tiefbauamt,"""kleiner"" Edeltrudtunnel, wechselseitig, beide Fahrtrichtungen betroffen vs. 9:30 Uhr - 11:30 Uhr",mit Verkehrsbehinderung,49247,2025V4349,Stadt Karlsruhe,2025-07-29T22:00:00Z
FeatureCollection,270,270,270,2025-10-06T14:15:33.080Z,name,urn:ogc:def:crs:EPSG::25832,Feature,baustellen_vorschau.102303555,geom,Polygon,"[[[455727.00783689, 5426408.9035295], [455726.90013689, 5426407.8739295], [455797.78334283, 5426404.4046165], [455879.39364976, 5426401.7608785], [455879.45473676, 5426416.81952949], [455879.71023676, 5426429.46502948], [455797.48880683, 5426430.72516548], [455729.06083389, 5426434.51948948], [455728.15343689, 5426420.56932949], [455727.00783689, 5426408.9035295]]]",,,102303555,Karlsruhe,2025-11-27T23:00:00Z,2025-11-28T22:59:59Z,Straßenunterhaltung,Südtangente zw. AS 3 und AS 4,Wanderbaustelle,Tiefbauamt,"""kleiner"" Edeltrudtunnel, wechselseitig, beide Fahrtrichtungen betroffen vs. 9:30 Uhr - 11:30 Uhr",mit Verkehrsbehinderung,49247,2025V4350,Stadt Karlsruhe,2025-07-29T22:00:00Z
FeatureCollection,270,270,270,2025-10-06T14:15:33.080Z,name,urn:ogc:def:crs:EPSG::25832,Feature,baustellen_vorschau.102303560,geom,Polygon,"[[[455727.00783689, 5426408.9035295], [455726.90013689, 5426407.8739295], [455797.78334283, 5426404.4046165], [455879.39364976, 5426401.7608785], [455879.45473676, 5426416.81952949], [455879.71023676, 5426429.46502948], [455797.48880683, 5426430.72516548], [455729.06083389, 5426434.51948948], [455728.15343689, 5426420.56932949], [455727.00783689, 5426408.9035295]]]",,,102303560,Karlsruhe,2025-12-25T23:00:00Z,2025-12-26T22:59:59Z,Straßenunterhaltung,Südtangente zw. AS 3 und AS 4,Wanderbaustelle,Tiefbauamt,"""kleiner"" Edeltrudtunnel, wechselseitig, beide Fahrtrichtungen betroffen vs. 9:30 Uhr - 11:30 Uhr",mit Verkehrsbehinderung,49247,2025V4351,Stadt Karlsruhe,2025-07-29T22:00:00Z
FeatureCollection,270,270,270,2025-10-06T14:15:33.080Z,name,urn:ogc:def:crs:EPSG::25832,Feature,baustellen_vorschau.102303987,geom,Polygon,"[[[455768.74578087, 5428697.58828915], [455770.78677587, 5428732.85213413], [455771.86396687, 5428751.78802612], [455773.11124087, 5428763.18357711], [455777.62493686, 5428832.02852807], [455777.91165486, 5428836.95673807], [455807.22711984, 5428850.70081606], [455804.64628484, 5428855.75976006], [455779.18052086, 5428844.07357207], [455782.03766386, 5428887.07357204], [455772.22801287, 5428887.68579004], [455769.79191287, 5428843.93074106], [455771.89480687, 5428831.93071507], [455765.81047987, 5428763.70171311], [455764.69859087, 5428749.52197112], [455765.67053487, 5428741.40659812], [455766.70633087, 5428727.91686113], [455766.48542987, 5428719.03658614], [455764.67837287, 5428697.94341015], [455768.74578087, 5428697.58828915]]]",,,102303987,Karlsruhe,2025-10-12T22:00:00Z,2025-12-19T22:59:59Z,Strom bzw. TK-Versorgung,Karlstraße zw. Erbprinzenstraße uz. Stephanienstraße,,Stadtwerke Karlsruhe,"Abwicklung in mehreren Bauabschnitten, Aufteilung nicht vorgenommen. Einmündungnen jederzeit halbseitig frei.",mit Verkehrsbehinderung,50832,2025V4410,Stadt Karlsruhe,2025-07-30T22:00:00Z
FeatureCollection,270,270,270,2025-10-06T14:15:33.080Z,name,urn:ogc:def:crs:EPSG::25832,Feature,baustellen_vorschau.102305640,geom,Polygon,"[[[453250.59968997, 5429447.92635371], [453252.32468797, 5429437.35954772], [453256.39790897, 5429416.88433373], [453256.17795897, 5429415.06119873], [453254.89916897, 5429412.98599674], [453238.31045398, 5429403.23374774], [453243.07132598, 5429394.98737874], [453256.96043897, 5429403.01312774], [453260.77924697, 5429395.34425375], [453272.72383395, 5429397.78211075], [453260.91969797, 5429452.68661271], [453250.59968997, 5429447.92635371]]]",,,102305640,Karlsruhe,2025-10-17T22:00:00Z,2026-01-30T22:59:59Z,Straßenbau,Neugrabenstraße zw. Steubenstraße und Hardtstraße,,Tiefbauamt,,mit Vollsperrung,19346,2025V4606,Stadt Karlsruhe,2025-09-08T22:00:00Z
FeatureCollection,270,270,270,2025-10-06T14:15:33.080Z,name,urn:ogc:def:crs:EPSG::25832,Feature,baustellen_vorschau.102305723,geom,Polygon,"[[[453266.16217796, 5429494.71942869], [453264.18230196, 5429498.49919168], [453227.64459099, 5429478.8804207], [453230.88438799, 5429474.9206687], [453238.80389198, 5429479.2403987], [453242.04368898, 5429478.7004317], [453244.74351998, 5429476.1805897], [453246.54340698, 5429467.9011087], [453250.86313597, 5429447.92236072], [453262.56240296, 5429450.62219171], [453254.82288797, 5429486.97991369], [453256.26279797, 5429489.31976669], [453266.16217796, 5429494.71942869]]]",,,102305723,Karlsruhe,2025-10-17T22:00:00Z,2026-01-30T22:59:59Z,Straßenbau,Neugrabenstraße zw. Steubenstraße und Hardtstraße,,Tiefbauamt,,mit Vollsperrung,19346,2025V4607,Stadt Karlsruhe,2025-09-08T22:00:00Z
FeatureCollection,270,270,270,2025-10-06T14:15:33.080Z,name,urn:ogc:def:crs:EPSG::25832,Feature,baustellen_vorschau.102307732,geom,Polygon,"[[[460466.94555695, 5427542.46479382], [460467.84549995, 5427540.93489082], [460469.19541394, 5427539.85495882], [460469.64538594, 5427537.51510782], [460469.91536794, 5427535.89521082], [460469.73537994, 5427534.45530182], [460472.70519094, 5427533.10538782], [460474.77505994, 5427535.35524482], [460484.13446593, 5427548.85438781], [460480.26471094, 5427550.92425581], [460476.21496794, 5427548.58440481], [460471.89524294, 5427548.94438181], [460466.94555695, 5427542.46479382]]]",,,102307732,Karlsruhe,2025-10-06T22:00:00Z,2026-01-16T22:59:59Z,Gas bzw. Wasserversorgung,Raiherwiesenstraße Höhe Bleichstraße,,Stadtwerke Karlsruhe,"1-streifige Verkehrsführung, Aufteilung nicht vorgenommen",mit Verkehrsbehinderung,41073,2025V4854,Stadt Karlsruhe,2025-08-27T22:00:00Z
FeatureCollection,270,270,270,2025-10-06T14:15:33.080Z,name,urn:ogc:def:crs:EPSG::25832,Feature,baustellen_vorschau.102307787,geom,Polygon,"[[[449384.30207822, 5431748.22529336], [449380.90050722, 5431751.40009336], [449334.63913626, 5431755.02843636], [449306.06593628, 5431759.11032236], [449260.25810732, 5431766.82055035], [449249.82662133, 5431773.85046535], [449200.84399337, 5431784.05517935], [449157.0771074, 5431791.31186534], [449077.25356447, 5431807.18586533], [449076.80002147, 5431800.60949334], [449159.3448214, 5431783.60163634], [449246.65182133, 5431766.14023636], [449296.76830729, 5431756.38906536], [449344.39030725, 5431750.49300836], [449384.30207822, 5431748.22529336]]]",,,102307787,Karlsruhe,2025-11-09T23:00:00Z,2025-11-13T22:59:59Z,Bauwerksprüfung,Rheinbrücke zw. AS 11 und Maximiliansau,Stationäre Baustelle,Land  Baden - Württemberg,1-streifige Verkehrsführung in Fahrtrichtung Landau,mit Verkehrsbehinderung,31303,2025V4862,Stadt Karlsruhe,2025-09-30T22:00:00Z
FeatureCollection,270,270,270,2025-10-06T14:15:33.080Z,name,urn:ogc:def:crs:EPSG::25832,Feature,baustellen_vorschau.102307832,geom,Polygon,"[[[456720.35651407, 5427424.6293789], [456719.92794207, 5427414.3436649], [456717.64222807, 5427411.62937891], [456720.21365707, 5427332.77223595], [456727.21365706, 5427332.62937895], [456724.49937106, 5427419.6293789], [456726.07080006, 5427422.7722359], [456727.64222806, 5427424.6293789], [456720.35651407, 5427424.6293789]]]",,,102307832,Karlsruhe,2025-10-12T22:00:00Z,2025-12-19T22:59:59Z,Fernwärmeversorgung,Marienstraße zw. Nebeniusstraße und Winterstraße,,Stadtwerke Karlsruhe,Abwicklung in zwei Bauabschnitten,mit Vollsperrung,43895,2023V5962,Stadt Karlsruhe,2025-09-30T22:00:00Z
FeatureCollection,270,270,270,2025-10-06T14:15:33.080Z,name,urn:ogc:def:crs:EPSG::25832,Feature,baustellen_vorschau.102308258,geom,Polygon,"[[[463158.39816071, 5428455.39152727], [463156.26063071, 5428442.48062828], [463152.67813071, 5428430.96082829], [463149.18753072, 5428418.00822829], [463145.56823072, 5428402.9258283], [463142.20840072, 5428388.64424931], [463143.26177472, 5428379.07610432], [463143.97597272, 5428371.98601232], [463144.87003072, 5428360.34462833], [463146.88558772, 5428361.46807533], [463148.58348072, 5428362.41446033], [463151.66903071, 5428364.11852832], [463156.63825671, 5428366.90409432], [463158.43399771, 5428367.90501932], [463153.22720971, 5428372.31225832], [463150.99097671, 5428379.63350032], [463150.65558471, 5428386.96001131], [463150.36153971, 5428393.38329731], [463150.41593071, 5428399.9102283], [463153.43303071, 5428410.3750283], [463154.82303071, 5428410.4811283], [463162.18123071, 5428439.39652828], [463166.0200307, 5428454.61722827], [463158.39816071, 5428455.39152727]]]",,,102308258,Karlsruhe,2025-10-26T23:00:00Z,2025-11-28T22:59:59Z,Straßenbau,Schultheiß-Kiefer-Straße zw. Friedrichstraße und Rauhausplatz/ Niddaplatz,,Tiefbauamt,,mit Vollsperrung,19218,2025V4935,Stadt Karlsruhe,2025-09-01T22:00:00Z
FeatureCollection,270,270,270,2025-10-06T14:15:33.080Z,name,urn:ogc:def:crs:EPSG::25832,Feature,baustellen_vorschau.102308373,geom,Polygon,"[[[455878.36454179, 5430295.01241021], [455882.65025579, 5430237.29812424], [455876.93596979, 5430226.44098125], [455868.0788268, 5430219.86955325], [455859.5073988, 5430214.15526725], [455840.07882682, 5430200.72669626], [455849.50739881, 5430186.15526727], [455882.93596978, 5430204.72669626], [455888.65025578, 5430200.72669626], [455892.36454178, 5430167.58383928], [455913.50739876, 5430174.44098128], [455914.65025576, 5430206.15526726], [455923.50739875, 5430219.29812425], [455940.07882674, 5430230.72669624], [455956.07882672, 5430242.44098124], [455953.50739873, 5430263.01241022], [455928.36454175, 5430253.58383923], [455914.07882676, 5430254.72669623], [455905.22168377, 5430263.01241022], [455900.65025577, 5430297.5838392], [455878.36454179, 5430295.01241021]]]",,,102308373,Karlsruhe,2025-10-25T22:00:00Z,2025-10-26T22:59:59Z,Strom bzw. TK-Versorgung,Adenauerring/ Willy-Brandt-Allee,,Tiefbauamt,"Signaltechnische Arbeiten im Kreuzungsbereich, vs. 9:00 Uhr - 12:00 Uhr",mit Verkehrsbehinderung,49247,2025V4949,Stadt Karlsruhe,2025-09-01T22:00:00Z
FeatureCollection,270,270,270,2025-10-06T14:15:33.080Z,name,urn:ogc:def:crs:EPSG::25832,Feature,baustellen_vorschau.102308376,geom,Polygon,"[[[460302.85811007, 5425053.09603628], [460323.11335705, 5425078.52319026], [460318.11335705, 5425082.09461926], [460299.14382407, 5425056.95317927], [460302.85811007, 5425053.09603628]]]",,,102308376,Karlsruhe,2025-10-26T23:00:00Z,2025-11-09T22:59:59Z,Bauliche Sondernutzung,Hangstraße zw. Siebenmannstraße und Maiblumenstraße,,Privat,vs 1 Woche,mit Vollsperrung,52549,2025V4951,Stadt Karlsruhe,2025-09-01T22:00:00Z
FeatureCollection,270,270,270,2025-10-06T14:15:33.080Z,name,urn:ogc:def:crs:EPSG::25832,Feature,baustellen_vorschau.102308766,geom,Polygon,"[[[461599.44537598, 5424493.7058426], [461602.86515898, 5424486.14632261], [461613.66447297, 5424457.70812762], [461617.53422797, 5424452.03848762], [461622.93388496, 5424449.15867063], [461625.81370196, 5424443.39903663], [461632.11330196, 5424426.84008764], [461637.78294195, 5424428.01001364], [461630.22342196, 5424450.50858563], [461626.26367296, 5424456.98817362], [461627.52359296, 5424457.97811062], [461616.27430797, 5424488.3961796], [461614.29443297, 5424490.2860596], [461601.96521598, 5424495.3257396], [461599.44537598, 5424493.7058426]]]",,,102308766,Karlsruhe,2026-02-01T23:00:00Z,2026-04-06T21:59:59Z,Haltestellenumbau mit Straßenumgestaltung,K9652/ Tiefentalstraße zw. Straße des Roten Kreuzes und Am Lustgarten,,Tiefbauamt,1-streifige Verkehrsführung mit Lichtsignal,mit Verkehrsbehinderung,31032,2025V5000,Stadt Karlsruhe,2025-09-02T22:00:00Z
FeatureCollection,270,270,270,2025-10-06T14:15:33.080Z,name,urn:ogc:def:crs:EPSG::25832,Feature,baustellen_vorschau.102308770,geom,Polygon,"[[[461632.11330196, 5424490.4660476], [461632.20329596, 5424492.5359166], [461629.59346196, 5424492.4459226], [461625.18374196, 5424491.9059566], [461614.02444997, 5424490.1060706], [461611.68459897, 5424489.1161336], [461611.77459297, 5424486.14632261], [461612.49454797, 5424483.17651061], [461614.02444997, 5424478.94677961], [461617.44423297, 5424471.74723661], [461623.47384996, 5424461.21790562], [461628.06355896, 5424454.46833362], [461632.83325596, 5424442.40909963], [461638.23291295, 5424425.67016264], [461642.46264495, 5424427.29005964], [461626.35366796, 5424476.96690561], [461624.28379896, 5424484.79640761], [461624.37379296, 5424486.86627661], [461625.81370196, 5424488.84615061], [461627.43359896, 5424490.1060706], [461629.41347296, 5424490.6460366], [461632.11330196, 5424490.4660476]]]",,,102308770,Karlsruhe,2026-04-06T22:00:00Z,2026-05-29T21:59:59Z,Haltestellenumbau mit Straßenumgestaltung,K9652/ Tiefentalstraße zw. Zweibrückener Straße und Rehbuckel,,Tiefbauamt,1-streifige Verkehrsführung mit Lichtsignal,mit Verkehrsbehinderung,31032,2025V5001,Stadt Karlsruhe,2025-09-02T22:00:00Z
FeatureCollection,270,270,270,2025-10-06T14:15:33.080Z,name,urn:ogc:def:crs:EPSG::25832,Feature,baustellen_vorschau.102309276,geom,Polygon,"[[[456616.06589816, 5428658.34070217], [456631.37335615, 5428610.7741962], [456631.40912315, 5428602.4228162], [456623.85304616, 5428603.0706262], [456623.77632116, 5428599.6621162], [456635.68212115, 5428599.3219502], [456637.32625614, 5428593.25566221], [456641.45108414, 5428594.72894721], [456620.86920216, 5428659.96777417], [456616.06589816, 5428658.34070217]]]",,,102309276,Karlsruhe,2026-01-11T23:00:00Z,2026-03-31T21:59:59Z,Fernwärmeversorgung,Adlerstraße zw. Zähringerstraße u. Kaiserstraße,,Stadtwerke Karlsruhe,Abwicklung in mehreren Bauabschnitten,mit Sperrung in eine Fahrtrichtung,34637,2025V5076,Stadt Karlsruhe,2025-09-10T22:00:00Z
FeatureCollection,270,270,270,2025-10-06T14:15:33.080Z,name,urn:ogc:def:crs:EPSG::25832,Feature,baustellen_vorschau.102309603,geom,Polygon,"[[[460323.11335705, 5425078.52319026], [460318.38334105, 5425082.58958726], [460285.94810708, 5425044.40295628], [460290.41131108, 5425040.39814229], [460323.11335705, 5425078.52319026]]]",,,102309603,Karlsruhe,2025-10-26T23:00:00Z,2025-10-31T22:59:59Z,Bauliche Sondernutzung,Hangstraße zw. Siebenmannstraße und Maiblumenstraße,,Privat,,mit Vollsperrung,52880,2025V5088,Stadt Karlsruhe,2025-09-07T22:00:00Z
FeatureCollection,270,270,270,2025-10-06T14:15:33.080Z,name,urn:ogc:def:crs:EPSG::25832,Feature,baustellen_vorschau.102309653,geom,Polygon,"[[[453922.64029841, 5428907.77319703], [453921.82833841, 5428906.04042803], [453921.66853841, 5428905.21032803], [453921.95773841, 5428904.58612803], [453922.56273841, 5428904.18642803], [453923.23380941, 5428903.98819403], [453945.06897439, 5428900.31651803], [453966.93182237, 5428897.93871404], [453988.58973735, 5428895.76816804], [454010.36205034, 5428893.85642404], [454033.70076032, 5428892.27142304], [454064.32826929, 5428889.66165104], [454101.44464426, 5428886.75313604], [454138.31537123, 5428883.69622905], [454170.9191162, 5428881.35405805], [454193.04450118, 5428880.50393605], [454203.18608818, 5428880.24460205], [454213.78003017, 5428880.45512205], [454239.30401215, 5428881.37179905], [454243.70932514, 5428881.57791504], [454244.19433814, 5428882.01152805], [454244.42845914, 5428882.47137705], [454244.33480714, 5428883.01313604], [454244.00682214, 5428883.32099105], [454238.95249615, 5428885.77080004], [454198.28629318, 5428889.00365104], [454122.59180324, 5428895.18855904], [454050.1968943, 5428900.47607904], [453992.72737935, 5428905.45557903], [453948.58164939, 5428908.62773103], [453932.4908534, 5428908.77351503], [453923.88757241, 5428908.05666803], [453922.64029841, 5428907.77319703]]]",,,102309653,Karlsruhe,2025-11-16T23:00:00Z,2025-12-19T22:59:59Z,Straßenbau,Anliegerstraße Kaiserallee zw. Blücherstraße und Händelstraße,,Gartenbauamt,Parkplätze Abschnittsweise gesperrt,mit Verkehrsbehinderung,52885,2025V5096,Stadt Karlsruhe,2025-09-08T22:00:00Z
FeatureCollection,270,270,270,2025-10-06T14:15:33.080Z,name,urn:ogc:def:crs:EPSG::25832,Feature,baustellen_vorschau.102309897,geom,Polygon,"[[[463022.91240783, 5429250.6858828], [463018.26954983, 5429256.9001678], [463009.26954984, 5429256.2573108], [463010.05526484, 5429241.25731081], [463022.91240783, 5429250.6858828]]]",,,102309897,Karlsruhe,2026-03-29T22:00:00Z,2026-05-31T21:59:59Z,Gas bzw. Wasserversorgung,Bruchwaldstraße zw. Werrabronner Straße und B3/ Beunstraße,,Stadtwerke Karlsruhe,,mit Vollsperrung,35679,2025V5142,Stadt Karlsruhe,2025-09-08T22:00:00Z
FeatureCollection,270,270,270,2025-10-06T14:15:33.080Z,name,urn:ogc:def:crs:EPSG::25832,Feature,baustellen_vorschau.102309900,geom,Polygon,"[[[455014.34363648, 5426650.75421536], [455009.12521949, 5426652.44371335], [454986.02693751, 5426581.0180294], [454982.68063751, 5426566.55462941], [454976.66873751, 5426545.38842942], [454972.54195652, 5426534.70343243], [454964.89588652, 5426517.25043943], [454970.34530352, 5426514.74089544], [454983.32589351, 5426546.05827342], [454990.3165375, 5426565.34932941], [454990.8430115, 5426572.5648684], [454992.5853925, 5426571.7963224], [454994.0305375, 5426575.0726294], [454993.0428375, 5426576.0693294], [454992.1225375, 5426577.6665294], [454991.6885375, 5426579.6918294], [455014.34363648, 5426650.75421536]]]",,,102309900,Karlsruhe,2026-02-28T23:00:00Z,2026-05-31T21:59:59Z,Haltestellenumbau mit Straßenumgestaltung,Litzenhardtsatrße zw. St.-Florian-Straße und Breite Straße,,Tiefbauamt,"Abwicklung in mehreren Bauabschnitten, Aufteilung nicht vorgenommen, Dauer der Vollsperrung ca. 5 Wochen",mit Vollsperrung,35548,2021V5742,Stadt Karlsruhe,2025-09-08T22:00:00Z
FeatureCollection,270,270,270,2025-10-06T14:15:33.080Z,name,urn:ogc:def:crs:EPSG::25832,Feature,baustellen_vorschau.102310152,geom,Polygon,"[[[456080.32516464, 5433223.56460047], [456086.10099364, 5433222.84343047], [456090.06221763, 5433254.16490145], [456081.41634564, 5433255.38944145], [456066.43033665, 5433256.12072545], [456040.89753667, 5433257.67242545], [456017.19373669, 5433258.21522545], [455992.61043671, 5433257.80642545], [455964.82703674, 5433256.72952545], [455939.51742676, 5433254.75231145], [455902.27732779, 5433250.98618145], [455891.7445618, 5433250.22895545], [455889.7062098, 5433251.58178945], [455886.2776568, 5433248.79848845], [455887.1705138, 5433245.94134545], [455888.6883708, 5433244.15563145], [455892.1580758, 5433243.76309945], [455895.1099368, 5433245.84032545], [455916.63061978, 5433248.12359645], [455942.17248276, 5433250.83350145], [455972.70103673, 5433252.87262545], [456006.7192367, 5433253.93362545], [456034.93353668, 5433253.69862545], [456079.07973664, 5433251.02352545], [456081.66708664, 5433250.13515445], [456082.76327264, 5433248.79666945], [456083.20823664, 5433247.12482545], [456080.32516464, 5433223.56460047]]]",,,102310152,Karlsruhe,2025-11-02T23:00:00Z,2026-05-29T21:59:59Z,Kanalbau,Lärchenweg zwischen Donauschwabenstraße und Zehntwaldstraße,,Tiefbauamt,Aufteilung nicht vorgenommen,mit Vollsperrung,51233,2025V5157,Stadt Karlsruhe,2025-09-08T22:00:00Z
FeatureCollection,270,270,270,2025-10-06T14:15:33.080Z,name,urn:ogc:def:crs:EPSG::25832,Feature,baustellen_vorschau.102310515,geom,Polygon,"[[[455666.71427995, 5427609.05300879], [455666.14735095, 5427601.1160088], [455662.51900895, 5427598.2813658], [455661.04499395, 5427586.1490948], [455659.91113695, 5427584.6750808], [455607.98048, 5427588.8703518], [455574.53169402, 5427591.3648378], [455553.32856604, 5427592.4986948], [455553.32856604, 5427591.8183808], [455626.12219398, 5427586.0357088], [455659.91113695, 5427583.42783781], [455657.87019395, 5427561.31762382], [455659.57097995, 5427561.31762382], [455661.49853695, 5427583.65460881], [455662.63239395, 5427586.9427948], [455663.99302295, 5427597.7144378], [455666.14735095, 5427599.4152238], [455667.50797995, 5427600.7758518], [455667.73475095, 5427609.27978079], [455666.71427995, 5427609.05300879]]]",,,102310515,Karlsruhe,2025-10-13T22:00:00Z,2025-11-13T22:59:59Z,Strom bzw. TK-Versorgung,Vorholzstraße zw. Hirschstraße und Karlstraße,,Stadtwerke Karlsruhe,Aufteilung nicht vorgenommen,mit Verkehrsbehinderung,52948,2025V5200,Stadt Karlsruhe,2025-09-11T22:00:00Z
FeatureCollection,270,270,270,2025-10-06T14:15:33.080Z,name,urn:ogc:def:crs:EPSG::25832,Feature,baustellen_vorschau.102310545,geom,Polygon,"[[[455516.72626108, 5428748.68475312], [455512.86911808, 5428697.68475315], [455520.72626108, 5428696.82761115], [455525.29768907, 5428748.11332512], [455516.72626108, 5428748.68475312]]]",,,102310545,Karlsruhe,2026-03-01T23:00:00Z,2026-04-04T21:59:59Z,Fernwärmeversorgung,Hirschstraße zw. Kaiserstraße und Amalienstraße,,Stadtwerke Karlsruhe,,mit Vollsperrung,22993,2025V5209,Stadt Karlsruhe,2025-09-11T22:00:00Z
FeatureCollection,270,270,270,2025-10-06T14:15:33.080Z,name,urn:ogc:def:crs:EPSG::25832,Feature,baustellen_vorschau.102310547,geom,Polygon,"[[[455503.88445809, 5428757.24888811], [455516.39366408, 5428756.07896211], [455516.75364108, 5428755.35900812], [455517.11361808, 5428754.45906512], [455517.20361308, 5428749.41938512], [455525.75307007, 5428748.69943112], [455526.56301807, 5428754.54905912], [455529.08285807, 5428755.35900812], [455534.12253807, 5428755.08902512], [455534.21253307, 5428758.50880811], [455530.97273807, 5428761.38862511], [455510.00407009, 5428762.91852811], [455503.88445809, 5428757.24888811]]]",,,102310547,Karlsruhe,2026-03-01T23:00:00Z,2026-04-04T21:59:59Z,Fernwärmeversorgung,Hirschstraße zw. Kaiserstraße und Amalienstraße,,Stadtwerke Karlsruhe,Kaiserstraße Höhe Hirschstraße = Engstelle,mit Vollsperrung,22993,2025V5208,Stadt Karlsruhe,2025-09-11T22:00:00Z
FeatureCollection,270,270,270,2025-10-06T14:15:33.080Z,name,urn:ogc:def:crs:EPSG::25832,Feature,baustellen_vorschau.102310557,geom,Polygon,"[[[450112.98941558, 5428640.7221182], [450119.91603258, 5428639.6087502], [450125.77746157, 5428680.06514118], [450118.81891358, 5428681.09022018], [450112.98941558, 5428640.7221182]]]",,,102310557,Karlsruhe,2025-10-14T22:00:00Z,2025-10-17T21:59:59Z,Kraneinsatz,Hohleichweg zw. Industriestraße und August-Kutterer-Straße,,Privat,,mit Vollsperrung,52852,2025V5212,Stadt Karlsruhe,2025-09-14T22:00:00Z
FeatureCollection,270,270,270,2025-10-06T14:15:33.080Z,name,urn:ogc:def:crs:EPSG::25832,Feature,baustellen_vorschau.102310673,geom,Polygon,"[[[454632.79630482, 5428737.75945613], [454614.29071483, 5428551.06890624], [454621.40183782, 5428550.24242824], [454641.53657681, 5428736.76035613], [454632.79630482, 5428737.75945613]]]",,,102310673,Karlsruhe,2026-03-12T23:00:00Z,2026-04-13T21:59:59Z,Gleisbau,Schillerstraße zw. Kaiserallee u. Sophienstraße,,Verkehrsbetriebe Karlsruhe,,mit Vollsperrung,52655,2025V5222,Stadt Karlsruhe,2025-09-14T22:00:00Z
FeatureCollection,270,270,270,2025-10-06T14:15:33.080Z,name,urn:ogc:def:crs:EPSG::25832,Feature,baustellen_vorschau.102310754,geom,Polygon,"[[[453147.65589905, 5428769.64249511], [453139.75979806, 5428763.36929112], [453210.378071, 5428688.99649116], [453216.192315, 5428694.38972516], [453147.65589905, 5428769.64249511]]]",,,102310754,Karlsruhe,2026-04-12T22:00:00Z,2026-05-10T21:59:59Z,Gleisbau,"B 10 Südtangente AS 6 Abfahrt von Osten zur B 36 Lameystraße, Michelinstraße u. Mühlburg Rheinstraße",,Verkehrsbetriebe Karlsruhe,,mit Sperrung in eine Fahrtrichtung,46474,2025V5234,Stadt Karlsruhe,2025-09-14T22:00:00Z
FeatureCollection,270,270,270,2025-10-06T14:15:33.080Z,name,urn:ogc:def:crs:EPSG::25832,Feature,baustellen_vorschau.102310762,geom,Polygon,"[[[453186.48183902, 5428607.40382821], [453194.69034201, 5428600.46235022], [453206.106358, 5428591.24207722], [453242.26177097, 5428566.46235024], [453254.91193896, 5428561.40312824], [453241.04153898, 5428572.49712823], [453217.82483899, 5428588.90292822], [453208.555239, 5428595.55272822], [453203.20093901, 5428600.44182822], [453194.16893901, 5428611.05732821], [453186.48183902, 5428607.40382821]]]",,,102310762,Karlsruhe,2026-04-12T22:00:00Z,2026-05-10T21:59:59Z,Gleisbau,"B 10 Südtangente AS 6 Abfahrt von Osten zur B 36 Lameystraße, Michelinstraße u. Mühlburg Rheinstraße",,Verkehrsbetriebe Karlsruhe,,mit Sperrung in eine Fahrtrichtung,46474,2025V5234,Stadt Karlsruhe,2025-09-14T22:00:00Z
FeatureCollection,270,270,270,2025-10-06T14:15:33.080Z,name,urn:ogc:def:crs:EPSG::25832,Feature,baustellen_vorschau.102310771,geom,Polygon,"[[[453190.43943902, 5428857.24992806], [453201.69753901, 5428868.26272806], [453190.54173902, 5428881.58462805], [453181.64955403, 5428876.53094405], [453164.72098204, 5428860.74523006], [453143.72098206, 5428845.17380207], [453128.72098207, 5428834.60237308], [453120.62963808, 5428831.36670008], [453113.29058908, 5428829.34790908], [453107.35061509, 5428828.77633408], [453099.98043909, 5428829.13772808], [453097.0781251, 5428830.17380208], [453092.8638391, 5428832.81665908], [453078.59338811, 5428844.55055707], [453046.74747214, 5428877.57244805], [453014.28661117, 5428911.29240603], [452989.43526819, 5428935.88808702], [452978.0988012, 5428924.12393303], [453003.62406918, 5428898.29592304], [453027.79126416, 5428872.88349706], [453061.86383913, 5428837.45951607], [453089.4430661, 5428810.00710909], [453101.09431509, 5428801.7890941], [453105.00669709, 5428799.8166591], [453110.25254609, 5428798.7109371], [453118.93526808, 5428798.2452301], [453127.88173907, 5428798.1210281], [453133.29241107, 5428798.6023731], [453148.33131305, 5428812.03338109], [453187.00669702, 5428849.60237307], [453190.43943902, 5428857.24992806]]]",,,102310771,Karlsruhe,2026-05-10T22:00:00Z,2026-06-19T21:59:59Z,Gleisbau,"Rheinstraße zw. Rheinstraße u. B 36 Michelinstraße, B 10 Südtangente AS 6 von Osten kommend zur B 36 Lameystraße",,Verkehrsbetriebe Karlsruhe,,mit Sperrung in eine Fahrtrichtung,46474,2025V5235,Stadt Karlsruhe,2025-09-14T22:00:00Z
FeatureCollection,270,270,270,2025-10-06T14:15:33.080Z,name,urn:ogc:def:crs:EPSG::25832,Feature,baustellen_vorschau.102310776,geom,Polygon,"[[[452956.26983921, 5428714.59022815], [452975.9533142, 5428717.46100315], [453012.71149017, 5428727.24856914], [453050.50003914, 5428734.55462814], [453076.19343911, 5428743.95372813], [453093.2579391, 5428753.60232812], [453123.59903907, 5428779.48312811], [453129.63593907, 5428776.67462811], [453140.08743906, 5428766.77022812], [453151.81263905, 5428753.92982812], [453162.06579404, 5428764.55497312], [453141.45698106, 5428785.91856311], [453137.57447906, 5428794.2620301], [453138.55871406, 5428799.9270021], [453141.38697206, 5428805.99858209], [453165.46736504, 5428829.18483008], [453201.75079401, 5428865.01471606], [453201.69753901, 5428868.26272806], [453190.44103902, 5428881.61812805], [453183.82014803, 5428879.21917305], [453162.63814804, 5428861.86174406], [453144.79365506, 5428845.08454207], [453136.39315906, 5428839.17171607], [453123.99568307, 5428832.59892308], [453120.32229208, 5428831.74231608], [453115.94183908, 5428829.84792808], [453109.01733909, 5428828.80152808], [453100.51893909, 5428829.20372808], [453093.5558791, 5428831.61219608], [453088.6128951, 5428834.53944508], [453034.97618815, 5428889.80031804], [453024.61005316, 5428880.40308705], [453027.62746216, 5428873.05573905], [453057.35287513, 5428841.26733308], [453069.30160612, 5428826.10788708], [453075.15848512, 5428817.57124209], [453078.50420811, 5428811.51282909], [453079.85033911, 5428804.95642809], [453079.99943911, 5428796.9565281], [453078.73193911, 5428790.2915281], [453078.51743911, 5428787.38322811], [453075.53109111, 5428778.59294711], [453069.65848512, 5428772.28552711], [453052.01562813, 5428760.49981312], [453035.15848515, 5428752.64267013], [453015.44419916, 5428745.35695613], [452970.1953962, 5428729.88538814], [452953.06063922, 5428720.74052815], [452956.26983921, 5428714.59022815]]]",,,102310776,Karlsruhe,2026-06-19T22:00:00Z,2026-07-22T21:59:59Z,Gleisbau,"Am Entenfang: Rheinstraße zur B 36 Michelinstraße gesperrt, B 10 Südtangente AS 6 Abfahrt von Osten zur B 36 Lameystraße gesperrt, B 36 Lameystraße zur Rheinstraße gesperrt, B 36 Michelinstraße zur B 36 Lameystraße u. Rheinstraße gesperrt",,Verkehrsbetriebe Karlsruhe,,mit Sperrung in eine Fahrtrichtung,46474,2025V5236,Stadt Karlsruhe,2025-09-14T22:00:00Z
FeatureCollection,270,270,270,2025-10-06T14:15:33.080Z,name,urn:ogc:def:crs:EPSG::25832,Feature,baustellen_vorschau.102310932,geom,Polygon,"[[[455019.76330349, 5428503.20118627], [455019.25305449, 5428498.60894927], [455027.24694849, 5428497.70184127], [455029.74149748, 5428498.38217227], [455031.04546648, 5428501.61374627], [455033.02976648, 5428514.65343226], [455028.55091748, 5428515.27706926], [455027.36033749, 5428507.45325826], [455026.85008849, 5428503.54135226], [455025.88628649, 5428502.86102127], [455019.76330349, 5428503.20118627]]]",,,102310932,Karlsruhe,2026-07-26T22:00:00Z,2026-08-28T21:59:59Z,Fernwärmeversorgung,Lessingstraße Einmündungsbereich Sophienstraße,,Stadtwerke Karlsruhe,,mit Verkehrsbehinderung,45180,2025V5275,Stadt Karlsruhe,2025-09-14T22:00:00Z
FeatureCollection,270,270,270,2025-10-06T14:15:33.080Z,name,urn:ogc:def:crs:EPSG::25832,Feature,baustellen_vorschau.102310948,geom,Polygon,"[[[455067.83965645, 5428774.37838911], [455066.33488146, 5428764.50002911], [455064.66998746, 5428753.07075512], [455061.07021646, 5428729.71723813], [455057.69543046, 5428707.89362415], [455053.01572747, 5428677.47555516], [455048.60600747, 5428646.96749218], [455044.46627047, 5428619.5192352], [455040.91149648, 5428596.66068621], [455036.63676748, 5428568.80745523], [455034.47690448, 5428554.27337824], [455030.74214148, 5428530.28990125], [455028.13230749, 5428512.38103826], [455032.49703048, 5428511.75107826], [455034.29745348, 5428524.80589825], [455041.24634447, 5428570.58632923], [455046.06103847, 5428601.49936621], [455050.06578447, 5428628.67764119], [455055.06046746, 5428661.66054617], [455059.74017046, 5428693.92349816], [455065.63479646, 5428733.25100113], [455069.18957045, 5428755.79456912], [455071.93439645, 5428773.74842911], [455067.83965645, 5428774.37838911]]]",,,102310948,Karlsruhe,2026-01-04T23:00:00Z,2026-07-26T21:59:59Z,Fernwärmeversorgung,Lessingstraße zw. Sophienstraße u. Kaiserallee,,Stadtwerke Karlsruhe,,mit Verkehrsbehinderung,45180,2025V5274,Stadt Karlsruhe,2025-09-14T22:00:00Z
FeatureCollection,270,270,270,2025-10-06T14:15:33.080Z,name,urn:ogc:def:crs:EPSG::25832,Feature,baustellen_vorschau.102310954,geom,Polygon,"[[[455056.68124746, 5428791.92227909], [455032.89553348, 5428793.38656409], [455032.14553348, 5428784.9937071], [455056.18124746, 5428783.1365641], [455062.71696246, 5428782.4937071], [455068.93124745, 5428781.6365641], [455068.71696245, 5428778.6365641], [455068.07410545, 5428774.10085011], [455076.93124745, 5428772.85085011], [455077.93124745, 5428781.3508501], [455078.46696245, 5428785.2079931], [455079.03839044, 5428786.6008501], [455080.60981944, 5428787.4937071], [455082.03839044, 5428787.9937071], [455083.82410544, 5428788.1008501], [455091.00267643, 5428787.7437071], [455088.21696244, 5428788.1365641], [455086.57410544, 5428788.7794211], [455085.10981944, 5428789.4579931], [455083.53839044, 5428790.5651361], [455056.68124746, 5428791.92227909]]]",,,102310954,Karlsruhe,2025-11-09T23:00:00Z,2026-01-04T22:59:59Z,Fernwärmeversorgung,Lessingstraße Einmündungsbereich Kaiserallee,,Stadtwerke Karlsruhe,,mit Vollsperrung,45180,2025V5273,Stadt Karlsruhe,2025-09-14T22:00:00Z
FeatureCollection,270,270,270,2025-10-06T14:15:33.080Z,name,urn:ogc:def:crs:EPSG::25832,Feature,baustellen_vorschau.102311293,geom,Polygon,"[[[455417.67621615, 5427610.59812079], [455417.51019015, 5427606.25760379], [455418.90304815, 5427606.11474679], [455420.76019015, 5427605.50760379], [455422.43876215, 5427604.79331779], [455423.72447615, 5427604.00760379], [455425.01019015, 5427602.7933178], [455426.26019015, 5427600.8647468], [455426.93876215, 5427599.4004608], [455427.36733315, 5427597.6504608], [455427.33161915, 5427595.5433178], [455434.29590514, 5427595.1147468], [455434.43876214, 5427596.6861748], [455435.04590514, 5427598.4361748], [455435.72447614, 5427599.8647468], [455436.51019014, 5427600.8290318], [455438.01019014, 5427602.07903179], [455439.08161914, 5427602.75760379], [455440.47447614, 5427603.29331779], [455441.79590513, 5427603.6147468], [455443.68876213, 5427603.97188879], [455445.76019013, 5427604.00760379], [455450.65304813, 5427603.54331779], [455459.01718812, 5427602.91488079], [455459.33216812, 5427607.36959779], [455446.01301313, 5427608.49452679], [455443.44817613, 5427608.94449779], [455441.51329913, 5427609.57445779], [455440.11838814, 5427610.47440079], [455439.12845014, 5427611.28434879], [455438.18351014, 5427612.22928879], [455437.46355614, 5427613.30922079], [455436.92359014, 5427614.29915779], [455436.42862214, 5427615.69406879], [455436.11364214, 5427616.86399479], [455436.11364214, 5427618.39389779], [455436.15863914, 5427620.23878079], [455436.33862814, 5427621.49870078], [455436.47361914, 5427622.48863778], [455436.60861014, 5427625.00847778], [455429.76904514, 5427625.50344678], [455429.72404814, 5427623.70356078], [455429.49906214, 5427620.73374879], [455428.96193014, 5427618.38383479], [455427.67621615, 5427615.52669179], [455426.03335915, 5427613.45526379], [455423.60478815, 5427611.81240679], [455422.10478815, 5427610.88383479], [455419.53335915, 5427610.59812079], [455417.67621615, 5427610.59812079]]]",,,102311293,Karlsruhe,2026-07-15T22:00:00Z,2026-08-31T21:59:59Z,Fernwärmeversorgung,Kreuzungsbereich Hirsch- / Vorholzstraße,,Stadtwerke Karlsruhe,,mit Vollsperrung,46948,2025V5288,Stadt Karlsruhe,2025-09-15T22:00:00Z
FeatureCollection,270,270,270,2025-10-06T14:15:33.080Z,name,urn:ogc:def:crs:EPSG::25832,Feature,baustellen_vorschau.102311222,geom,Polygon,"[[[455446.82601613, 5427892.32022363], [455445.35196413, 5427869.47242664], [455453.74271913, 5427868.39523564], [455454.47974413, 5427877.12615564], [455451.53164213, 5427877.52301563], [455452.38205613, 5427892.09344662], [455446.82601613, 5427892.32022363]]]",,,102311222,Karlsruhe,2025-11-02T23:00:00Z,2025-11-16T22:59:59Z,Fernwärmeversorgung,Hirschstraße zw. Hirschbrücke u. Roonstraße,,Land Rheinland-Pfalz,,mit Verkehrsbehinderung,46948,2025V5284,Stadt Karlsruhe,2025-09-15T22:00:00Z
FeatureCollection,270,270,270,2025-10-06T14:15:33.080Z,name,urn:ogc:def:crs:EPSG::25832,Feature,baustellen_vorschau.102311228,geom,Polygon,"[[[455452.72012013, 5427872.91485964], [455452.10215713, 5427865.39156564], [455451.06722313, 5427860.62186864], [455449.67231113, 5427858.59699664], [455448.23240313, 5427856.34713965], [455446.56750813, 5427854.63724865], [455444.49764013, 5427853.06234865], [455441.07785714, 5427852.11740865], [455442.20278614, 5427851.80242865], [455443.23772013, 5427851.44245065], [455444.27265413, 5427850.49751065], [455444.99260813, 5427849.68756265], [455445.62256813, 5427848.38264565], [455445.89255113, 5427846.44776865], [455445.98254613, 5427845.32283965], [455445.80255713, 5427843.61294865], [455445.71256313, 5427841.49808266], [455445.44258013, 5427839.15823066], [455452.07827113, 5427838.74054866], [455452.24116813, 5427840.39627665], [455452.63800813, 5427842.49385965], [455453.09154013, 5427843.96783665], [455454.22536813, 5427846.12211065], [455455.18912312, 5427847.59608865], [455456.83317412, 5427848.72991665], [455458.47722612, 5427849.46690565], [455460.80157412, 5427850.20389365], [455462.27555112, 5427850.26058565], [455463.63614512, 5427850.26058565], [455465.62034512, 5427850.14720265], [455465.86297712, 5427855.59343065], [455463.54154812, 5427855.91485965], [455460.97012012, 5427856.98628865], [455459.11297712, 5427858.45057364], [455457.54154812, 5427860.59343064], [455456.61297712, 5427862.77200264], [455456.04154812, 5427864.84343064], [455456.14869112, 5427867.34343064], [455456.32726312, 5427869.45057364], [455456.36297712, 5427872.62914564], [455452.72012013, 5427872.91485964]]]",,,102311228,Karlsruhe,2025-11-16T23:00:00Z,2025-12-23T22:59:59Z,Fernwärmeversorgung,Kreuzungsbereich Hirsch- / Roonstraße,,Stadtwerke Karlsruhe,,mit Vollsperrung,46948,2025V5290,Stadt Karlsruhe,2025-09-15T22:00:00Z
FeatureCollection,270,270,270,2025-10-06T14:15:33.080Z,name,urn:ogc:def:crs:EPSG::25832,Feature,baustellen_vorschau.102311271,geom,Polygon,"[[[455445.72221913, 5427841.71358965], [455445.40079013, 5427836.85644766], [455443.04364813, 5427835.99930466], [455441.86507614, 5427817.46358967], [455440.54364814, 5427800.46358968], [455437.97221914, 5427764.6064477], [455436.70436214, 5427748.94885271], [455443.45436213, 5427748.44885271], [455445.27579013, 5427770.6988527], [455447.02579013, 5427791.55599568], [455449.02579013, 5427816.87742467], [455450.69673913, 5427841.27714465], [455445.72221913, 5427841.71358965]]]",,,102311271,Karlsruhe,2026-01-06T23:00:00Z,2026-03-31T21:59:59Z,Bauliche Sondernutzung,Hirschstraße zw. Roonstraße u. Klauprechtstraße,,Stadtwerke Karlsruhe,,mit Vollsperrung,46948,2025V5285,Stadt Karlsruhe,2025-09-15T22:00:00Z
FeatureCollection,270,270,270,2025-10-06T14:15:33.080Z,name,urn:ogc:def:crs:EPSG::25832,Feature,baustellen_vorschau.102311284,geom,Polygon,"[[[455439.24324814, 5427755.25781471], [455438.69422514, 5427748.78085771], [455438.12279714, 5427746.24514371], [455437.15851114, 5427744.56657171], [455435.65851114, 5427742.70942871], [455433.44422514, 5427741.03085771], [455431.76565414, 5427740.35228571], [455429.69422515, 5427740.06657172], [455429.33708315, 5427735.35228572], [455430.97994014, 5427735.06657172], [455432.58708314, 5427734.20942872], [455433.90851114, 5427733.06657172], [455435.01565414, 5427731.85228572], [455435.72994014, 5427730.85228572], [455436.47994014, 5427729.38800072], [455436.90851114, 5427727.42371472], [455437.01565414, 5427725.03085772], [455436.76928514, 5427721.81464073], [455443.78884013, 5427721.54465773], [455443.83383713, 5427723.38954072], [455444.50791413, 5427725.64969472], [455445.36286013, 5427726.59463472], [455446.12781113, 5427727.80955772], [455447.16274513, 5427728.97948372], [455448.42266513, 5427730.01441772], [455450.22255113, 5427730.64437772], [455452.38241413, 5427731.13934572], [455455.35222512, 5427731.13934572], [455457.82706812, 5427731.00435472], [455460.52689712, 5427730.82436572], [455464.12666812, 5427730.59938072], [455469.75131111, 5427730.19440572], [455469.88630311, 5427733.56919172], [455457.87206512, 5427734.37914072], [455453.95731413, 5427734.73911772], [455450.71752013, 5427735.68405772], [455449.81757713, 5427736.08903172], [455448.15268313, 5427737.61893472], [455447.25274013, 5427738.69886572], [455446.44279113, 5427739.91378871], [455445.81283113, 5427741.80366871], [455445.36286013, 5427743.51356071], [455445.45285413, 5427745.44843771], [455445.49785113, 5427747.38331471], [455445.54284813, 5427749.49818071], [455445.72283713, 5427751.74803771], [455445.90282513, 5427754.76284571], [455439.24324814, 5427755.25781471]]]",,,102311284,Karlsruhe,2026-03-31T22:00:00Z,2026-05-06T21:59:59Z,Fernwärmeversorgung,Kreuzungsbereich Hirsch- / Klauprechtstraße,,Stadtwerke Karlsruhe,,mit Vollsperrung,46948,2025V5286,Stadt Karlsruhe,2025-09-15T22:00:00Z
FeatureCollection,270,270,270,2025-10-06T14:15:33.080Z,name,urn:ogc:def:crs:EPSG::25832,Feature,baustellen_vorschau.102311289,geom,Polygon,"[[[455435.06356314, 5427724.22453773], [455434.61359214, 5427718.28491473], [455432.58872014, 5427691.15163774], [455430.83383214, 5427668.24809176], [455429.21393414, 5427646.42447777], [455427.45776615, 5427621.92520278], [455433.66432914, 5427621.35333178], [455435.37422014, 5427645.42680277], [455436.72413414, 5427666.03549476], [455439.33396914, 5427700.95327774], [455441.40383714, 5427723.72183172], [455435.06356314, 5427724.22453773]]]",,,102311289,Karlsruhe,2026-05-06T22:00:00Z,2026-07-15T21:59:59Z,Fernwärmeversorgung,Hirschstraße zw. Klauprechtstraße u. Vorholzstraße,,Stadtwerke Karlsruhe,,mit Vollsperrung,46948,2025V5287,Stadt Karlsruhe,2025-09-15T22:00:00Z
FeatureCollection,270,270,270,2025-10-06T14:15:33.080Z,name,urn:ogc:def:crs:EPSG::25832,Feature,baustellen_vorschau.102311342,geom,Polygon,"[[[455424.64451815, 5427594.1988498], [455419.49804915, 5427525.41003584], [455416.35880415, 5427481.55599287], [455421.71594715, 5427480.91313587], [455423.85880415, 5427507.34170685], [455428.21594715, 5427563.77027882], [455430.50166114, 5427593.6988498], [455424.64451815, 5427594.1988498]]]",,,102311342,Karlsruhe,2026-08-31T22:00:00Z,2026-10-31T22:59:59Z,Fernwärmeversorgung,Hirschstraße zw. Vorholzstraße u. Südendstraße,,Stadtwerke Karlsruhe,,mit Verkehrsbehinderung,46948,2025V5289,Stadt Karlsruhe,2025-09-15T22:00:00Z
FeatureCollection,270,270,270,2025-10-06T14:15:33.080Z,name,urn:ogc:def:crs:EPSG::25832,Feature,baustellen_vorschau.102311410,geom,Polygon,"[[[455223.92748033, 5429038.30519195], [455223.92748033, 5429041.87662095], [455213.35605133, 5429042.73376395], [455211.64176534, 5429037.16233495], [455167.64176537, 5429042.44804895], [455164.78462337, 5429012.01947797], [455167.92748037, 5429011.87662097], [455170.78462337, 5429038.59090595], [455213.35605133, 5429034.01947795], [455213.92748033, 5429038.59090595], [455223.92748033, 5429038.30519195]]]",,,102311410,Karlsruhe,2026-02-01T23:00:00Z,2026-05-31T21:59:59Z,Fernwärmeversorgung,Reinhold-Frank-Straße und Hoffstraße,,Stadtwerke Karlsruhe,Aufteilung nicht vorgenommen,mit Verkehrsbehinderung,49909,2025V3263,Stadt Karlsruhe,2025-09-16T22:00:00Z
FeatureCollection,270,270,270,2025-10-06T14:15:33.080Z,name,urn:ogc:def:crs:EPSG::25832,Feature,baustellen_vorschau.102311528,geom,Polygon,"[[[460504.22064894, 5431276.13147961], [460500.29469194, 5431266.86164861], [460509.19902193, 5431263.50772462], [460512.86875493, 5431272.90133661], [460504.22064894, 5431276.13147961]]]",,,102311528,Karlsruhe,2025-11-30T23:00:00Z,2025-12-06T22:59:59Z,Kanalbau,K9659/ Schwetzinger Straße zw. Lindenplatz und Beuthener Straße,,Privat,Höhe Haus Nr 63,mit Vollsperrung,52990,2025V5351,Stadt Karlsruhe,2025-09-16T22:00:00Z
FeatureCollection,270,270,270,2025-10-06T14:15:33.080Z,name,urn:ogc:def:crs:EPSG::25832,Feature,baustellen_vorschau.102311847,geom,Polygon,"[[[455031.18273648, 5428828.85799607], [455067.18273646, 5428826.14371008], [455067.46845045, 5428827.14371007], [455094.68273643, 5428828.57228207], [455094.61130743, 5428829.92942407], [455087.32559344, 5428829.64371008], [455063.03987846, 5428872.64371005], [455066.39702146, 5428874.57228205], [455065.61130746, 5428875.78656705], [455061.25416446, 5428872.85799605], [455063.53987846, 5428868.64371005], [455085.61130744, 5428829.35799607], [455067.39702145, 5428828.92942407], [455066.11130746, 5428827.50085307], [455031.32559349, 5428830.14371007], [455031.18273648, 5428828.85799607]]]",,,102311847,Karlsruhe,2025-10-26T23:00:00Z,2025-11-30T22:59:59Z,Strom bzw. TK-Versorgung,Kaiserallee/ Südliche Hildapromenade,,Stadtwerke Karlsruhe,,mit Verkehrsbehinderung,52972,2025V5278,Stadt Karlsruhe,2025-09-17T22:00:00Z
FeatureCollection,270,270,270,2025-10-06T14:15:33.080Z,name,urn:ogc:def:crs:EPSG::25832,Feature,baustellen_vorschau.102311955,geom,Polygon,"[[[455528.78289407, 5428616.7746282], [455527.03096407, 5428613.5262102], [455529.61433307, 5428610.6840032], [455533.78289406, 5428614.2031992], [455528.78289407, 5428616.7746282]]]",,,102311955,Karlsruhe,2025-10-19T22:00:00Z,2025-10-31T22:59:59Z,Kanalbau,Amalinestraße zw. Hirschstraße und Waldstraße,,Privat,,mit Verkehrsbehinderung,53040,2025V5396,Stadt Karlsruhe,2025-09-18T22:00:00Z
FeatureCollection,270,270,270,2025-10-06T14:15:33.080Z,name,urn:ogc:def:crs:EPSG::25832,Feature,baustellen_vorschau.102311965,geom,Polygon,"[[[455517.92575108, 5428616.0603422], [455539.06860806, 5428604.5603422], [455539.42575106, 5428613.7031992], [455523.99718007, 5428621.6317712], [455520.56860808, 5428620.2746282], [455517.92575108, 5428616.0603422]]]",,,102311965,Karlsruhe,2025-10-19T22:00:00Z,2025-10-31T22:59:59Z,Kanalbau,Amalinestraße zw. Hirschstraße und Waldstraße,,Privat,,mit Verkehrsbehinderung,53040,2025V5396,Stadt Karlsruhe,2025-09-18T22:00:00Z
FeatureCollection,270,270,270,2025-10-06T14:15:33.080Z,name,urn:ogc:def:crs:EPSG::25832,Feature,baustellen_vorschau.102312205,geom,Polygon,"[[[460139.10177622, 5427778.18087168], [460135.24463322, 5427766.03801469], [460169.3874902, 5427755.75229969], [460170.53034719, 5427751.18087169], [460178.38749019, 5427748.7522997], [460183.53034718, 5427765.89515669], [460139.10177622, 5427778.18087168]]]",,,102312205,Karlsruhe,2025-10-13T22:00:00Z,2026-01-11T22:59:59Z,Gas bzw. Wasserversorgung,Johann-Strauß-Straße zw. Am dm-Platz und Parkplatz Lorzingstraße/ Milliöeckerstraße,,Stadtwerke Karlsruhe,Aufteilung nicht vorgenommen,mit Vollsperrung,41073,2025V5400,Stadt Karlsruhe,2025-09-21T22:00:00Z
FeatureCollection,270,270,270,2025-10-06T14:15:33.080Z,name,urn:ogc:def:crs:EPSG::25832,Feature,baustellen_vorschau.102312207,geom,Polygon,"[[[460260.70885612, 5427733.5635857], [460253.56599913, 5427739.7064437], [460249.13742713, 5427741.8493007], [460206.56599916, 5427754.84930069], [460207.85171316, 5427758.56358569], [460183.70885618, 5427766.56358569], [460179.85171319, 5427755.42072869], [460205.28028417, 5427748.5635857], [460203.99457017, 5427742.7064437], [460210.56599916, 5427740.9921577], [460211.42314216, 5427743.4207287], [460249.70885613, 5427732.7064437], [460253.28028413, 5427728.13501471], [460260.70885612, 5427733.5635857]]]",,,102312207,Karlsruhe,2026-01-11T23:00:00Z,2026-05-14T21:59:59Z,Gas bzw. Wasserversorgung,Johann-Strauß-Straße zw. Parkplatz Lorzingstraße/ Milliöeckerstraße und Durlacher Allee,,Stadtwerke Karlsruhe,Aufteilung nicht vorgenommen,mit Vollsperrung,41073,2025V5399,Stadt Karlsruhe,2025-09-21T22:00:00Z
FeatureCollection,270,270,270,2025-10-06T14:15:33.080Z,name,urn:ogc:def:crs:EPSG::25832,Feature,baustellen_vorschau.102312209,geom,Polygon,"[[[460090.72769026, 5427778.75628268], [460092.87054726, 5427784.75628267], [460089.72769026, 5427786.47056867], [460090.87054726, 5427790.18485467], [460067.29911928, 5427797.61342567], [460065.01340428, 5427792.32771167], [460054.01340429, 5427795.89913967], [460043.0134043, 5427799.61342566], [460041.2991193, 5427792.89913967], [460052.58483329, 5427789.89913967], [460048.5848333, 5427776.61342568], [460059.58483329, 5427773.61342568], [460063.72769028, 5427786.75628267], [460090.72769026, 5427778.75628268]]]",,,102312209,Karlsruhe,2026-07-19T22:00:00Z,2026-09-09T21:59:59Z,Gas bzw. Wasserversorgung,Johann-Strauß-Straße zw. Hans-Pfizner-Straße und Am dm-Platz,,Stadtwerke Karlsruhe,Aufteilung nicht vorgenommen,mit Vollsperrung,41073,2025V5401,Stadt Karlsruhe,2025-09-21T22:00:00Z
FeatureCollection,270,270,270,2025-10-06T14:15:33.080Z,name,urn:ogc:def:crs:EPSG::25832,Feature,baustellen_vorschau.102312635,geom,Polygon,"[[[450711.56958008, 5428524.81696127], [450711.93489108, 5428520.50727427], [450734.89115106, 5428522.47597127], [450736.36930506, 5428526.85507827], [450728.84514107, 5428527.52262827], [450725.46764107, 5428529.54752827], [450724.81404107, 5428531.65612826], [450724.90910207, 5428535.41297426], [450727.13822107, 5428551.00023525], [450727.85817607, 5428558.55976225], [450730.19802907, 5428561.25959225], [450734.15778106, 5428562.69950225], [450741.89729606, 5428563.23946825], [450742.07728506, 5428570.97898324], [450724.79836807, 5428570.43901724], [450714.17903308, 5428571.33896124], [450697.2600931, 5428572.95885924], [450673.50158212, 5428577.63856624], [450637.50383815, 5428589.15784423], [450621.84481916, 5428596.53738223], [450606.36578917, 5428604.63687422], [450588.72689419, 5428616.87610721], [450582.96725519, 5428610.21652522], [450593.22661218, 5428602.65699822], [450608.88563117, 5428593.29758523], [450625.80457116, 5428584.83811523], [450644.88337514, 5428576.73862224], [450664.50214612, 5428570.61900624], [450683.94092811, 5428565.75931024], [450691.5004541, 5428563.95942324], [450707.69943909, 5428562.15953625], [450712.73912308, 5428561.79955925], [450715.79893108, 5428559.99967125], [450718.49876208, 5428555.67994225], [450717.95879608, 5428541.28084426], [450717.41883008, 5428535.70119426], [450716.69887508, 5428528.14166827], [450715.07897708, 5428525.62182627], [450711.47920208, 5428525.26184827], [450711.56958008, 5428524.81696127]]]",,,102312635,Karlsruhe,2025-12-04T23:00:00Z,2025-12-07T22:59:59Z,Straßenbau,"Fettweisstraße Höhe Einmündung Daxlander Straße bis Industriestraße, Engstelle mit Lichtsignal auf der Daxlander Straße",,Tiefbauamt,,mit Vollsperrung,46572,2025V5468,Stadt Karlsruhe,2025-09-25T22:00:00Z
FeatureCollection,270,270,270,2025-10-06T14:15:33.080Z,name,urn:ogc:def:crs:EPSG::25832,Feature,baustellen_vorschau.102312645,geom,Polygon,"[[[450685.04775111, 5428572.06319024], [450697.1408771, 5428569.16300324], [450709.67984109, 5428567.95062824], [450724.32816107, 5428567.06390324], [450751.88545905, 5428566.97930324], [450751.83264105, 5428570.41362824], [450728.75041707, 5428570.38217124], [450711.61053308, 5428571.38466024], [450697.6030411, 5428573.06892824], [450685.9048941, 5428575.20604724], [450675.70917411, 5428577.08459024], [450662.76203712, 5428580.63461923], [450645.04775114, 5428586.63461923], [450631.33346615, 5428592.63461923], [450616.47632316, 5428599.49176122], [450603.33346617, 5428608.06319022], [450590.47632318, 5428616.06319021], [450588.76203719, 5428613.49176121], [450595.33346618, 5428607.20604722], [450603.90489417, 5428601.49176122], [450615.90489416, 5428594.92033323], [450629.90489415, 5428588.06319023], [450638.55058614, 5428584.88887023], [450653.61918013, 5428579.49176124], [450666.19060812, 5428575.49176124], [450674.74630511, 5428573.47603024], [450685.04775111, 5428572.06319024]]]",,,102312645,Karlsruhe,2025-11-23T23:00:00Z,2025-12-04T22:59:59Z,Straßenbau,Fettweisstraße zw. Einmündung Daxlander Straße und Industriestraße,,Tiefbauamt,Engstelle mit Lichtsignal,mit Verkehrsbehinderung,46572,2025V5467,Stadt Karlsruhe,2025-09-25T22:00:00Z
FeatureCollection,270,270,270,2025-10-06T14:15:33.080Z,name,urn:ogc:def:crs:EPSG::25832,Feature,baustellen_vorschau.102312700,geom,Polygon,"[[[456722.61766507, 5427435.26646089], [456722.84265007, 5427428.42689489], [456728.37729906, 5427423.8371859], [456736.61177605, 5427424.0621719], [456735.80182805, 5427435.62643789], [456722.61766507, 5427435.26646089]]]",,,102312700,Karlsruhe,2025-10-06T22:00:00Z,2025-10-17T21:59:59Z,Fernwärmeversorgung,Winterstraße zw. Marienstraße und Rüppurrer Straße,,Stadtwerke Karlsruhe,,mit Verkehrsbehinderung,50059,2025V5471,Stadt Karlsruhe,2025-09-23T22:00:00Z
FeatureCollection,270,270,270,2025-10-06T14:15:33.080Z,name,urn:ogc:def:crs:EPSG::25832,Feature,baustellen_vorschau.102312942,geom,Polygon,"[[[464265.33916475, 5422038.40763302], [464264.43922275, 5422023.28859303], [464263.17930275, 5421997.55022805], [464260.83945075, 5421975.23164506], [464255.43979376, 5421934.01426209], [464253.63990776, 5421923.21494809], [464247.70028476, 5421898.01654811], [464243.38055977, 5421879.11774812], [464238.34087977, 5421867.59847913], [464240.86071977, 5421865.61860513], [464245.00045677, 5421875.15799912], [464259.57953075, 5421939.23393108], [464262.63933675, 5421959.21266207], [464264.97918775, 5421981.17126806], [464266.77907375, 5422000.61003305], [464267.85900475, 5422023.82855904], [464268.57895975, 5422038.22764503], [464265.33916475, 5422038.40763302]]]",,,102312942,Karlsruhe,2026-09-21T22:00:00Z,2026-11-28T22:59:59Z,Gas bzw. Wasserversorgung,Weiklestraße zwischen Neugrabenstraße und Zum Bergle,,Stadtwerke Karlsruhe,zw. Haus 22 bis 38,mit Verkehrsbehinderung,44556,2025V5516,Stadt Karlsruhe,2025-09-24T22:00:00Z
FeatureCollection,270,270,270,2025-10-06T14:15:33.080Z,name,urn:ogc:def:crs:EPSG::25832,Feature,baustellen_vorschau.102313008,geom,Polygon,"[[[464406.79881663, 5422379.90783783], [464403.52881364, 5422374.84182083], [464411.91625763, 5422369.33338283], [464415.21298563, 5422374.35265183], [464406.79881663, 5422379.90783783]]]",,,102313008,Karlsruhe,2025-10-09T22:00:00Z,2025-10-10T21:59:59Z,Bauliche Sondernutzung,Gänsbergstraße zw. Höhenstraße und Eichwaldstraße,,Privat,,mit Vollsperrung,53121,2025V5529,Stadt Karlsruhe,2025-09-24T22:00:00Z
FeatureCollection,270,270,270,2025-10-06T14:15:33.080Z,name,urn:ogc:def:crs:EPSG::25832,Feature,baustellen_vorschau.102313081,geom,Polygon,"[[[462338.95091838, 5427271.58694997], [462342.36155138, 5427267.23301698], [462361.66452137, 5427281.25251596], [462353.74812737, 5427287.40465596], [462338.95091838, 5427271.58694997]]]",,,102313081,Karlsruhe,2025-10-17T22:00:00Z,2025-11-15T22:59:59Z,Gas bzw. Wasserversorgung,Reichardtstraße zw. Sepp-Herberger-Weg u. Parkplatz Turmberg,,Stadtwerke Karlsruhe,,mit Vollsperrung,48792,2025V5539,Stadt Karlsruhe,2025-09-24T22:00:00Z
FeatureCollection,270,270,270,2025-10-06T14:15:33.080Z,name,urn:ogc:def:crs:EPSG::25832,Feature,baustellen_vorschau.102313100,geom,Polygon,"[[[456556.17003621, 5427803.13462868], [456556.35573621, 5427797.97575768], [456565.5206872, 5427798.30566168], [456565.7100362, 5427803.44462867], [456556.17003621, 5427803.13462868]]]",,,102313100,Karlsruhe,2025-10-13T22:00:00Z,2025-10-15T21:59:59Z,Bauliche Sondernutzung,Werderstraße zw. Wender von uns zur Wilhelmstraße,,Privat,,mit Vollsperrung,53134,2025V5547,Stadt Karlsruhe,2025-09-24T22:00:00Z
FeatureCollection,270,270,270,2025-10-06T14:15:33.080Z,name,urn:ogc:def:crs:EPSG::25832,Feature,baustellen_vorschau.102313318,geom,Polygon,"[[[456335.06231838, 5426731.45311031], [456356.38780037, 5426738.8325183], [456360.80799036, 5426739.9043533], [456366.16985536, 5426738.6887793], [456370.80770935, 5426736.4024173], [456375.65993835, 5426733.18844531], [456379.31707335, 5426727.47425431], [456381.59894635, 5426718.68179031], [456381.68588934, 5426705.23713732], [456385.02716234, 5426706.61319832], [456385.73488434, 5426716.33379731], [456386.03061034, 5426722.90264931], [456384.52979434, 5426728.18388031], [456382.68009034, 5426732.1743713], [456380.03091735, 5426736.1148523], [456376.44417335, 5426738.8296303], [456372.46459235, 5426741.3340043], [456367.82982836, 5426743.2558023], [456362.81318936, 5426744.6170413], [456362.79781136, 5426746.4662813], [456381.39100835, 5426754.69209629], [456379.31016635, 5426759.04471329], [456332.59203939, 5426738.6374143], [456335.06231838, 5426731.45311031]]]",,,102313318,Karlsruhe,2025-11-23T23:00:00Z,2025-11-27T22:59:59Z,Straßenbau,Schwarzwaldstraße zw. zentraler Zufahrt Hbf Süd u. Ettlinger Allee,,Tiefbauamt,,mit Sperrung in eine Fahrtrichtung,52629,2025V5587,Stadt Karlsruhe,2025-09-25T22:00:00Z
FeatureCollection,270,270,270,2025-10-06T14:15:33.080Z,name,urn:ogc:def:crs:EPSG::25832,Feature,baustellen_vorschau.102313455,geom,Polygon,"[[[454859.92469862, 5427090.1925651], [454865.28155861, 5427086.1272781], [454895.78274759, 5427126.30529608], [454898.06721558, 5427131.88998808], [454896.94169359, 5427132.35039208], [454894.88814059, 5427133.19041707], [454887.63161459, 5427130.37121308], [454887.21923759, 5427127.49642908], [454884.80793759, 5427122.94082908], [454859.92469862, 5427090.1925651]]]",,,102313455,Karlsruhe,2025-11-11T23:00:00Z,2025-11-15T22:59:59Z,Straßenbau,L 605 Brauerstraße zw. Südtangente Abfahrt Richtung Zentrum u. Ebertstraße/Hermann-Veit-Straße,,Tiefbauamt,Entfall von zwei Richtungsfahrstreifen,mit Verkehrsbehinderung,52714,2025V5601,Stadt Karlsruhe,2025-09-25T22:00:00Z
FeatureCollection,270,270,270,2025-10-06T14:15:33.080Z,name,urn:ogc:def:crs:EPSG::25832,Feature,baustellen_vorschau.102313457,geom,Polygon,"[[[454900.41623358, 5427119.45152508], [454892.89543059, 5427121.30748908], [454863.01861761, 5427081.2114971], [454870.42499661, 5427075.58511711], [454882.5293406, 5427091.4547751], [454890.41463759, 5427101.00212909], [454898.32573758, 5427107.92582909], [454895.51091859, 5427113.16516508], [454900.41623358, 5427119.45152508]]]",,,102313457,Karlsruhe,2025-11-15T23:00:00Z,2025-11-20T22:59:59Z,Straßenbau,L 605 Brauerstraße zw. Südtangente Abfahrt Richtung Zentrum u. Ebertstraße/Hermann-Veit-Straße,,Tiefbauamt,Entfall von drei Richtungsfahrstreifen,mit Verkehrsbehinderung,52714,2025V5602,Stadt Karlsruhe,2025-09-25T22:00:00Z
FeatureCollection,270,270,270,2025-10-06T14:15:33.080Z,name,urn:ogc:def:crs:EPSG::25832,Feature,baustellen_vorschau.102313476,geom,Polygon,"[[[454975.15723752, 5426706.82452932], [454957.48943753, 5426713.70832932], [454916.95243757, 5426724.90232931], [454871.3619376, 5426737.07772931], [454854.08053762, 5426744.3297293], [454839.55753763, 5426753.68352929], [454830.47603664, 5426761.44475529], [454825.77957964, 5426758.11499529], [454828.81303764, 5426754.2834293], [454844.07583763, 5426742.9686293], [454862.65191061, 5426733.63885231], [454896.74371258, 5426725.90423031], [454956.36609953, 5426709.74681032], [454983.22324251, 5426701.31823933], [454975.15723752, 5426706.82452932]]]",,,102313476,Karlsruhe,2025-11-11T23:00:00Z,2025-11-20T22:59:59Z,Straßenbau,Südtangente von Osten kommend Abfahrt zur L 605 Brauerstraße Richtung Zentrum,,Tiefbauamt,Sperrung wegen Arbeitsstellen auf der L 605 Knoten Ebertstraße/Hermann-Veit-Straße,mit Sperrung in eine Fahrtrichtung,52714,2025V5604,Stadt Karlsruhe,2025-09-25T22:00:00Z
FeatureCollection,270,270,270,2025-10-06T14:15:33.080Z,name,urn:ogc:def:crs:EPSG::25832,Feature,baustellen_vorschau.102313485,geom,Polygon,"[[[450732.87275007, 5428526.65133027], [450728.58554107, 5428527.58212827], [450727.29484107, 5428528.00672827], [450726.36874107, 5428528.53512827], [450725.27144107, 5428529.92932827], [450724.74594107, 5428532.57532826], [450725.75584207, 5428545.68829626], [450726.89334107, 5428559.49202825], [450727.90681107, 5428561.27870525], [450731.23484107, 5428562.88772825], [450713.31914108, 5428563.51602825], [450716.98594708, 5428561.67659125], [450717.95554108, 5428559.71462825], [450718.75643808, 5428555.20661325], [450718.04659508, 5428537.73999726], [450717.20434108, 5428530.06112826], [450715.59344108, 5428527.07132827], [450712.82574108, 5428525.14532827], [450732.87275007, 5428526.65133027]]]",,,102313485,Karlsruhe,2025-11-23T23:00:00Z,2025-12-07T22:59:59Z,Straßenbau,Verbindungsstraße Daxlander Straße zur Fettweisstraße,,Tiefbauamt,,mit Vollsperrung,46572,2025V5605,Stadt Karlsruhe,2025-09-25T22:00:00Z
FeatureCollection,270,270,270,2025-10-06T14:15:33.080Z,name,urn:ogc:def:crs:EPSG::25832,Feature,baustellen_vorschau.102314524,geom,Polygon,"[[[450449.3800423, 5428716.48897115], [450444.19199031, 5428708.68227316], [450473.39426128, 5428688.32655117], [450478.47506028, 5428695.94774917], [450449.3800423, 5428716.48897115]]]",,,102314524,Karlsruhe,2025-10-22T22:00:00Z,2025-10-23T21:59:59Z,Kraneinsatz,Fettweisstraße zw. Industriestraße und Hohleichweg,,Privat,,mit Vollsperrung,53234,2025V5726,Stadt Karlsruhe,2025-09-30T22:00:00Z
FeatureCollection,270,270,270,2025-10-06T14:15:33.080Z,name,urn:ogc:def:crs:EPSG::25832,Feature,baustellen_vorschau.102314547,geom,Polygon,"[[[456710.76096408, 5427527.97685384], [456705.76096408, 5427528.26256783], [456705.33239208, 5427521.83399684], [456712.33239208, 5427520.83399684], [456714.04667807, 5427518.97685384], [456716.47525007, 5427518.97685384], [456716.18953507, 5427529.11971084], [456713.33239207, 5427529.26256784], [456710.76096408, 5427527.97685384]]]",,,102314547,Karlsruhe,2025-10-12T22:00:00Z,2025-11-07T22:59:59Z,Fernwärmeversorgung,Augartenstraße zw. Wilhemstraße und Marienstraße,,Stadtwerke Karlsruhe,,mit Vollsperrung,45072,2025V5729,Stadt Karlsruhe,2025-09-30T22:00:00Z
FeatureCollection,270,270,270,2025-10-06T14:15:33.080Z,name,urn:ogc:def:crs:EPSG::25832,Feature,baustellen_vorschau.102314747,geom,Polygon,"[[[455051.38409845, 5426794.18974327], [455049.20552746, 5426787.79688628], [455053.20552745, 5426786.43974328], [455055.31267045, 5426792.83260027], [455051.38409845, 5426794.18974327]]]",,,102314747,Karlsruhe,2025-10-19T22:00:00Z,2025-11-28T22:59:59Z,Fernwärmeversorgung,Bulacher Straße zw. Breite Straße und Bulacher Loch,,Stadtwerke Karlsruhe,Engstelle 1-streifige Verkehrsführung im Baubereich,mit Verkehrsbehinderung,52845,2025V5310,Stadt Karlsruhe,2025-10-05T22:00:00Z
