{
"type": "FeatureCollection",
"name": "baustellen_vorschau_stadtteil",
"crs": { "type": "name", "properties": { "name": "urn:ogc:def:crs:EPSG::25832" } },
"features": [
{ "type": "Feature", "properties": { "type": "FeatureCollection", "totalFeatures": 270, "numberMatched": 270, "numberReturned": 270, "timeStamp": "2025-10-06T14:15:33.080Z", "crs_type": "name", "crs_properties_name": "urn:ogc:def:crs:EPSG::25832", "feature_type": "Feature", "feature_id": "baustellen_vorschau.1112", "geometry_name": "geom", "geometry_type": "Point", "geometry_coordinates": [ 389426.38255268, 5270752.73090236 ], "geometry_x": 389426.38255267998, "geometry_y": 5270752.7309023598, "id": 1112, "gemeinde": null, "vorgangszeitraum_von": "2025-10-09T22:00:00Z", "vorgangszeitraum_bis": "2025-10-12T18:00:00Z", "art": "AK5_encours", "lage": "D105 Hésingue/St-Louis", "tagesbaustelle": null, "verursacher": null, "zusatzinfo": "Dévoiement de la chaussée et changements des limitations de vitesses - voir mesures d'exploitations ci-joints.", "sperrung": null, "projektnummer": 6769, "vorgangsnummer": null, "datenquelle": "Collectivité européenne d’Alsace", "stand": "2025-10-05T22:00:00Z", "index_right": null, "Stadtteil_Nummer": null, "Stadtteil": null }, "geometry": { "type": "Point", "coordinates": [ 389426.38255267997738, 5270752.730902359820902 ] } },
{ "type": "Feature", "properties": { "type": "FeatureCollection", "totalFeatures": 270, "numberMatched": 270, "numberReturned": 270, "timeStamp": "2025-10-06T14:15:33.080Z", "crs_type": "name", "crs_properties_name": "urn:ogc:def:crs:EPSG::25832", "feature_type": "Feature", "feature_id": "baustellen_vorschau.1117", "geometry_name": "geom", "geometry_type": "Point", "geometry_coordinates": [ 373668.45130709, 5366749.02202348 ], "geometry_x": 373668.45130709, "geometry_y": 5366749.0220234804, "id": 1117, "gemeinde": null, "vorgangszeitraum_von": "2025-12-09T23:00:00Z", "vorgangszeitraum_bis": "2025-10-12T10:00:00Z", "art": "CE3a Information", "lage": "D130 - Bœrsch, Grendelbruch, Le Hohwald, Natzwiller, Neuviller-la-Roche et Ottrott", "tagesbaustelle": null, "verursacher": null, "zusatzinfo": "Manifestation sportive intitulée “Biathlon <br />d'automne”<br />• Sur la D130 du PR 008 + 0800 au PR 014 + 0229 <br />Dans les deux sens de circulation, sur les communes de Bœrsch, de Grendelbruch, de Le Hohwald, <br />de Natzwiller, de Neuviller-la-Roche et d'Ottrott, la circulation est interdite à tous les véhicules.<br />• les signaleurs facilitent le déroulement des épreuves dans le cadre de l'usage privatif de la <br />chaussée et peuvent être fixes ou mobiles.<br />Toute circulation publique (et/ou le stationnement) est interdite aux horaires susmentionnés sur <br />l'itinéraire de la manifestation sportive. L’usage de la chaussée est réservé uniquement à la <br />manifestation. Toutefois cette disposition n'est pas applicable aux véhicules de secours, aux <br />véhicules des forces de l'ordre, aux véhicules du gestionnaire de la voirie, aux véhicules de <br />l'organisateur de la manifestation.<br />Les usagers de la route ne peuvent reprendre leur marche qu’après la réouverture de la route et <br />l’accord des signaleurs.<br />Une déviation sera mise en place pour tous les véhicules, dans les deux sens de circulation par les <br />D130, D1420, D57, D657, D414, D214, via les communes de BAREMBACH, NATZWILLER, ROTHAU, <br />LA BROQUE, PLAINE, FOUDAY, BLANCHERUPT, WALDERSBACH, BELMONT, LE HOHWALD.", "sperrung": null, "projektnummer": 6795, "vorgangsnummer": null, "datenquelle": "Collectivité européenne d’Alsace", "stand": "2025-10-05T22:00:00Z", "index_right": null, "Stadtteil_Nummer": null, "Stadtteil": null }, "geometry": { "type": "Point", "coordinates": [ 373668.451307089999318, 5366749.022023480385542 ] } },
{ "type": "Feature", "properties": { "type": "FeatureCollection", "totalFeatures": 270, "numberMatched": 270, "numberReturned": 270, "timeStamp": "2025-10-06T14:15:33.080Z", "crs_type": "name", "crs_properties_name": "urn:ogc:def:crs:EPSG::25832", "feature_type": "Feature", "feature_id": "baustellen_vorschau.1141", "geometry_name": "geom", "geometry_type": "Point", "geometry_coordinates": [ 385210.78500328, 5368673.75808025 ], "geometry_x": 385210.78500327998, "geometry_y": 5368673.7580802497, "id": 1141, "gemeinde": null, "vorgangszeitraum_von": "2025-10-19T22:00:00Z", "vorgangszeitraum_bis": "2025-10-24T06:00:00Z", "art": "KC1_route-barree", "lage": "D426 - Entre Obernai et Ottrott", "tagesbaustelle": null, "verursacher": null, "zusatzinfo": "Route barrée avec mise en place d'une déviation (voir arrêté et plan)", "sperrung": null, "projektnummer": 6810, "vorgangsnummer": null, "datenquelle": "Collectivité européenne d’Alsace", "stand": "2025-10-05T22:00:00Z", "index_right": null, "Stadtteil_Nummer": null, "Stadtteil": null }, "geometry": { "type": "Point", "coordinates": [ 385210.785003279976081, 5368673.758080249652267 ] } },
{ "type": "Feature", "properties": { "type": "FeatureCollection", "totalFeatures": 270, "numberMatched": 270, "numberReturned": 270, "timeStamp": "2025-10-06T14:15:33.080Z", "crs_type": "name", "crs_properties_name": "urn:ogc:def:crs:EPSG::25832", "feature_type": "Feature", "feature_id": "baustellen_vorschau.1142", "geometry_name": "geom", "geometry_type": "Point", "geometry_coordinates": [ 405143.42852949, 5359769.02810579 ], "geometry_x": 405143.42852949002, "geometry_y": 5359769.0281057898, "id": 1142, "gemeinde": null, "vorgangszeitraum_von": "2025-10-19T22:00:00Z", "vorgangszeitraum_bis": "2025-11-21T17:00:00Z", "art": "Travaux", "lage": "D426 - Gerstheim ", "tagesbaustelle": null, "verursacher": null, "zusatzinfo": "Veuillez vous référer aux documents joints pour connaître les modalités de circulation.", "sperrung": null, "projektnummer": 6805, "vorgangsnummer": null, "datenquelle": "Collectivité européenne d’Alsace", "stand": "2025-10-05T22:00:00Z", "index_right": null, "Stadtteil_Nummer": null, "Stadtteil": null }, "geometry": { "type": "Point", "coordinates": [ 405143.428529490018263, 5359769.028105789795518 ] } },
{ "type": "Feature", "properties": { "type": "FeatureCollection", "totalFeatures": 270, "numberMatched": 270, "numberReturned": 270, "timeStamp": "2025-10-06T14:15:33.080Z", "crs_type": "name", "crs_properties_name": "urn:ogc:def:crs:EPSG::25832", "feature_type": "Feature", "feature_id": "baustellen_vorschau.1148", "geometry_name": "geom", "geometry_type": "Point", "geometry_coordinates": [ 366913.58066514, 5304229.63451006 ], "geometry_x": 366913.58066514001, "geometry_y": 5304229.6345100598, "id": 1148, "gemeinde": null, "vorgangszeitraum_von": "2025-10-12T22:00:00Z", "vorgangszeitraum_bis": "2025-10-14T16:00:00Z", "art": "KC1_route-barree", "lage": "D505 Soultz-Haut-Rhin", "tagesbaustelle": null, "verursacher": null, "zusatzinfo": "Travaux de voirie;<br />Veuillez consulter les documents ci-dessous.", "sperrung": null, "projektnummer": 6813, "vorgangsnummer": null, "datenquelle": "Collectivité européenne d’Alsace", "stand": "2025-10-05T22:00:00Z", "index_right": null, "Stadtteil_Nummer": null, "Stadtteil": null }, "geometry": { "type": "Point", "coordinates": [ 366913.580665140005294, 5304229.634510059840977 ] } },
{ "type": "Feature", "properties": { "type": "FeatureCollection", "totalFeatures": 270, "numberMatched": 270, "numberReturned": 270, "timeStamp": "2025-10-06T14:15:33.080Z", "crs_type": "name", "crs_properties_name": "urn:ogc:def:crs:EPSG::25832", "feature_type": "Feature", "feature_id": "baustellen_vorschau.1163", "geometry_name": "geom", "geometry_type": "Point", "geometry_coordinates": [ 380187.29902278, 5315051.08672507 ], "geometry_x": 380187.29902277997, "geometry_y": 5315051.0867250701, "id": 1163, "gemeinde": null, "vorgangszeitraum_von": "2025-12-09T23:00:00Z", "vorgangszeitraum_bis": "2025-10-12T08:00:00Z", "art": "KC1_route-barree", "lage": "D8I Niederergheim", "tagesbaustelle": null, "verursacher": null, "zusatzinfo": "Route barrée suite à manifestation sportive", "sperrung": null, "projektnummer": 6800, "vorgangsnummer": null, "datenquelle": "Collectivité européenne d’Alsace", "stand": "2025-10-05T22:00:00Z", "index_right": null, "Stadtteil_Nummer": null, "Stadtteil": null }, "geometry": { "type": "Point", "coordinates": [ 380187.299022779974621, 5315051.086725070141256 ] } },
{ "type": "Feature", "properties": { "type": "FeatureCollection", "totalFeatures": 270, "numberMatched": 270, "numberReturned": 270, "timeStamp": "2025-10-06T14:15:33.080Z", "crs_type": "name", "crs_properties_name": "urn:ogc:def:crs:EPSG::25832", "feature_type": "Feature", "feature_id": "baustellen_vorschau.1167", "geometry_name": "geom", "geometry_type": "Point", "geometry_coordinates": [ 370813.78083472, 5418509.94976878 ], "geometry_x": 370813.78083472, "geometry_y": 5418509.9497687798, "id": 1167, "gemeinde": null, "vorgangszeitraum_von": "2025-10-08T22:00:00Z", "vorgangszeitraum_bis": "2025-10-31T21:00:00Z", "art": "AK5_encours", "lage": "D919 - TIEFFENBACH ", "tagesbaustelle": null, "verursacher": null, "zusatzinfo": "D919 - TIEFFENBACH - Travaux sur l'ouvrage d'art<br /><br />A compter du Mercredi 10 Septembre 2025 et jusqu'au Vendredi 31 Octobre 2025 inclus, sur la D919 au PR 028 + 0387, dans les deux sens de circulation, sur la commune de Tieffenbach, la circulation des véhicules est alternée par feux tricolores de chantier, sur décision du maître d'œuvre.<br />Cette disposition est applicable de jour comme de nuit.<br />En raison de contrainte technique lié au chantier la largeur de la chaussée sera réduite à 2 mètres.<br /><br />Une déviation sera mise en place pour les poids lourds, dans les deux sens de circulation par les D78, D183, D9, D239,  via les communes de TIEFFENBACH, STRUTH, PETERSBACH, LOHR, OTTWILLER, ASSWILLER, DURSTEL, ADAMSWILLER.<br /><br />Le Mardi 30 Septembre 2025 sur la D919 au PR 028 + 0387, dans les deux sens de circulation, sur la commune de Tieffenbach, la circulation est interdite à tous les véhicules.<br />Cette disposition est applicable de 06h30 à 19h00.<br />.<br />Toutefois cette disposition n'est pas applicable aux véhicules du gestionnaire de la voirie, aux véhicules des forces de l'ordre, aux véhicules de secours, aux véhicules de l'entreprise en charge des travaux.<br /><br />Une déviation sera mise en place pour tous les véhicules, dans les deux sens de circulation par les D78, D183, D9, D239,  via les communes de TIEFFENBACH, STRUTH, PETERSBACH, LOHR, OTTWILLER, ASSWILLER, DURSTEL, ADAMSWILLER.", "sperrung": null, "projektnummer": 6728, "vorgangsnummer": null, "datenquelle": "Collectivité européenne d’Alsace", "stand": "2025-10-05T22:00:00Z", "index_right": null, "Stadtteil_Nummer": null, "Stadtteil": null }, "geometry": { "type": "Point", "coordinates": [ 370813.78083472000435, 5418509.949768779799342 ] } },
{ "type": "Feature", "properties": { "type": "FeatureCollection", "totalFeatures": 270, "numberMatched": 270, "numberReturned": 270, "timeStamp": "2025-10-06T14:15:33.080Z", "crs_type": "name", "crs_properties_name": "urn:ogc:def:crs:EPSG::25832", "feature_type": "Feature", "feature_id": "baustellen_vorschau.1175", "geometry_name": "geom", "geometry_type": "Point", "geometry_coordinates": [ 402109.02930568, 5358385.20414795 ], "geometry_x": 402109.02930568001, "geometry_y": 5358385.2041479498, "id": 1175, "gemeinde": null, "vorgangszeitraum_von": "2025-10-14T22:00:00Z", "vorgangszeitraum_bis": "2025-10-20T16:00:00Z", "art": "Travaux", "lage": "Piste cyclable du canal du Rhône au Rhin - Gerstheim et Obenheim", "tagesbaustelle": null, "verursacher": null, "zusatzinfo": "Veuillez vous référer aux documents joints pour connaître les modalités.", "sperrung": null, "projektnummer": 6806, "vorgangsnummer": null, "datenquelle": "Collectivité européenne d’Alsace", "stand": "2025-10-05T22:00:00Z", "index_right": null, "Stadtteil_Nummer": null, "Stadtteil": null }, "geometry": { "type": "Point", "coordinates": [ 402109.029305680014659, 5358385.204147949814796 ] } },
{ "type": "Feature", "properties": { "type": "FeatureCollection", "totalFeatures": 270, "numberMatched": 270, "numberReturned": 270, "timeStamp": "2025-10-06T14:15:33.080Z", "crs_type": "name", "crs_properties_name": "urn:ogc:def:crs:EPSG::25832", "feature_type": "Feature", "feature_id": "baustellen_vorschau.101725969", "geometry_name": "geom", "geometry_type": "Polygon", "geometry_coordinates": [ [ [ 455848.9770598, 5428434.5537653 ], [ 455750.69134588, 5428304.55376538 ], [ 455758.97705987, 5428298.26805139 ], [ 455859.54848779, 5428425.69662231 ], [ 455848.9770598, 5428434.5537653 ] ] ], "geometry_x": null, "geometry_y": null, "id": 101725969, "gemeinde": "Karlsruhe", "vorgangszeitraum_von": "2026-04-29T22:00:00Z", "vorgangszeitraum_bis": "2026-10-31T22:59:59Z", "art": "Strom bzw. TK-Versorgung", "lage": "Herrenstraße zw. Karlstor und Amalienstraße", "tagesbaustelle": null, "verursacher": "Stadtwerke Karlsruhe", "zusatzinfo": "Aufteilung nicht vorgenommen", "sperrung": "mit Verkehrsbehinderung", "projektnummer": 22525, "vorgangsnummer": "2019V3692", "datenquelle": "Stadt Karlsruhe", "stand": "2025-07-27T22:00:00Z", "index_right": 14.0, "Stadtteil_Nummer": "021", "Stadtteil": "Östlicher Teil" }, "geometry": { "type": "Polygon", "coordinates": [ [ [ 455848.97705980000319, 5428434.553765299730003 ], [ 455750.691345879982691, 5428304.553765379823744 ], [ 455758.977059870027006, 5428298.268051389604807 ], [ 455859.548487789987121, 5428425.696622310206294 ], [ 455848.97705980000319, 5428434.553765299730003 ] ] ] } },
{ "type": "Feature", "properties": { "type": "FeatureCollection", "totalFeatures": 270, "numberMatched": 270, "numberReturned": 270, "timeStamp": "2025-10-06T14:15:33.080Z", "crs_type": "name", "crs_properties_name": "urn:ogc:def:crs:EPSG::25832", "feature_type": "Feature", "feature_id": "baustellen_vorschau.101725970", "geometry_name": "geom", "geometry_type": "Point", "geometry_coordinates": [ 455806.86269584, 5428368.76970135 ], "geometry_x": 455806.86269584001, "geometry_y": 5428368.7697013495, "id": 101725970, "gemeinde": "Karlsruhe", "vorgangszeitraum_von": "2026-04-29T22:00:00Z", "vorgangszeitraum_bis": "2026-10-31T22:59:59Z", "art": "Strom bzw. TK-Versorgung", "lage": "Herrenstraße zw. Karlstor und Amalienstraße", "tagesbaustelle": null, "verursacher": "Stadtwerke Karlsruhe", "zusatzinfo": "Aufteilung nicht vorgenommen", "sperrung": "mit Verkehrsbehinderung", "projektnummer": 22525, "vorgangsnummer": "2019V3692", "datenquelle": "Stadt Karlsruhe", "stand": "2025-07-27T22:00:00Z", "index_right": 14.0, "Stadtteil_Nummer": "021", "Stadtteil": "Östlicher Teil" }, "geometry": { "type": "Point", "coordinates": [ 455806.862695840012748, 5428368.769701349548995 ] } },
{ "type": "Feature", "properties": { "type": "FeatureCollection", "totalFeatures": 270, "numberMatched": 270, "numberReturned": 270, "timeStamp": "2025-10-06T14:15:33.080Z", "crs_type": "name", "crs_properties_name": "urn:ogc:def:crs:EPSG::25832", "feature_type": "Feature", "feature_id": "baustellen_vorschau.102021977", "geometry_name": "geom", "geometry_type": "MultiPolygon", "geometry_coordinates": [ [ [ [ 455568.34010602, 5426039.45203671 ], [ 455574.26891401, 5426036.45191671 ], [ 455580.34058601, 5426047.73808271 ], [ 455573.91175701, 5426050.80963371 ], [ 455568.34010602, 5426039.45203671 ] ] ], [ [ [ 455588.051621, 5426050.39858171 ], [ 455593.723281, 5426061.1159327 ], [ 455587.883886, 5426064.3741367 ], [ 455581.30734801, 5426053.48883371 ], [ 455588.051621, 5426050.39858171 ] ] ] ], "geometry_x": null, "geometry_y": null, "id": 102021977, "gemeinde": "Karlsruhe", "vorgangszeitraum_von": "2025-11-09T23:00:00Z", "vorgangszeitraum_bis": "2026-02-18T22:59:59Z", "art": "Haltestellenumbau mit Straßenumgestaltung", "lage": "Neckarstraße zwischen Enzstraße und Dreisamstraße", "tagesbaustelle": null, "verursacher": "Tiefbauamt", "zusatzinfo": "Abwicklung in mehreren Bauabschnitten, Aufteilung nicht vorgenommen.", "sperrung": "mit Verkehrsbehinderung", "projektnummer": 31027, "vorgangsnummer": "2020V5592", "datenquelle": "Stadt Karlsruhe", "stand": "2025-08-10T22:00:00Z", "index_right": 29.0, "Stadtteil_Nummer": "141", "Stadtteil": "Weiherfeld" }, "geometry": { "type": "MultiPolygon", "coordinates": [ [ [ [ 455568.340106019983068, 5426039.452036710456014 ], [ 455574.268914010026492, 5426036.451916709542274 ], [ 455580.340586010017432, 5426047.738082709722221 ], [ 455573.911757009977009, 5426050.809633710421622 ], [ 455568.340106019983068, 5426039.452036710456014 ] ] ], [ [ [ 455588.051621, 5426050.398581709712744 ], [ 455593.723280999984127, 5426061.115932700224221 ], [ 455587.883886000025086, 5426064.374136700294912 ], [ 455581.307348010013811, 5426053.488833709619939 ], [ 455588.051621, 5426050.398581709712744 ] ] ] ] } },
{ "type": "Feature", "properties": { "type": "FeatureCollection", "totalFeatures": 270, "numberMatched": 270, "numberReturned": 270, "timeStamp": "2025-10-06T14:15:33.080Z", "crs_type": "name", "crs_properties_name": "urn:ogc:def:crs:EPSG::25832", "feature_type": "Feature", "feature_id": "baustellen_vorschau.102021978", "geometry_name": "geom", "geometry_type": "Point", "geometry_coordinates": [ 455574.25531101, 5426043.67523971 ], "geometry_x": 455574.25531101, "geometry_y": 5426043.6752397101, "id": 102021978, "gemeinde": "Karlsruhe", "vorgangszeitraum_von": "2025-11-09T23:00:00Z", "vorgangszeitraum_bis": "2026-02-18T22:59:59Z", "art": "Haltestellenumbau mit Straßenumgestaltung", "lage": "Neckarstraße zwischen Enzstraße und Dreisamstraße", "tagesbaustelle": null, "verursacher": "Tiefbauamt", "zusatzinfo": "Abwicklung in mehreren Bauabschnitten, Aufteilung nicht vorgenommen.", "sperrung": "mit Verkehrsbehinderung", "projektnummer": 31027, "vorgangsnummer": "2020V5592", "datenquelle": "Stadt Karlsruhe", "stand": "2025-08-10T22:00:00Z", "index_right": 29.0, "Stadtteil_Nummer": "141", "Stadtteil": "Weiherfeld" }, "geometry": { "type": "Point", "coordinates": [ 455574.255311009997968, 5426043.675239710137248 ] } },
{ "type": "Feature", "properties": { "type": "FeatureCollection", "totalFeatures": 270, "numberMatched": 270, "numberReturned": 270, "timeStamp": "2025-10-06T14:15:33.080Z", "crs_type": "name", "crs_properties_name": "urn:ogc:def:crs:EPSG::25832", "feature_type": "Feature", "feature_id": "baustellen_vorschau.102078846", "geometry_name": "geom", "geometry_type": "MultiPolygon", "geometry_coordinates": [ [ [ [ 454968.86546052, 5426532.34875843 ], [ 454963.05447153, 5426517.96301843 ], [ 454966.73948852, 5426516.26224144 ], [ 454973.18826852, 5426530.50625043 ], [ 454968.86546052, 5426532.34875843 ] ] ], [ [ [ 454997.0780515, 5426606.28243538 ], [ 454990.8066885, 5426586.22824739 ], [ 454992.9325745, 5426585.4841874 ], [ 454998.2472885, 5426582.4370844 ], [ 455004.12890549, 5426600.43625039 ], [ 455001.36525449, 5426601.78264438 ], [ 454999.6645455, 5426605.25492438 ], [ 454997.0780515, 5426606.28243538 ] ] ] ], "geometry_x": null, "geometry_y": null, "id": 102078846, "gemeinde": "Karlsruhe", "vorgangszeitraum_von": "2026-02-28T23:00:00Z", "vorgangszeitraum_bis": "2026-05-31T21:59:59Z", "art": "Haltestellenumbau mit Straßenumgestaltung", "lage": "Litzenhardtsatrße zw. St.-Florian-Straße und Breite Straße", "tagesbaustelle": null, "verursacher": "Tiefbauamt", "zusatzinfo": "Abwicklung in mehreren Bauabschnitten, Aufteilung nicht vorgenommen, Dauer der Vollsperrung ca. 5 Wochen", "sperrung": "mit Vollsperrung", "projektnummer": 35548, "vorgangsnummer": "2021V5742", "datenquelle": "Stadt Karlsruhe", "stand": "2025-09-08T22:00:00Z", "index_right": 0.0, "Stadtteil_Nummer": "132", "Stadtteil": "Bulach" }, "geometry": { "type": "MultiPolygon", "coordinates": [ [ [ [ 454968.865460520028137, 5426532.348758430220187 ], [ 454963.054471530020237, 5426517.963018430396914 ], [ 454966.739488520019222, 5426516.262241439893842 ], [ 454973.1882685199962, 5426530.5062504298985 ], [ 454968.865460520028137, 5426532.348758430220187 ] ] ], [ [ [ 454997.078051500022411, 5426606.28243537992239 ], [ 454990.806688499986194, 5426586.228247390128672 ], [ 454992.932574499980547, 5426585.484187399968505 ], [ 454998.247288500017021, 5426582.437084400095046 ], [ 455004.128905489982571, 5426600.436250389553607 ], [ 455001.365254489996005, 5426601.782644379884005 ], [ 454999.664545500010718, 5426605.254924380220473 ], [ 454997.078051500022411, 5426606.28243537992239 ] ] ] ] } },
{ "type": "Feature", "properties": { "type": "FeatureCollection", "totalFeatures": 270, "numberMatched": 270, "numberReturned": 270, "timeStamp": "2025-10-06T14:15:33.080Z", "crs_type": "name", "crs_properties_name": "urn:ogc:def:crs:EPSG::25832", "feature_type": "Feature", "feature_id": "baustellen_vorschau.102078847", "geometry_name": "geom", "geometry_type": "Point", "geometry_coordinates": [ 454997.5201175, 5426594.05461439 ], "geometry_x": 454997.52011749998, "geometry_y": 5426594.0546143902, "id": 102078847, "gemeinde": "Karlsruhe", "vorgangszeitraum_von": "2026-02-28T23:00:00Z", "vorgangszeitraum_bis": "2026-05-31T21:59:59Z", "art": "Haltestellenumbau mit Straßenumgestaltung", "lage": "Litzenhardtsatrße zw. St.-Florian-Straße und Breite Straße", "tagesbaustelle": null, "verursacher": "Tiefbauamt", "zusatzinfo": "Abwicklung in mehreren Bauabschnitten, Aufteilung nicht vorgenommen, Dauer der Vollsperrung ca. 5 Wochen", "sperrung": "mit Vollsperrung", "projektnummer": 35548, "vorgangsnummer": "2021V5742", "datenquelle": "Stadt Karlsruhe", "stand": "2025-09-08T22:00:00Z", "index_right": 0.0, "Stadtteil_Nummer": "132", "Stadtteil": "Bulach" }, "geometry": { "type": "Point", "coordinates": [ 454997.520117499982007, 5426594.05461439024657 ] } },
{ "type": "Feature", "properties": { "type": "FeatureCollection", "totalFeatures": 270, "numberMatched": 270, "numberReturned": 270, "timeStamp": "2025-10-06T14:15:33.080Z", "crs_type": "name", "crs_properties_name": "urn:ogc:def:crs:EPSG::25832", "feature_type": "Feature", "feature_id": "baustellen_vorschau.102244740", "geometry_name": "geom", "geometry_type": "Polygon", "geometry_coordinates": [ [ [ 455200.31430834, 5428615.9673782 ], [ 455198.74717134, 5428620.26948919 ], [ 455199.53288634, 5428631.51948919 ], [ 455201.31860034, 5428653.26948918 ], [ 455202.92574334, 5428673.73377517 ], [ 455204.27484034, 5428690.44569516 ], [ 455205.27484034, 5428703.37426715 ], [ 455208.34626834, 5428703.26712415 ], [ 455208.98912634, 5428707.40998115 ], [ 455215.06055433, 5428707.19569515 ], [ 455215.48912633, 5428709.69569514 ], [ 455205.88198334, 5428710.26712414 ], [ 455207.17431734, 5428716.99659514 ], [ 455208.36489734, 5428720.73841814 ], [ 455210.34919734, 5428749.70919812 ], [ 455188.91875735, 5428751.86358112 ], [ 455186.99115135, 5428730.71661213 ], [ 455201.90174834, 5428728.16536913 ], [ 455199.80406034, 5428706.73492915 ], [ 455199.01034034, 5428694.94251815 ], [ 455196.51579135, 5428663.76066117 ], [ 455194.70157435, 5428639.94906119 ], [ 455192.77396835, 5428616.4209322 ], [ 455200.31430834, 5428615.9673782 ] ] ], "geometry_x": null, "geometry_y": null, "id": 102244740, "gemeinde": "Karlsruhe", "vorgangszeitraum_von": "2026-07-29T22:00:00Z", "vorgangszeitraum_bis": "2026-10-16T21:59:59Z", "art": "Fernwärmeversorgung", "lage": "Reinhold-Frank-Straße zwischen Belfortstraße und Kaiserallee", "tagesbaustelle": null, "verursacher": "Stadtwerke Karlsruhe", "zusatzinfo": "Abwicklung in mehreren Bauabschnitten, Aufteilung nicht vorgenommen", "sperrung": "mit Sperrung in eine Fahrtrichtung", "projektnummer": 40847, "vorgangsnummer": "2024V5284", "datenquelle": "Stadt Karlsruhe", "stand": "2025-10-05T22:00:00Z", "index_right": null, "Stadtteil_Nummer": null, "Stadtteil": null }, "geometry": { "type": "Polygon", "coordinates": [ [ [ 455200.314308340020943, 5428615.967378200031817 ], [ 455198.74717133998638, 5428620.269489189609885 ], [ 455199.532886339991819, 5428631.519489189609885 ], [ 455201.318600339989644, 5428653.269489180296659 ], [ 455202.925743339990731, 5428673.733775169588625 ], [ 455204.274840340018272, 5428690.445695159956813 ], [ 455205.274840340018272, 5428703.374267149716616 ], [ 455208.346268340013921, 5428703.267124149948359 ], [ 455208.989126340020448, 5428707.409981150180101 ], [ 455215.060554330004379, 5428707.195695149712265 ], [ 455215.48912633000873, 5428709.695695140399039 ], [ 455205.88198334001936, 5428710.26712413970381 ], [ 455207.174317340017296, 5428716.996595139615238 ], [ 455208.364897340012249, 5428720.73841814044863 ], [ 455210.349197340023238, 5428749.709198120050132 ], [ 455188.9187573500094, 5428751.863581120036542 ], [ 455186.991151350026485, 5428730.716612130403519 ], [ 455201.901748339994811, 5428728.165369129739702 ], [ 455199.804060339985881, 5428706.734929149970412 ], [ 455199.010340340028051, 5428694.942518150433898 ], [ 455196.515791349986102, 5428663.760661169886589 ], [ 455194.701574350008741, 5428639.949061189778149 ], [ 455192.773968350025825, 5428616.420932199805975 ], [ 455200.314308340020943, 5428615.967378200031817 ] ] ] } },
{ "type": "Feature", "properties": { "type": "FeatureCollection", "totalFeatures": 270, "numberMatched": 270, "numberReturned": 270, "timeStamp": "2025-10-06T14:15:33.080Z", "crs_type": "name", "crs_properties_name": "urn:ogc:def:crs:EPSG::25832", "feature_type": "Feature", "feature_id": "baustellen_vorschau.102132432", "geometry_name": "geom", "geometry_type": "Polygon", "geometry_coordinates": [ [ [ 460090.83519126, 5427778.35737768 ], [ 460168.6203332, 5427755.97412869 ], [ 460170.06373319, 5427753.30382869 ], [ 460169.5843222, 5427751.67420769 ], [ 460175.99365619, 5427749.7961137 ], [ 460177.62443319, 5427755.32442869 ], [ 460178.45833319, 5427755.79702869 ], [ 460204.92313317, 5427748.1831287 ], [ 460205.38903317, 5427747.44442869 ], [ 460204.03583317, 5427742.6199287 ], [ 460210.23125616, 5427740.8333767 ], [ 460211.13547016, 5427743.7748357 ], [ 460213.63913316, 5427742.9498287 ], [ 460222.82081315, 5427740.2448777 ], [ 460247.54243313, 5427733.3100287 ], [ 460250.99193313, 5427730.87462871 ], [ 460252.96603313, 5427728.32382871 ], [ 460260.35864412, 5427732.5437527 ], [ 460258.51593312, 5427735.0882287 ], [ 460256.85793312, 5427737.1495287 ], [ 460254.93823312, 5427738.7919287 ], [ 460252.71833313, 5427740.0333287 ], [ 460250.39853313, 5427741.0878287 ], [ 460205.76373317, 5427754.24762869 ], [ 460131.07323323, 5427775.81742868 ], [ 460128.39673323, 5427777.08832868 ], [ 460126.91444423, 5427778.54006668 ], [ 460112.79873324, 5427782.40632868 ], [ 460109.77183325, 5427781.35202867 ], [ 460105.99913325, 5427781.39792868 ], [ 460100.17512225, 5427783.03907068 ], [ 460094.78491126, 5427784.60605967 ], [ 460092.80827126, 5427785.18058267 ], [ 460091.27748326, 5427779.89454868 ], [ 460090.83519126, 5427778.35737768 ] ] ], "geometry_x": null, "geometry_y": null, "id": 102132432, "gemeinde": "Karlsruhe", "vorgangszeitraum_von": "2026-08-02T22:00:00Z", "vorgangszeitraum_bis": "2026-09-06T21:59:59Z", "art": "Straßenbau", "lage": "Johann-Strauß-Straße zw. Anton-Bruckner-Straße und Zufahrt K 9659 (ehem. B 10)", "tagesbaustelle": null, "verursacher": "Tiefbauamt", "zusatzinfo": "Abwicklung in mehreren Bauabschnitten, Aufteilung nicht vorgenommen", "sperrung": "mit Verkehrsbehinderung", "projektnummer": 12438, "vorgangsnummer": "2022V5259", "datenquelle": "Stadt Karlsruhe", "stand": "2025-05-19T22:00:00Z", "index_right": 54.0, "Stadtteil_Nummer": "192", "Stadtteil": "Dornwald-Untermühl" }, "geometry": { "type": "Polygon", "coordinates": [ [ [ 460090.835191259975545, 5427778.357377680018544 ], [ 460168.620333199971355, 5427755.974128689616919 ], [ 460170.063733190007042, 5427753.303828690201044 ], [ 460169.584322199982125, 5427751.674207690171897 ], [ 460175.993656189995818, 5427749.796113699674606 ], [ 460177.624433189979754, 5427755.324428689666092 ], [ 460178.45833319000667, 5427755.797028689645231 ], [ 460204.923133169999346, 5427748.183128699660301 ], [ 460205.389033170009498, 5427747.444428689777851 ], [ 460204.035833169997204, 5427742.619928699918091 ], [ 460210.231256160011981, 5427740.833376700058579 ], [ 460211.13547015999211, 5427743.774835700169206 ], [ 460213.63913316000253, 5427742.94982870016247 ], [ 460222.820813150028698, 5427740.244877699762583 ], [ 460247.542433129972778, 5427733.310028700158 ], [ 460250.991933130018879, 5427730.874628709629178 ], [ 460252.966033130011056, 5427728.323828710243106 ], [ 460260.35864411998773, 5427732.543752700090408 ], [ 460258.515933119982947, 5427735.088228699751198 ], [ 460256.857933119987138, 5427737.149528699927032 ], [ 460254.938233120017685, 5427738.791928700171411 ], [ 460252.718333130003884, 5427740.033328699879348 ], [ 460250.398533130006399, 5427741.087828700430691 ], [ 460205.763733169995248, 5427754.247628689743578 ], [ 460131.07323322998127, 5427775.8174286801368 ], [ 460128.396733229979873, 5427777.088328680023551 ], [ 460126.914444229973014, 5427778.540066679939628 ], [ 460112.798733239993453, 5427782.406328679993749 ], [ 460109.771833250008058, 5427781.352028669789433 ], [ 460105.999133249977604, 5427781.397928680293262 ], [ 460100.175122249987908, 5427783.039070679806173 ], [ 460094.784911260008812, 5427784.606059670448303 ], [ 460092.808271260000765, 5427785.180582669563591 ], [ 460091.277483260026202, 5427779.894548679701984 ], [ 460090.835191259975545, 5427778.357377680018544 ] ] ] } },
{ "type": "Feature", "properties": { "type": "FeatureCollection", "totalFeatures": 270, "numberMatched": 270, "numberReturned": 270, "timeStamp": "2025-10-06T14:15:33.080Z", "crs_type": "name", "crs_properties_name": "urn:ogc:def:crs:EPSG::25832", "feature_type": "Feature", "feature_id": "baustellen_vorschau.102132433", "geometry_name": "geom", "geometry_type": "Point", "geometry_coordinates": [ 460175.07767119, 5427758.46757569 ], "geometry_x": 460175.07767119003, "geometry_y": 5427758.4675756898, "id": 102132433, "gemeinde": "Karlsruhe", "vorgangszeitraum_von": "2026-08-02T22:00:00Z", "vorgangszeitraum_bis": "2026-09-06T21:59:59Z", "art": "Straßenbau", "lage": "Johann-Strauß-Straße zw. Anton-Bruckner-Straße und Zufahrt K 9659 (ehem. B 10)", "tagesbaustelle": null, "verursacher": "Tiefbauamt", "zusatzinfo": "Abwicklung in mehreren Bauabschnitten, Aufteilung nicht vorgenommen", "sperrung": "mit Verkehrsbehinderung", "projektnummer": 12438, "vorgangsnummer": "2022V5259", "datenquelle": "Stadt Karlsruhe", "stand": "2025-05-19T22:00:00Z", "index_right": 54.0, "Stadtteil_Nummer": "192", "Stadtteil": "Dornwald-Untermühl" }, "geometry": { "type": "Point", "coordinates": [ 460175.077671190025285, 5427758.467575689777732 ] } },
{ "type": "Feature", "properties": { "type": "FeatureCollection", "totalFeatures": 270, "numberMatched": 270, "numberReturned": 270, "timeStamp": "2025-10-06T14:15:33.080Z", "crs_type": "name", "crs_properties_name": "urn:ogc:def:crs:EPSG::25832", "feature_type": "Feature", "feature_id": "baustellen_vorschau.102135581", "geometry_name": "geom", "geometry_type": "Polygon", "geometry_coordinates": [ [ [ 452992.4506392, 5430304.86442721 ], [ 452988.9688392, 5430296.51682721 ], [ 453009.06233918, 5430282.20732722 ], [ 453027.60263917, 5430266.58022723 ], [ 453026.83973917, 5430257.50592724 ], [ 453032.20483916, 5430254.71402724 ], [ 453038.29463916, 5430257.06512724 ], [ 453049.72853915, 5430248.59322724 ], [ 453129.55663908, 5430181.81172728 ], [ 453130.44483008, 5430175.80649328 ], [ 453133.51683908, 5430173.51562728 ], [ 453137.02743907, 5430174.99902729 ], [ 453151.50427006, 5430163.79213629 ], [ 453227.592339, 5430099.54252733 ], [ 453226.638212, 5430092.59983733 ], [ 453231.85013899, 5430091.09272733 ], [ 453235.65063899, 5430092.40322733 ], [ 453254.01054398, 5430078.01807334 ], [ 453322.78903892, 5430020.23332738 ], [ 453322.23781592, 5430014.42509338 ], [ 453325.54143892, 5430011.69292738 ], [ 453328.20283891, 5430013.60852738 ], [ 453332.97823891, 5430012.13852738 ], [ 453376.89103887, 5429975.4715274 ], [ 453419.73433884, 5429939.72342742 ], [ 453438.01305682, 5429924.32988843 ], [ 453477.74563879, 5429890.08152745 ], [ 453519.95355775, 5429852.88701148 ], [ 453538.77143874, 5429837.04602748 ], [ 453545.04010073, 5429832.90294249 ], [ 453549.45503873, 5429841.95892748 ], [ 453536.40113874, 5429845.44220848 ], [ 453457.5277748, 5429912.66714844 ], [ 453349.9592219, 5430002.10594739 ], [ 453315.88702192, 5430030.09019037 ], [ 453184.29070203, 5430141.46122431 ], [ 453141.34607907, 5430176.75235028 ], [ 453139.15824307, 5430181.69950328 ], [ 453134.61739008, 5430185.42183628 ], [ 453129.89275008, 5430185.53432728 ], [ 453106.4945331, 5430205.10783627 ], [ 453037.30366516, 5430262.23328423 ], [ 452998.04028219, 5430295.34321621 ], [ 452992.4506392, 5430304.86442721 ] ] ], "geometry_x": null, "geometry_y": null, "id": 102135581, "gemeinde": "Karlsruhe", "vorgangszeitraum_von": "2026-07-29T22:00:00Z", "vorgangszeitraum_bis": "2027-07-31T21:59:59Z", "art": "Gas bzw. Wasserversorgung", "lage": "Siemensallee zwischen B36/ Neureuter Straße und Hertzstraße", "tagesbaustelle": null, "verursacher": "Stadtwerke Karlsruhe", "zusatzinfo": "Abwicklung in mehreren Bauabschnitten, Aufteilung nicht vorgenommen", "sperrung": "mit Sperrung in eine Fahrtrichtung", "projektnummer": 40810, "vorgangsnummer": "2022V5679", "datenquelle": "Stadt Karlsruhe", "stand": "2025-09-16T22:00:00Z", "index_right": 50.0, "Stadtteil_Nummer": "082", "Stadtteil": "Weingärtensiedlung" }, "geometry": { "type": "Polygon", "coordinates": [ [ [ 452992.450639199989382, 5430304.864427209831774 ], [ 452988.968839199980721, 5430296.516827209852636 ], [ 453009.062339179974515, 5430282.2073272196576 ], [ 453027.602639170014299, 5430266.580227229744196 ], [ 453026.839739169983659, 5430257.50592723954469 ], [ 453032.204839160025585, 5430254.714027239941061 ], [ 453038.29463915998349, 5430257.065127239562571 ], [ 453049.728539149975404, 5430248.593227240256965 ], [ 453129.556639079994056, 5430181.811727279797196 ], [ 453130.444830080028623, 5430175.80649328045547 ], [ 453133.516839080024511, 5430173.515627279877663 ], [ 453137.027439069992397, 5430174.999027290381491 ], [ 453151.504270059987903, 5430163.792136290110648 ], [ 453227.592339000024367, 5430099.542527330107987 ], [ 453226.638212000019848, 5430092.599837330169976 ], [ 453231.850138989975676, 5430091.092727329581976 ], [ 453235.650638989987783, 5430092.403227330185473 ], [ 453254.010543979995418, 5430078.018073339946568 ], [ 453322.789038920018356, 5430020.233327380381525 ], [ 453322.237815919972491, 5430014.425093379803002 ], [ 453325.541438920015935, 5430011.692927380092442 ], [ 453328.202838909986895, 5430013.608527380041778 ], [ 453332.978238909970969, 5430012.138527380302548 ], [ 453376.891038869973272, 5429975.471527400426567 ], [ 453419.734338840004057, 5429939.723427419550717 ], [ 453438.013056820025668, 5429924.329888430424035 ], [ 453477.745638790016528, 5429890.081527450121939 ], [ 453519.953557749977335, 5429852.887011479586363 ], [ 453538.771438740019221, 5429837.046027479693294 ], [ 453545.040100730024278, 5429832.90294248983264 ], [ 453549.455038729996886, 5429841.958927479572594 ], [ 453536.401138740009628, 5429845.442208480089903 ], [ 453457.527774800022598, 5429912.667148440144956 ], [ 453349.959221899975091, 5430002.105947390198708 ], [ 453315.887021920003463, 5430030.09019036963582 ], [ 453184.290702030004468, 5430141.461224310100079 ], [ 453141.346079070004635, 5430176.752350280061364 ], [ 453139.158243070007302, 5430181.699503280222416 ], [ 453134.617390080005862, 5430185.42183628026396 ], [ 453129.892750079976395, 5430185.534327279776335 ], [ 453106.494533099990804, 5430205.107836269773543 ], [ 453037.303665160026867, 5430262.233284230343997 ], [ 452998.040282190020662, 5430295.343216209672391 ], [ 452992.450639199989382, 5430304.864427209831774 ] ] ] } },
{ "type": "Feature", "properties": { "type": "FeatureCollection", "totalFeatures": 270, "numberMatched": 270, "numberReturned": 270, "timeStamp": "2025-10-06T14:15:33.080Z", "crs_type": "name", "crs_properties_name": "urn:ogc:def:crs:EPSG::25832", "feature_type": "Feature", "feature_id": "baustellen_vorschau.102135588", "geometry_name": "geom", "geometry_type": "Point", "geometry_coordinates": [ 453274.93042096, 5430062.11167135 ], "geometry_x": 453274.93042096001, "geometry_y": 5430062.11167135, "id": 102135588, "gemeinde": "Karlsruhe", "vorgangszeitraum_von": "2026-07-29T22:00:00Z", "vorgangszeitraum_bis": "2027-07-31T21:59:59Z", "art": "Gas bzw. Wasserversorgung", "lage": "Siemensallee zwischen B36/ Neureuter Straße und Hertzstraße", "tagesbaustelle": null, "verursacher": "Stadtwerke Karlsruhe", "zusatzinfo": "Abwicklung in mehreren Bauabschnitten, Aufteilung nicht vorgenommen", "sperrung": "mit Sperrung in eine Fahrtrichtung", "projektnummer": 40810, "vorgangsnummer": "2022V5679", "datenquelle": "Stadt Karlsruhe", "stand": "2025-09-16T22:00:00Z", "index_right": 50.0, "Stadtteil_Nummer": "082", "Stadtteil": "Weingärtensiedlung" }, "geometry": { "type": "Point", "coordinates": [ 453274.930420960008632, 5430062.111671349965036 ] } },
{ "type": "Feature", "properties": { "type": "FeatureCollection", "totalFeatures": 270, "numberMatched": 270, "numberReturned": 270, "timeStamp": "2025-10-06T14:15:33.080Z", "crs_type": "name", "crs_properties_name": "urn:ogc:def:crs:EPSG::25832", "feature_type": "Feature", "feature_id": "baustellen_vorschau.102193847", "geometry_name": "geom", "geometry_type": "MultiLineString", "geometry_coordinates": [ [ [ 455923.63023373, 5427422.0331309 ], [ 455923.76523373, 5427423.8781309 ], [ 455925.92523373, 5427425.0931309 ], [ 455938.23273372, 5427425.2056309 ], [ 455957.7852337, 5427423.5406309 ], [ 455970.67773369, 5427422.6406309 ], [ 455977.67523369, 5427418.3656309 ], [ 455978.75523369, 5427405.49563091 ], [ 455978.82273369, 5427404.55063091 ], [ 455985.28023368, 5427405.11313091 ], [ 455978.82273369, 5427404.55063091 ], [ 455979.61023368, 5427392.62563092 ], [ 455980.71273368, 5427379.86813093 ], [ 455972.52273369, 5427379.03563093 ], [ 455980.70769068, 5427379.87020292 ], [ 455980.84853368, 5427378.65594493 ], [ 455989.82085668, 5427379.37883393 ], [ 455980.84853368, 5427378.64177093 ], [ 455982.32981368, 5427362.64227393 ], [ 455982.89678468, 5427357.48283394 ], [ 455974.22212269, 5427356.66072494 ], [ 455982.90778468, 5427357.47126794 ], [ 455983.17653968, 5427353.19354294 ], [ 455991.90789967, 5427353.67546794 ], [ 455983.17653968, 5427353.22189094 ], [ 455983.40332768, 5427348.82786194 ], [ 455991.99294467, 5427349.02630194 ], [ 455983.40332768, 5427348.85621094 ], [ 455983.43167668, 5427348.20419394 ], [ 455974.58692269, 5427347.49547994 ], [ 455983.43167668, 5427348.17584494 ], [ 455983.97029968, 5427335.70247395 ], [ 455990.66056267, 5427336.04265695 ], [ 455983.94195068, 5427335.70247395 ], [ 455984.25378468, 5427330.06110795 ], [ 455976.00435069, 5427329.66422795 ], [ 455984.28213368, 5427330.11780496 ], [ 455984.84910468, 5427320.05406296 ], [ 455976.11774469, 5427319.51543996 ], [ 455984.82075668, 5427319.99736496 ], [ 455984.96249968, 5427317.67278296 ], [ 455991.42597367, 5427318.18305696 ], [ 455984.93415068, 5427317.64443396 ], [ 455985.75625968, 5427298.05557097 ], [ 455985.84130468, 5427296.29795997 ], [ 455976.45792769, 5427296.26961097 ], [ 455985.81295668, 5427296.29795998 ], [ 455986.01139668, 5427293.60484498 ], [ 455990.43377367, 5427293.80328498 ], [ 455986.01139668, 5427293.63319398 ], [ 455986.18148768, 5427280.67789698 ], [ 455977.81865969, 5427280.02587998 ], [ 455986.15313968, 5427280.67789698 ], [ 455986.20983668, 5427279.09037698 ], [ 455992.78670467, 5427279.17542198 ], [ 455986.20983668, 5427279.11872498 ], [ 455986.12479068, 5427261.34417099 ], [ 455986.09644268, 5427255.986291 ], [ 455977.45012769, 5427256.071337 ], [ 455986.12479068, 5427256.01464 ], [ 455986.15313968, 5427253.803451 ], [ 455991.22753367, 5427253.916845 ], [ 455986.15313968, 5427253.803451 ], [ 455985.98304768, 5427241.04659401 ], [ 455993.07019067, 5427240.96154801 ], [ 455985.95469968, 5427241.04659401 ], [ 455986.01139668, 5427231.97505101 ], [ 455985.98304768, 5427231.49312501 ], [ 455986.01139668, 5427230.86945701 ], [ 455978.58407068, 5427230.78441101 ], [ 455986.01139668, 5427230.84110801 ], [ 455986.18148768, 5427227.69441701 ], [ 455992.81505367, 5427227.69441701 ], [ 455986.18148768, 5427227.72276502 ], [ 455985.67121368, 5427213.86031402 ], [ 455985.58616768, 5427204.33519403 ], [ 455992.61661367, 5427204.13675403 ], [ 455985.61451668, 5427204.30684503 ], [ 455985.18928768, 5427181.20276004 ], [ 455991.76615667, 5427181.14606204 ], [ 455985.18928768, 5427181.20276004 ], [ 455985.07589368, 5427165.61104505 ], [ 455985.78460768, 5427165.38425705 ], [ 455985.75625968, 5427162.83288505 ], [ 455962.2836427, 5427163.39985705 ], [ 455951.90806471, 5427163.62664505 ], [ 455951.99311071, 5427158.94913105 ], [ 455951.93641371, 5427163.56994805 ], [ 455925.40215073, 5427163.99517705 ], [ 455913.80758474, 5427164.25031405 ], [ 455913.69419074, 5427157.53170206 ], [ 455913.80758474, 5427164.25031405 ], [ 455900.99403075, 5427164.67554205 ], [ 455898.98128275, 5427163.00297705 ] ], [ [ 455985.72791068, 5427162.88958205 ], [ 455985.81295668, 5427160.73509105 ], [ 455982.01424768, 5427153.08097706 ] ], [ [ 455985.72791068, 5427162.20921705 ], [ 455998.45641967, 5427162.20921705 ], [ 455998.62651067, 5427157.84353705 ], [ 455998.48476767, 5427162.18086805 ], [ 456014.38831665, 5427161.89738205 ], [ 456014.47336265, 5427172.72653705 ], [ 456014.38831665, 5427161.89738205 ], [ 456033.94883064, 5427161.64224505 ], [ 456060.90832262, 5427161.07527405 ], [ 456075.3093966, 5427160.82013705 ], [ 456075.5361846, 5427159.85628506 ] ], [ [ 456022.77005565, 5427420.1795189 ], [ 456021.69291865, 5427426.6990339 ], [ 456028.83603864, 5427427.5210589 ], [ 456029.54468164, 5427428.5415049 ], [ 456033.68315564, 5427429.0800739 ] ] ], "geometry_x": null, "geometry_y": null, "id": 102193847, "gemeinde": "Karlsruhe", "vorgangszeitraum_von": "2025-10-12T22:00:00Z", "vorgangszeitraum_bis": "2026-12-31T22:59:59Z", "art": "Gas bzw. Wasserversorgung", "lage": "Kloserstraße zw. Schnetzlerstraße und Gutschstraße", "tagesbaustelle": null, "verursacher": "Stadtwerke Karlsruhe", "zusatzinfo": "Abwicklung in mehreren Bauabschnitten", "sperrung": "mit Verkehrsbehinderung", "projektnummer": 10273, "vorgangsnummer": "2023V5734", "datenquelle": "Stadt Karlsruhe", "stand": "2025-09-10T22:00:00Z", "index_right": 33.0, "Stadtteil_Nummer": "041", "Stadtteil": "Östlicher Teil" }, "geometry": { "type": "MultiLineString", "coordinates": [ [ [ 455923.630233730014879, 5427422.033130900003016 ], [ 455923.765233730024192, 5427423.878130899742246 ], [ 455925.925233729998581, 5427425.093130899593234 ], [ 455938.232733719982207, 5427425.205630900338292 ], [ 455957.785233700007666, 5427423.540630900301039 ], [ 455970.677733690012246, 5427422.64063089992851 ], [ 455977.675233690009918, 5427418.365630899555981 ], [ 455978.755233690026216, 5427405.495630909688771 ], [ 455978.822733689972665, 5427404.55063091032207 ], [ 455985.280233679979574, 5427405.11313091032207 ], [ 455978.822733689972665, 5427404.55063091032207 ], [ 455979.610233679995872, 5427392.62563091982156 ], [ 455980.712733679974917, 5427379.868130929768085 ], [ 455972.522733689984307, 5427379.03563093021512 ], [ 455980.707690679992083, 5427379.870202920399606 ], [ 455980.848533680022229, 5427378.655944930389524 ], [ 455989.820856679987628, 5427379.378833930008113 ], [ 455980.848533680022229, 5427378.641770930029452 ], [ 455982.329813679971267, 5427362.642273929901421 ], [ 455982.896784680022392, 5427357.482833939604461 ], [ 455974.222122690000106, 5427356.660724939778447 ], [ 455982.907784680020995, 5427357.471267939545214 ], [ 455983.176539679989219, 5427353.193542939610779 ], [ 455991.90789967001183, 5427353.675467940047383 ], [ 455983.176539679989219, 5427353.221890940330923 ], [ 455983.403327680018265, 5427348.827861939556897 ], [ 455991.992944670026191, 5427349.026301939971745 ], [ 455983.403327680018265, 5427348.856210939586163 ], [ 455983.431676679989323, 5427348.204193940386176 ], [ 455974.586922689981293, 5427347.49547994043678 ], [ 455983.431676679989323, 5427348.17584494035691 ], [ 455983.970299680018798, 5427335.702473949640989 ], [ 455990.660562669974752, 5427336.042656949721277 ], [ 455983.941950679989532, 5427335.702473949640989 ], [ 455984.253784679982346, 5427330.061107950285077 ], [ 455976.0043506899965, 5427329.664227950386703 ], [ 455984.282133680011611, 5427330.117804960347712 ], [ 455984.84910468000453, 5427320.054062959738076 ], [ 455976.117744689981919, 5427319.515439960174263 ], [ 455984.820756679982878, 5427319.997364959679544 ], [ 455984.962499679997563, 5427317.672782960347831 ], [ 455991.425973669975065, 5427318.183056959882379 ], [ 455984.934150680026505, 5427317.644433960318565 ], [ 455985.756259680027142, 5427298.055570970289409 ], [ 455985.841304679983296, 5427296.29795997031033 ], [ 455976.457927690003999, 5427296.269610970281065 ], [ 455985.812956680019852, 5427296.297959979623556 ], [ 455986.011396680027246, 5427293.604844979941845 ], [ 455990.433773669996299, 5427293.803284980356693 ], [ 455986.011396680027246, 5427293.633193979971111 ], [ 455986.181487680005375, 5427280.677896980196238 ], [ 455977.818659689975902, 5427280.025879980064929 ], [ 455986.153139679983724, 5427280.677896980196238 ], [ 455986.209836679976434, 5427279.090376979671419 ], [ 455992.786704669997562, 5427279.175421980209649 ], [ 455986.209836679976434, 5427279.118724980391562 ], [ 455986.124790680012666, 5427261.344170990400016 ], [ 455986.096442679991014, 5427255.986290999688208 ], [ 455977.450127689982764, 5427256.071336999535561 ], [ 455986.124790680012666, 5427256.014639999717474 ], [ 455986.153139679983724, 5427253.803450999781489 ], [ 455991.227533670025878, 5427253.916845000348985 ], [ 455986.153139679983724, 5427253.803450999781489 ], [ 455985.983047679997981, 5427241.04659400973469 ], [ 455993.070190670026932, 5427240.961548009887338 ], [ 455985.954699679976329, 5427241.04659400973469 ], [ 455986.011396680027246, 5427231.975051010027528 ], [ 455985.983047679997981, 5427231.493125010281801 ], [ 455986.011396680027246, 5427230.869457010179758 ], [ 455978.584070680022705, 5427230.784411010332406 ], [ 455986.011396680027246, 5427230.841108010150492 ], [ 455986.181487680005375, 5427227.694417010061443 ], [ 455992.815053670026828, 5427227.694417010061443 ], [ 455986.181487680005375, 5427227.722765020094812 ], [ 455985.671213680005167, 5427213.860314019955695 ], [ 455985.586167679983191, 5427204.335194029845297 ], [ 455992.616613670019433, 5427204.136754030361772 ], [ 455985.614516680012457, 5427204.306845029816031 ], [ 455985.189287680026609, 5427181.202760039828718 ], [ 455991.766156669997144, 5427181.146062039770186 ], [ 455985.189287680026609, 5427181.202760039828718 ], [ 455985.075893679982983, 5427165.611045050434768 ], [ 455985.784607679990586, 5427165.384257050231099 ], [ 455985.756259680027142, 5427162.832885050214827 ], [ 455962.2836427000002, 5427163.399857049807906 ], [ 455951.908064709976315, 5427163.626645050011575 ], [ 455951.993110709998291, 5427158.949131050147116 ], [ 455951.936413710005581, 5427163.569948050193489 ], [ 455925.402150730020367, 5427163.995177050121129 ], [ 455913.80758473998867, 5427164.250314050354064 ], [ 455913.694190740003251, 5427157.531702060252428 ], [ 455913.80758473998867, 5427164.250314050354064 ], [ 455900.994030750007369, 5427164.675542050041258 ], [ 455898.981282750028186, 5427163.002977049909532 ] ], [ [ 455985.727910679997876, 5427162.889582050032914 ], [ 455985.812956680019852, 5427160.735091050155461 ], [ 455982.01424768002471, 5427153.080977059900761 ] ], [ [ 455985.727910679997876, 5427162.209217050112784 ], [ 455998.456419670023024, 5427162.209217050112784 ], [ 455998.626510670001153, 5427157.843537050299346 ], [ 455998.484767669986468, 5427162.180868050083518 ], [ 456014.388316650001798, 5427161.897382049821317 ], [ 456014.473362650023773, 5427172.726537049748003 ], [ 456014.388316650001798, 5427161.897382049821317 ], [ 456033.948830640001688, 5427161.642245049588382 ], [ 456060.908322619972751, 5427161.075274050235748 ], [ 456075.309396600001492, 5427160.820137050002813 ], [ 456075.53618459997233, 5427159.856285059824586 ] ], [ [ 456022.770055649976712, 5427420.17951889988035 ], [ 456021.692918649991043, 5427426.699033900164068 ], [ 456028.836038640001789, 5427427.521058900281787 ], [ 456029.544681639992632, 5427428.541504899971187 ], [ 456033.683155640028417, 5427429.080073899589479 ] ] ] } },
{ "type": "Feature", "properties": { "type": "FeatureCollection", "totalFeatures": 270, "numberMatched": 270, "numberReturned": 270, "timeStamp": "2025-10-06T14:15:33.080Z", "crs_type": "name", "crs_properties_name": "urn:ogc:def:crs:EPSG::25832", "feature_type": "Feature", "feature_id": "baustellen_vorschau.102193848", "geometry_name": "geom", "geometry_type": "MultiLineString", "geometry_coordinates": [ [ [ 456048.83392963, 5427160.72233605 ], [ 456045.83392963, 5427160.75805105 ], [ 456045.90535863, 5427156.90090806 ], [ 456045.90535863, 5427160.75805105 ], [ 456005.44107266, 5427161.40090805 ], [ 456005.44107266, 5427157.82947906 ], [ 456005.44107266, 5427161.43662205 ], [ 455982.40535868, 5427161.79376505 ], [ 455978.58392968, 5427161.90090805 ], [ 455977.54821568, 5427162.50805105 ], [ 455960.9767877, 5427162.90090805 ], [ 455951.04821571, 5427163.04376505 ], [ 455950.94107271, 5427158.97233605 ], [ 455951.01250171, 5427163.04376505 ], [ 455933.79821572, 5427163.43662205 ], [ 455934.01250172, 5427173.43662205 ], [ 455933.83392972, 5427163.43662205 ], [ 455928.22678773, 5427163.43662205 ], [ 455928.04821573, 5427159.22233605 ], [ 455928.22678773, 5427163.43662205 ], [ 455913.08392974, 5427163.75805105 ], [ 455913.26250174, 5427157.25805106 ], [ 455913.08392974, 5427163.75805105 ], [ 455901.15535875, 5427164.15090805 ], [ 455899.36964475, 5427162.79376505 ] ], [ [ 455981.15535868, 5427161.79376505 ], [ 455981.26250168, 5427165.36519305 ], [ 455985.47678768, 5427167.68662205 ], [ 455985.54821568, 5427180.61519304 ], [ 455991.69107267, 5427180.54376504 ], [ 455985.58392968, 5427180.61519304 ], [ 455985.94107268, 5427202.57947903 ], [ 455992.47678767, 5427202.57947903 ], [ 455985.94107268, 5427202.61519303 ], [ 455986.08392968, 5427214.90090802 ], [ 455978.29821568, 5427215.07947902 ], [ 455986.11964468, 5427214.90090802 ], [ 455986.58392968, 5427226.18662201 ], [ 455992.69107267, 5427226.43662202 ], [ 455986.61964468, 5427226.11519302 ], [ 455986.44107268, 5427230.29376501 ], [ 455978.58392968, 5427230.22233601 ], [ 455986.47678768, 5427230.29376501 ], [ 455986.33392968, 5427240.61519301 ], [ 455993.08392967, 5427240.36519301 ], [ 455986.36964468, 5427240.61519301 ], [ 455986.51250168, 5427254.329479 ], [ 455991.11964467, 5427254.400908 ], [ 455986.54821568, 5427254.400908 ], [ 455986.51250168, 5427256.400908 ], [ 455977.72678769, 5427256.650908 ], [ 455986.54821568, 5427256.400908 ], [ 455986.54821568, 5427280.32947898 ], [ 455977.54821569, 5427279.65090798 ], [ 455986.61964468, 5427280.36519298 ], [ 455986.76250168, 5427285.97233598 ], [ 455992.69107267, 5427286.18662198 ], [ 455986.69107268, 5427285.90090798 ], [ 455986.15535868, 5427295.68662197 ], [ 455991.58392967, 5427295.86519297 ], [ 455986.15535868, 5427295.65090798 ], [ 455986.22678768, 5427295.93662198 ], [ 455976.33392969, 5427295.72233597 ], [ 455986.20408468, 5427295.93818497 ], [ 455985.15529268, 5427318.61682496 ], [ 455991.50473267, 5427319.18373896 ], [ 455985.18363868, 5427318.64517096 ], [ 455985.15529268, 5427319.38215896 ], [ 455976.39646769, 5427318.75855296 ], [ 455985.15529268, 5427319.41050496 ], [ 455984.41830468, 5427333.92351095 ], [ 455975.82955269, 5427333.41328795 ], [ 455984.41830468, 5427333.92351095 ], [ 455984.36161268, 5427335.39748795 ], [ 455990.68270767, 5427335.68094495 ], [ 455984.38995868, 5427335.39748795 ], [ 455983.93642768, 5427345.65863594 ], [ 455974.92248969, 5427345.09172195 ], [ 455983.93642768, 5427345.68698194 ], [ 455983.48289568, 5427353.76551094 ], [ 455991.81653567, 5427354.13400494 ], [ 455983.51124168, 5427353.76551094 ], [ 455983.17109268, 5427357.84729294 ], [ 455974.10046469, 5427356.99692194 ], [ 455983.17109268, 5427357.87563894 ], [ 455981.41365868, 5427376.04524193 ], [ 455990.14413868, 5427376.64050193 ], [ 455981.47034968, 5427376.07358793 ], [ 455981.24358468, 5427378.34124493 ], [ 455990.05910168, 5427379.02154193 ], [ 455981.24358468, 5427378.39793593 ], [ 455981.07350968, 5427380.49551892 ], [ 455972.39972169, 5427379.50341892 ], [ 455981.10185568, 5427380.52386492 ], [ 455980.67666968, 5427385.05917892 ], [ 455971.94618969, 5427384.18046192 ], [ 455980.70501568, 5427385.08752492 ], [ 455979.82629868, 5427395.12190792 ], [ 455979.28772968, 5427403.79569591 ], [ 455985.41040468, 5427404.53268491 ], [ 455979.25938468, 5427403.79569591 ], [ 455977.84209869, 5427421.5117679 ], [ 455983.14274768, 5427421.4267309 ], [ 455990.34255868, 5427422.3904849 ], [ 456028.94942164, 5427427.1242189 ] ], [ [ 455977.92713569, 5427421.5401139 ], [ 455968.11951869, 5427422.2771019 ], [ 455943.91227871, 5427424.2896479 ], [ 455938.01636972, 5427424.7998709 ], [ 455926.08282473, 5427424.6581419 ], [ 455924.12696973, 5427423.6943879 ], [ 455924.01358773, 5427422.0786819 ] ] ], "geometry_x": null, "geometry_y": null, "id": 102193848, "gemeinde": "Karlsruhe", "vorgangszeitraum_von": "2025-10-12T22:00:00Z", "vorgangszeitraum_bis": "2026-12-31T22:59:59Z", "art": "Gas bzw. Wasserversorgung", "lage": "Kloserstraße zw. Schnetzlerstraße und Gutschstraße", "tagesbaustelle": null, "verursacher": "Stadtwerke Karlsruhe", "zusatzinfo": "Abwicklung in mehreren Bauabschnitten", "sperrung": "mit Verkehrsbehinderung", "projektnummer": 10273, "vorgangsnummer": "2023V5734", "datenquelle": "Stadt Karlsruhe", "stand": "2025-09-10T22:00:00Z", "index_right": 33.0, "Stadtteil_Nummer": "041", "Stadtteil": "Östlicher Teil" }, "geometry": { "type": "MultiLineString", "coordinates": [ [ [ 456048.833929629996419, 5427160.722336050122976 ], [ 456045.833929629996419, 5427160.758051049895585 ], [ 456045.905358629999682, 5427156.900908060371876 ], [ 456045.905358629999682, 5427160.758051049895585 ], [ 456005.441072659974452, 5427161.400908050127327 ], [ 456005.441072659974452, 5427157.829479060135782 ], [ 456005.441072659974452, 5427161.436622049659491 ], [ 455982.405358680000063, 5427161.79376505035907 ], [ 455978.5839296799968, 5427161.900908050127327 ], [ 455977.548215679998975, 5427162.508051049895585 ], [ 455960.976787700026762, 5427162.900908050127327 ], [ 455951.048215709975921, 5427163.04376505035907 ], [ 455950.941072709974833, 5427158.972336050122976 ], [ 455951.012501709978096, 5427163.04376505035907 ], [ 455933.798215719987638, 5427163.436622049659491 ], [ 455934.012501719989814, 5427173.436622049659491 ], [ 455933.833929719985463, 5427163.436622049659491 ], [ 455928.226787730003707, 5427163.436622049659491 ], [ 455928.048215729999356, 5427159.222336050122976 ], [ 455928.226787730003707, 5427163.436622049659491 ], [ 455913.083929740008898, 5427163.758051049895585 ], [ 455913.262501740013249, 5427157.258051060140133 ], [ 455913.083929740008898, 5427163.758051049895585 ], [ 455901.155358750023879, 5427164.150908050127327 ], [ 455899.369644750026055, 5427162.79376505035907 ] ], [ [ 455981.155358680000063, 5427161.79376505035907 ], [ 455981.262501680001151, 5427165.365193050354719 ], [ 455985.476787680003326, 5427167.686622049659491 ], [ 455985.548215679998975, 5427180.615193040110171 ], [ 455991.69107266998617, 5427180.543765040114522 ], [ 455985.5839296799968, 5427180.615193040110171 ], [ 455985.941072679997887, 5427202.579479030333459 ], [ 455992.476787669991609, 5427202.579479030333459 ], [ 455985.941072679997887, 5427202.615193029865623 ], [ 455986.0839296799968, 5427214.900908020325005 ], [ 455978.298215679998975, 5427215.079479020088911 ], [ 455986.119644680002239, 5427214.900908020325005 ], [ 455986.5839296799968, 5427226.18662200961262 ], [ 455992.69107266998617, 5427226.436622019857168 ], [ 455986.619644680002239, 5427226.115193019621074 ], [ 455986.441072679997887, 5427230.2937650103122 ], [ 455978.5839296799968, 5427230.222336010076106 ], [ 455986.476787680003326, 5427230.2937650103122 ], [ 455986.3339296799968, 5427240.615193010307848 ], [ 455993.083929669985082, 5427240.365193010307848 ], [ 455986.369644680002239, 5427240.615193010307848 ], [ 455986.512501680001151, 5427254.329478999599814 ], [ 455991.119644669990521, 5427254.400907999835908 ], [ 455986.548215679998975, 5427254.400907999835908 ], [ 455986.512501680001151, 5427256.400907999835908 ], [ 455977.726787690015044, 5427256.650907999835908 ], [ 455986.548215679998975, 5427256.400907999835908 ], [ 455986.548215679998975, 5427280.32947898004204 ], [ 455977.548215690010693, 5427279.650907980278134 ], [ 455986.619644680002239, 5427280.365192979574203 ], [ 455986.762501680001151, 5427285.972335980273783 ], [ 455992.69107266998617, 5427286.186621979810297 ], [ 455986.691072679997887, 5427285.900907980278134 ], [ 455986.155358680000063, 5427295.686621969565749 ], [ 455991.583929669985082, 5427295.865192970260978 ], [ 455986.155358680000063, 5427295.650907980278134 ], [ 455986.226787680003326, 5427295.936621979810297 ], [ 455976.333929690008517, 5427295.722335970029235 ], [ 455986.204084680008236, 5427295.938184970058501 ], [ 455985.155292680021375, 5427318.616824960336089 ], [ 455991.504732669971418, 5427319.183738959953189 ], [ 455985.183638680027798, 5427318.64517095964402 ], [ 455985.155292680021375, 5427319.382158960215747 ], [ 455976.39646769000683, 5427318.758552960120142 ], [ 455985.155292680021375, 5427319.410504960455 ], [ 455984.418304679973517, 5427333.923510950058699 ], [ 455975.829552689974662, 5427333.413287949748337 ], [ 455984.418304679973517, 5427333.923510950058699 ], [ 455984.361612680018879, 5427335.397487949579954 ], [ 455990.682707670028321, 5427335.680944950319827 ], [ 455984.389958680025302, 5427335.397487949579954 ], [ 455983.936427680018824, 5427345.658635940402746 ], [ 455974.922489690012299, 5427345.091721950098872 ], [ 455983.936427680018824, 5427345.686981939710677 ], [ 455983.482895680004731, 5427353.765510939992964 ], [ 455991.816535670019221, 5427354.134004940278828 ], [ 455983.511241680011153, 5427353.765510939992964 ], [ 455983.171092680015136, 5427357.84729294013232 ], [ 455974.100464690010995, 5427356.996921939775348 ], [ 455983.171092680015136, 5427357.875638940371573 ], [ 455981.413658679986838, 5427376.045241929590702 ], [ 455990.144138680014294, 5427376.640501930378377 ], [ 455981.470349679992069, 5427376.073587929829955 ], [ 455981.24358468002174, 5427378.341244930401444 ], [ 455990.059101680002641, 5427379.021541929803789 ], [ 455981.24358468002174, 5427378.397935929708183 ], [ 455981.073509679990821, 5427380.495518920011818 ], [ 455972.399721689987928, 5427379.503418919630349 ], [ 455981.101855679997243, 5427380.523864920251071 ], [ 455980.676669679989573, 5427385.059178920462728 ], [ 455971.946189689973835, 5427384.180461919866502 ], [ 455980.705015679995995, 5427385.087524919770658 ], [ 455979.826298679981846, 5427395.121907919645309 ], [ 455979.287729680014309, 5427403.795695910230279 ], [ 455985.41040468000574, 5427404.532684910111129 ], [ 455979.259384680015501, 5427403.795695910230279 ], [ 455977.842098689987324, 5427421.511767899617553 ], [ 455983.142747680016328, 5427421.426730900071561 ], [ 455990.342558679985814, 5427422.390484900213778 ], [ 456028.949421640019864, 5427427.12421889975667 ] ], [ [ 455977.927135689998977, 5427421.540113899856806 ], [ 455968.119518689985853, 5427422.277101900428534 ], [ 455943.912278709991369, 5427424.289647899568081 ], [ 455938.016369719989598, 5427424.799870899878442 ], [ 455926.082824730023276, 5427424.658141899853945 ], [ 455924.126969730015844, 5427423.694387899711728 ], [ 455924.013587730005383, 5427422.078681900165975 ] ] ] } },
{ "type": "Feature", "properties": { "type": "FeatureCollection", "totalFeatures": 270, "numberMatched": 270, "numberReturned": 270, "timeStamp": "2025-10-06T14:15:33.080Z", "crs_type": "name", "crs_properties_name": "urn:ogc:def:crs:EPSG::25832", "feature_type": "Feature", "feature_id": "baustellen_vorschau.102193849", "geometry_name": "geom", "geometry_type": "Point", "geometry_coordinates": [ 455986.18002168, 5427272.88746499 ], "geometry_x": 455986.18002168002, "geometry_y": 5427272.8874649899, "id": 102193849, "gemeinde": "Karlsruhe", "vorgangszeitraum_von": "2025-10-12T22:00:00Z", "vorgangszeitraum_bis": "2026-12-31T22:59:59Z", "art": "Gas bzw. Wasserversorgung", "lage": "Kloserstraße zw. Schnetzlerstraße und Gutschstraße", "tagesbaustelle": null, "verursacher": "Stadtwerke Karlsruhe", "zusatzinfo": "Abwicklung in mehreren Bauabschnitten", "sperrung": "mit Verkehrsbehinderung", "projektnummer": 10273, "vorgangsnummer": "2023V5734", "datenquelle": "Stadt Karlsruhe", "stand": "2025-09-10T22:00:00Z", "index_right": 33.0, "Stadtteil_Nummer": "041", "Stadtteil": "Östlicher Teil" }, "geometry": { "type": "Point", "coordinates": [ 455986.180021680018399, 5427272.88746498990804 ] } },
{ "type": "Feature", "properties": { "type": "FeatureCollection", "totalFeatures": 270, "numberMatched": 270, "numberReturned": 270, "timeStamp": "2025-10-06T14:15:33.080Z", "crs_type": "name", "crs_properties_name": "urn:ogc:def:crs:EPSG::25832", "feature_type": "Feature", "feature_id": "baustellen_vorschau.102193850", "geometry_name": "geom", "geometry_type": "Point", "geometry_coordinates": [ 455979.56222568, 5427279.80949098 ], "geometry_x": 455979.56222567998, "geometry_y": 5427279.8094909796, "id": 102193850, "gemeinde": "Karlsruhe", "vorgangszeitraum_von": "2025-10-12T22:00:00Z", "vorgangszeitraum_bis": "2026-12-31T22:59:59Z", "art": "Gas bzw. Wasserversorgung", "lage": "Kloserstraße zw. Schnetzlerstraße und Gutschstraße", "tagesbaustelle": null, "verursacher": "Stadtwerke Karlsruhe", "zusatzinfo": "Abwicklung in mehreren Bauabschnitten", "sperrung": "mit Verkehrsbehinderung", "projektnummer": 10273, "vorgangsnummer": "2023V5734", "datenquelle": "Stadt Karlsruhe", "stand": "2025-09-10T22:00:00Z", "index_right": 33.0, "Stadtteil_Nummer": "041", "Stadtteil": "Östlicher Teil" }, "geometry": { "type": "Point", "coordinates": [ 455979.562225679983385, 5427279.809490979649127 ] } },
{ "type": "Feature", "properties": { "type": "FeatureCollection", "totalFeatures": 270, "numberMatched": 270, "numberReturned": 270, "timeStamp": "2025-10-06T14:15:33.080Z", "crs_type": "name", "crs_properties_name": "urn:ogc:def:crs:EPSG::25832", "feature_type": "Feature", "feature_id": "baustellen_vorschau.102244741", "geometry_name": "geom", "geometry_type": "Point", "geometry_coordinates": [ 455199.95630834, 5428701.65385315 ], "geometry_x": 455199.95630834001, "geometry_y": 5428701.6538531501, "id": 102244741, "gemeinde": "Karlsruhe", "vorgangszeitraum_von": "2026-07-29T22:00:00Z", "vorgangszeitraum_bis": "2026-10-16T21:59:59Z", "art": "Fernwärmeversorgung", "lage": "Reinhold-Frank-Straße zwischen Belfortstraße und Kaiserallee", "tagesbaustelle": null, "verursacher": "Stadtwerke Karlsruhe", "zusatzinfo": "Abwicklung in mehreren Bauabschnitten, Aufteilung nicht vorgenommen", "sperrung": "mit Sperrung in eine Fahrtrichtung", "projektnummer": 40847, "vorgangsnummer": "2024V5284", "datenquelle": "Stadt Karlsruhe", "stand": "2025-10-05T22:00:00Z", "index_right": 43.0, "Stadtteil_Nummer": "022", "Stadtteil": "Westlicher Teil" }, "geometry": { "type": "Point", "coordinates": [ 455199.956308340013493, 5428701.653853150084615 ] } },
{ "type": "Feature", "properties": { "type": "FeatureCollection", "totalFeatures": 270, "numberMatched": 270, "numberReturned": 270, "timeStamp": "2025-10-06T14:15:33.080Z", "crs_type": "name", "crs_properties_name": "urn:ogc:def:crs:EPSG::25832", "feature_type": "Feature", "feature_id": "baustellen_vorschau.102260991", "geometry_name": "geom", "geometry_type": "Point", "geometry_coordinates": [ 454950.37751054, 5426839.57943224 ], "geometry_x": 454950.37751054001, "geometry_y": 5426839.5794322398, "id": 102260991, "gemeinde": "Karlsruhe", "vorgangszeitraum_von": "2025-12-08T23:00:00Z", "vorgangszeitraum_bis": "2025-12-20T22:59:59Z", "art": "Strom bzw. TK-Versorgung", "lage": "Breite Straße zw, Neubruchweg und Wartburgstraße", "tagesbaustelle": null, "verursacher": "Telekommunikation", "zusatzinfo": "Abwicklung in mehreren Bauabschnitten, Arbeitsstelle im Geh-, und Radwegbereich und Fahrbahnquerung", "sperrung": "mit Verkehrsbehinderung", "projektnummer": 43211, "vorgangsnummer": "2024V7262", "datenquelle": "Stadt Karlsruhe", "stand": "2024-12-05T23:00:00Z", "index_right": 30.0, "Stadtteil_Nummer": "131", "Stadtteil": "Beiertheim" }, "geometry": { "type": "Point", "coordinates": [ 454950.377510540012736, 5426839.579432239755988 ] } },
{ "type": "Feature", "properties": { "type": "FeatureCollection", "totalFeatures": 270, "numberMatched": 270, "numberReturned": 270, "timeStamp": "2025-10-06T14:15:33.080Z", "crs_type": "name", "crs_properties_name": "urn:ogc:def:crs:EPSG::25832", "feature_type": "Feature", "feature_id": "baustellen_vorschau.102248527", "geometry_name": "geom", "geometry_type": "Polygon", "geometry_coordinates": [ [ [ 454935.67223755, 5426740.0632293 ], [ 454928.47763756, 5426700.48282933 ], [ 455033.73413747, 5426666.30102935 ], [ 455108.40333741, 5426627.61932937 ], [ 455242.44783729, 5426553.85132941 ], [ 455367.48453719, 5426495.38512945 ], [ 455525.80963706, 5426445.91122948 ], [ 455536.60543705, 5426485.49152945 ], [ 455383.67683718, 5426532.26612943 ], [ 455259.53933728, 5426592.53012939 ], [ 455126.39353739, 5426665.39922935 ], [ 455044.52693746, 5426706.77992933 ], [ 454935.67223755, 5426740.0632293 ] ] ], "geometry_x": null, "geometry_y": null, "id": 102248527, "gemeinde": "Karlsruhe", "vorgangszeitraum_von": "2025-11-22T23:00:00Z", "vorgangszeitraum_bis": "2025-11-28T22:59:59Z", "art": "Tunnelwartung", "lage": "K 9675 zw. AS3 und AS4 (Edeltrudtunnel)", "tagesbaustelle": null, "verursacher": "Tiefbauamt", "zusatzinfo": "Ausführung jeweils zw. 22.00 und 5.00 Uhr", "sperrung": "mit Vollsperrung", "projektnummer": 44411, "vorgangsnummer": "2024V5696", "datenquelle": "Stadt Karlsruhe", "stand": "2025-09-24T22:00:00Z", "index_right": null, "Stadtteil_Nummer": null, "Stadtteil": null }, "geometry": { "type": "Polygon", "coordinates": [ [ [ 454935.672237550024875, 5426740.06322930008173 ], [ 454928.477637559990399, 5426700.482829329557717 ], [ 455033.73413747001905, 5426666.301029349677265 ], [ 455108.403337410010863, 5426627.619329369626939 ], [ 455242.447837290004827, 5426553.85132941044867 ], [ 455367.484537190000992, 5426495.385129449889064 ], [ 455525.809637059981469, 5426445.911229480057955 ], [ 455536.605437049991451, 5426485.491529449820518 ], [ 455383.676837179984432, 5426532.266129430383444 ], [ 455259.539337279973552, 5426592.530129389837384 ], [ 455126.393537389987614, 5426665.399229349568486 ], [ 455044.526937460002955, 5426706.779929329641163 ], [ 454935.672237550024875, 5426740.06322930008173 ] ] ] } },
{ "type": "Feature", "properties": { "type": "FeatureCollection", "totalFeatures": 270, "numberMatched": 270, "numberReturned": 270, "timeStamp": "2025-10-06T14:15:33.080Z", "crs_type": "name", "crs_properties_name": "urn:ogc:def:crs:EPSG::25832", "feature_type": "Feature", "feature_id": "baustellen_vorschau.102248528", "geometry_name": "geom", "geometry_type": "Point", "geometry_coordinates": [ 455229.4221073, 5426589.98528139 ], "geometry_x": 455229.42210730002, "geometry_y": 5426589.9852813901, "id": 102248528, "gemeinde": "Karlsruhe", "vorgangszeitraum_von": "2025-11-22T23:00:00Z", "vorgangszeitraum_bis": "2025-11-28T22:59:59Z", "art": "Tunnelwartung", "lage": "K 9675 zw. AS3 und AS4 (Edeltrudtunnel)", "tagesbaustelle": null, "verursacher": "Tiefbauamt", "zusatzinfo": "Ausführung jeweils zw. 22.00 und 5.00 Uhr", "sperrung": "mit Vollsperrung", "projektnummer": 44411, "vorgangsnummer": "2024V5696", "datenquelle": "Stadt Karlsruhe", "stand": "2025-09-24T22:00:00Z", "index_right": 30.0, "Stadtteil_Nummer": "131", "Stadtteil": "Beiertheim" }, "geometry": { "type": "Point", "coordinates": [ 455229.422107300022617, 5426589.98528139013797 ] } },
{ "type": "Feature", "properties": { "type": "FeatureCollection", "totalFeatures": 270, "numberMatched": 270, "numberReturned": 270, "timeStamp": "2025-10-06T14:15:33.080Z", "crs_type": "name", "crs_properties_name": "urn:ogc:def:crs:EPSG::25832", "feature_type": "Feature", "feature_id": "baustellen_vorschau.102248550", "geometry_name": "geom", "geometry_type": "Polygon", "geometry_coordinates": [ [ [ 457218.46492266, 5428222.25296242 ], [ 457060.61739279, 5428275.7821344 ], [ 456907.26244192, 5428304.41217138 ], [ 456537.33968523, 5428248.56942541 ], [ 456192.64537651, 5428249.98675441 ], [ 455788.99019985, 5428253.10487741 ], [ 455491.3512001, 5428253.95527441 ], [ 455491.0677341, 5428234.11267442 ], [ 455744.57630289, 5428235.63829142 ], [ 455989.93344568, 5428234.56686242 ], [ 456337.43344539, 5428231.70971942 ], [ 456539.21915922, 5428231.70971942 ], [ 456818.50487299, 5428271.7097194 ], [ 456910.29058692, 5428285.63829139 ], [ 457054.57630179, 5428257.06686241 ], [ 457212.79058666, 5428204.20971944 ], [ 457218.46492266, 5428222.25296242 ] ] ], "geometry_x": null, "geometry_y": null, "id": 102248550, "gemeinde": "Karlsruhe", "vorgangszeitraum_von": "2025-10-11T22:00:00Z", "vorgangszeitraum_bis": "2025-10-17T21:59:59Z", "art": "Tunnelwartung", "lage": "Kriegsstraße zw. Hirschstraße und Henriette-Obermüller-Straße (Karoline-Luise-Tunnel)", "tagesbaustelle": null, "verursacher": "Tiefbauamt", "zusatzinfo": "Nachtarbeiten im Tunnel zw. 20.00 und 6.00 Uhr", "sperrung": "mit Sperrung in eine Fahrtrichtung", "projektnummer": 44408, "vorgangsnummer": "2024V5702", "datenquelle": "Stadt Karlsruhe", "stand": "2025-09-24T22:00:00Z", "index_right": null, "Stadtteil_Nummer": null, "Stadtteil": null }, "geometry": { "type": "Polygon", "coordinates": [ [ [ 457218.464922659972217, 5428222.252962419763207 ], [ 457060.617392789979931, 5428275.782134399749339 ], [ 456907.262441920000128, 5428304.41217137966305 ], [ 456537.339685229992028, 5428248.569425409659743 ], [ 456192.645376509986818, 5428249.986754409968853 ], [ 455788.990199849999044, 5428253.104877410456538 ], [ 455491.351200099976268, 5428253.955274409614503 ], [ 455491.067734099982772, 5428234.112674419768155 ], [ 455744.576302890025545, 5428235.638291420415044 ], [ 455989.933445680013392, 5428234.56686242017895 ], [ 456337.433445390022825, 5428231.709719420410693 ], [ 456539.219159219996072, 5428231.709719420410693 ], [ 456818.504872990015429, 5428271.709719399921596 ], [ 456910.290586919989437, 5428285.638291389681399 ], [ 457054.576301790017169, 5428257.066862409934402 ], [ 457212.790586659975816, 5428204.209719439968467 ], [ 457218.464922659972217, 5428222.252962419763207 ] ] ] } },
{ "type": "Feature", "properties": { "type": "FeatureCollection", "totalFeatures": 270, "numberMatched": 270, "numberReturned": 270, "timeStamp": "2025-10-06T14:15:33.080Z", "crs_type": "name", "crs_properties_name": "urn:ogc:def:crs:EPSG::25832", "feature_type": "Feature", "feature_id": "baustellen_vorschau.102248551", "geometry_name": "geom", "geometry_type": "Point", "geometry_coordinates": [ 456367.65383237, 5428240.48812042 ], "geometry_x": 456367.65383237001, "geometry_y": 5428240.4881204199, "id": 102248551, "gemeinde": "Karlsruhe", "vorgangszeitraum_von": "2025-10-11T22:00:00Z", "vorgangszeitraum_bis": "2025-10-17T21:59:59Z", "art": "Tunnelwartung", "lage": "Kriegsstraße zw. Hirschstraße und Henriette-Obermüller-Straße (Karoline-Luise-Tunnel)", "tagesbaustelle": null, "verursacher": "Tiefbauamt", "zusatzinfo": "Nachtarbeiten im Tunnel zw. 20.00 und 6.00 Uhr", "sperrung": "mit Sperrung in eine Fahrtrichtung", "projektnummer": 44408, "vorgangsnummer": "2024V5702", "datenquelle": "Stadt Karlsruhe", "stand": "2025-09-24T22:00:00Z", "index_right": 14.0, "Stadtteil_Nummer": "021", "Stadtteil": "Östlicher Teil" }, "geometry": { "type": "Point", "coordinates": [ 456367.653832370007876, 5428240.48812041990459 ] } },
{ "type": "Feature", "properties": { "type": "FeatureCollection", "totalFeatures": 270, "numberMatched": 270, "numberReturned": 270, "timeStamp": "2025-10-06T14:15:33.080Z", "crs_type": "name", "crs_properties_name": "urn:ogc:def:crs:EPSG::25832", "feature_type": "Feature", "feature_id": "baustellen_vorschau.102248566", "geometry_name": "geom", "geometry_type": "Polygon", "geometry_coordinates": [ [ [ 461207.40493233, 5427727.78182871 ], [ 461203.08270733, 5427724.45004271 ], [ 461201.93985033, 5427714.87861471 ], [ 461208.22556433, 5427717.30718571 ], [ 461209.08270733, 5427712.73575771 ], [ 461217.93985032, 5427713.45004271 ], [ 461217.79699332, 5427720.02147171 ], [ 461222.36842132, 5427720.16432871 ], [ 461222.51127832, 5427728.16432871 ], [ 461213.24409633, 5427726.68649671 ], [ 461222.76048232, 5427777.41787268 ], [ 461216.92131832, 5427778.51320467 ], [ 461207.40493233, 5427727.78182871 ] ] ], "geometry_x": null, "geometry_y": null, "id": 102248566, "gemeinde": "Karlsruhe", "vorgangszeitraum_von": "2026-03-01T23:00:00Z", "vorgangszeitraum_bis": "2026-05-29T21:59:59Z", "art": "Kanalbau", "lage": "Lederstraße zw.Pfinzstraße u. Seboldstraße", "tagesbaustelle": null, "verursacher": "Tiefbauamt", "zusatzinfo": "Abwicklung in mehreren Bauabschnitten, Aufteilung nicht vorgenommen", "sperrung": "mit Vollsperrung", "projektnummer": 41041, "vorgangsnummer": "2024V5704", "datenquelle": "Stadt Karlsruhe", "stand": "2025-08-31T22:00:00Z", "index_right": 67.0, "Stadtteil_Nummer": "191", "Stadtteil": "Alt-Durlach" }, "geometry": { "type": "Polygon", "coordinates": [ [ [ 461207.404932330013253, 5427727.781828709878027 ], [ 461203.082707330002449, 5427724.450042709708214 ], [ 461201.939850330003537, 5427714.878614709712565 ], [ 461208.225564330001362, 5427717.307185710407794 ], [ 461209.082707330002449, 5427712.735757710412145 ], [ 461217.93985031999182, 5427713.450042709708214 ], [ 461217.796993319992907, 5427720.021471709944308 ], [ 461222.368421319988556, 5427720.164328710176051 ], [ 461222.511278319987468, 5427728.164328710176051 ], [ 461213.244096330017783, 5427726.686496710404754 ], [ 461222.760482319979928, 5427777.417872680351138 ], [ 461216.921318319975398, 5427778.513204669579864 ], [ 461207.404932330013253, 5427727.781828709878027 ] ] ] } },
{ "type": "Feature", "properties": { "type": "FeatureCollection", "totalFeatures": 270, "numberMatched": 270, "numberReturned": 270, "timeStamp": "2025-10-06T14:15:33.080Z", "crs_type": "name", "crs_properties_name": "urn:ogc:def:crs:EPSG::25832", "feature_type": "Feature", "feature_id": "baustellen_vorschau.102249366", "geometry_name": "geom", "geometry_type": "Polygon", "geometry_coordinates": [ [ [ 452919.52904425, 5430019.96149238 ], [ 452910.67190126, 5429984.8186354 ], [ 452878.10047329, 5429993.67577839 ], [ 452882.10047329, 5429998.53292139 ], [ 452883.24333028, 5430004.81863538 ], [ 452898.95761627, 5430063.10435035 ], [ 452898.38618727, 5430069.39006435 ], [ 452894.38618728, 5430075.39006435 ], [ 452899.24333027, 5430090.81863534 ], [ 452902.95761627, 5430091.96149233 ], [ 452907.24333026, 5430095.96149233 ], [ 452910.10047326, 5430107.96149232 ], [ 452928.38618725, 5430174.53292129 ], [ 452958.95761622, 5430292.24720721 ], [ 453003.24333019, 5430280.53292122 ], [ 453002.95761619, 5430281.39006422 ], [ 453004.10047319, 5430284.81863522 ], [ 452957.24333022, 5430297.10435021 ], [ 452906.10047327, 5430097.10435033 ], [ 452902.10047327, 5430094.24720733 ], [ 452896.95761627, 5430093.10435034 ], [ 452891.24333028, 5430072.53292135 ], [ 452895.24333027, 5430069.67577835 ], [ 452895.24333027, 5430063.67577835 ], [ 452878.10047329, 5429997.67577839 ], [ 452861.2433303, 5429980.5329214 ], [ 452862.9576163, 5429979.6757784 ], [ 452874.38618729, 5429991.67577839 ], [ 452909.81475926, 5429981.1043504 ], [ 452909.52904426, 5429978.5329214 ], [ 452910.95761626, 5429978.2472074 ], [ 452921.52904425, 5430018.81863538 ], [ 452919.52904425, 5430019.96149238 ] ] ], "geometry_x": null, "geometry_y": null, "id": 102249366, "gemeinde": "Karlsruhe", "vorgangszeitraum_von": "2026-01-18T23:00:00Z", "vorgangszeitraum_bis": "2026-02-28T22:59:59Z", "art": "Strom bzw. TK-Versorgung", "lage": "B36/ Neureuter Straße zw. Borsigstraße und Sienemsallee", "tagesbaustelle": null, "verursacher": "Stadtwerke Karlsruhe", "zusatzinfo": "vs 5 Wochen, Aufteilung nicht vorgenommen", "sperrung": "mit Verkehrsbehinderung", "projektnummer": 40464, "vorgangsnummer": "2024V5817", "datenquelle": "Stadt Karlsruhe", "stand": "2025-09-22T22:00:00Z", "index_right": 50.0, "Stadtteil_Nummer": "082", "Stadtteil": "Weingärtensiedlung" }, "geometry": { "type": "Polygon", "coordinates": [ [ [ 452919.529044250026345, 5430019.961492380127311 ], [ 452910.671901259978767, 5429984.818635400384665 ], [ 452878.100473290018272, 5429993.675778389908373 ], [ 452882.100473290018272, 5429998.53292138967663 ], [ 452883.243330280005466, 5430004.818635379895568 ], [ 452898.957616269995924, 5430063.104350349865854 ], [ 452898.386187269992661, 5430069.39006435032934 ], [ 452894.386187280004378, 5430075.39006435032934 ], [ 452899.243330269993749, 5430090.818635339848697 ], [ 452902.957616269995924, 5430091.961492329835892 ], [ 452907.243330259982031, 5430095.961492329835892 ], [ 452910.100473259983119, 5430107.961492319591343 ], [ 452928.386187250027433, 5430174.532921290025115 ], [ 452958.957616219995543, 5430292.24720721039921 ], [ 453003.243330190016422, 5430280.532921220175922 ], [ 453002.957616190018598, 5430281.390064219944179 ], [ 453004.10047319001751, 5430284.818635219708085 ], [ 452957.243330219993368, 5430297.104350210167468 ], [ 452906.100473269994836, 5430097.10435033030808 ], [ 452902.100473269994836, 5430094.2472073296085 ], [ 452896.957616269995924, 5430093.104350339621305 ], [ 452891.243330280005466, 5430072.53292134962976 ], [ 452895.243330269993749, 5430069.675778349861503 ], [ 452895.243330269993749, 5430063.675778349861503 ], [ 452878.100473290018272, 5429997.675778389908373 ], [ 452861.243330300028902, 5429980.532921399921179 ], [ 452862.957616299972869, 5429979.675778400152922 ], [ 452874.386187290016096, 5429991.675778389908373 ], [ 452909.814759259985294, 5429981.104350400157273 ], [ 452909.529044259979855, 5429978.532921399921179 ], [ 452910.957616259984206, 5429978.247207400389016 ], [ 452921.529044250026345, 5430018.818635379895568 ], [ 452919.529044250026345, 5430019.961492380127311 ] ] ] } },
{ "type": "Feature", "properties": { "type": "FeatureCollection", "totalFeatures": 270, "numberMatched": 270, "numberReturned": 270, "timeStamp": "2025-10-06T14:15:33.080Z", "crs_type": "name", "crs_properties_name": "urn:ogc:def:crs:EPSG::25832", "feature_type": "Feature", "feature_id": "baustellen_vorschau.102249367", "geometry_name": "geom", "geometry_type": "Point", "geometry_coordinates": [ 452916.83632726, 5430135.67689131 ], "geometry_x": 452916.83632726001, "geometry_y": 5430135.6768913101, "id": 102249367, "gemeinde": "Karlsruhe", "vorgangszeitraum_von": "2026-01-18T23:00:00Z", "vorgangszeitraum_bis": "2026-02-28T22:59:59Z", "art": "Strom bzw. TK-Versorgung", "lage": "B36/ Neureuter Straße zw. Borsigstraße und Sienemsallee", "tagesbaustelle": null, "verursacher": "Stadtwerke Karlsruhe", "zusatzinfo": "vs 5 Wochen, Aufteilung nicht vorgenommen", "sperrung": "mit Verkehrsbehinderung", "projektnummer": 40464, "vorgangsnummer": "2024V5817", "datenquelle": "Stadt Karlsruhe", "stand": "2025-09-22T22:00:00Z", "index_right": 50.0, "Stadtteil_Nummer": "082", "Stadtteil": "Weingärtensiedlung" }, "geometry": { "type": "Point", "coordinates": [ 452916.836327260010876, 5430135.676891310140491 ] } },
{ "type": "Feature", "properties": { "type": "FeatureCollection", "totalFeatures": 270, "numberMatched": 270, "numberReturned": 270, "timeStamp": "2025-10-06T14:15:33.080Z", "crs_type": "name", "crs_properties_name": "urn:ogc:def:crs:EPSG::25832", "feature_type": "Feature", "feature_id": "baustellen_vorschau.102249382", "geometry_name": "geom", "geometry_type": "Polygon", "geometry_coordinates": [ [ [ 452690.45443945, 5430272.70882723 ], [ 452696.12373944, 5430265.67892723 ], [ 452724.01663942, 5430238.69312725 ], [ 452720.61503942, 5430233.93092725 ], [ 452709.04973943, 5430245.26942724 ], [ 452709.50323943, 5430242.09462725 ], [ 452747.3740394, 5430204.90412727 ], [ 452756.21813939, 5430191.07112728 ], [ 452754.85753939, 5430185.17502728 ], [ 452764.60873938, 5430177.69162729 ], [ 452749.4150394, 5430162.04432729 ], [ 452751.90953939, 5430160.23022729 ], [ 452768.46383938, 5430175.19712729 ], [ 452769.14413938, 5430178.37192728 ], [ 452758.48583939, 5430187.21602728 ], [ 452759.39293939, 5430193.79232728 ], [ 452755.99143939, 5430199.91522727 ], [ 452743.2922394, 5430213.06792726 ], [ 452723.33633942, 5430232.57022725 ], [ 452726.28433942, 5430236.65212725 ], [ 452728.32523941, 5430238.69312725 ], [ 452694.30953944, 5430270.89462723 ], [ 452694.76313944, 5430280.19222722 ], [ 452701.33943944, 5430288.12922722 ], [ 452757.57883939, 5430359.10872718 ], [ 452762.34103939, 5430361.60322718 ], [ 452767.78353938, 5430360.46932718 ], [ 452789.55353936, 5430341.64732719 ], [ 452794.76933936, 5430347.99692718 ], [ 452874.59283929, 5430281.55292722 ], [ 452879.35503929, 5430279.51192723 ], [ 452882.52983929, 5430276.79072723 ], [ 452845.33933932, 5430138.68692731 ], [ 452848.06063931, 5430130.52312731 ], [ 452849.65743931, 5430128.79322731 ], [ 452849.28823931, 5430129.00092731 ], [ 452840.64533932, 5430119.85802732 ], [ 452815.28823934, 5430147.9295273 ], [ 452824.57393933, 5430158.4295273 ], [ 452823.64533933, 5430158.7152273 ], [ 452814.57393934, 5430148.6438273 ], [ 452786.07393937, 5430173.42952729 ], [ 452791.00253936, 5430179.64382728 ], [ 452780.07393937, 5430189.35802728 ], [ 452759.07393939, 5430207.28662727 ], [ 452727.85963942, 5430237.14382725 ], [ 452727.07393942, 5430236.21522725 ], [ 452758.29233939, 5430206.20552727 ], [ 452789.70023936, 5430179.55992728 ], [ 452785.05143937, 5430174.34412729 ], [ 452783.46403937, 5430175.93152729 ], [ 452777.45453937, 5430178.08582728 ], [ 452773.14593938, 5430178.31262728 ], [ 452769.51753938, 5430178.08582728 ], [ 452769.85773938, 5430176.95202729 ], [ 452777.79473937, 5430176.38512728 ], [ 452782.21673937, 5430175.13782729 ], [ 452784.82463937, 5430172.30322729 ], [ 452787.65923937, 5430170.60242729 ], [ 452794.57583936, 5430164.70632729 ], [ 452814.19153934, 5430147.4717273 ], [ 452824.73643933, 5430136.35992731 ], [ 452841.63083932, 5430116.74422732 ], [ 452854.33003931, 5430104.49852733 ], [ 452889.13953928, 5430075.58522734 ], [ 452890.61353928, 5430076.60562735 ], [ 452841.35963932, 5430119.14382732 ], [ 452850.23913931, 5430128.16312731 ], [ 452853.50313931, 5430124.62702732 ], [ 452872.09833929, 5430109.20662732 ], [ 452892.73453928, 5430092.42552733 ], [ 452895.90933927, 5430091.06492734 ], [ 452890.46683928, 5430074.96412735 ], [ 452894.09523928, 5430072.69642735 ], [ 452899.99123927, 5430092.19872733 ], [ 452893.41483928, 5430094.69322734 ], [ 452851.91573931, 5430130.29632731 ], [ 452847.83383931, 5430135.05852731 ], [ 452851.23543931, 5430149.7987273 ], [ 452858.94563931, 5430180.63962728 ], [ 452864.3881393, 5430200.82222727 ], [ 452882.30303929, 5430267.03952723 ], [ 452885.02433928, 5430276.79072723 ], [ 452924.48253925, 5430322.5985272 ], [ 452919.72033926, 5430326.68042719 ], [ 452921.30773925, 5430322.8253272 ], [ 452884.79753928, 5430279.28522723 ], [ 452879.35503929, 5430282.68672722 ], [ 452874.59283929, 5430284.50092722 ], [ 452832.64013933, 5430319.4237272 ], [ 452793.18193936, 5430351.17172718 ], [ 452788.87323937, 5430345.95602718 ], [ 452766.42283938, 5430363.41742718 ], [ 452761.66063939, 5430364.32442717 ], [ 452758.48583939, 5430363.41742718 ], [ 452754.17723939, 5430361.37642718 ], [ 452690.90803945, 5430279.28522723 ], [ 452690.45443945, 5430272.70882723 ] ] ], "geometry_x": null, "geometry_y": null, "id": 102249382, "gemeinde": "Karlsruhe", "vorgangszeitraum_von": "2026-01-18T23:00:00Z", "vorgangszeitraum_bis": "2026-06-16T21:59:59Z", "art": "Strom bzw. TK-Versorgung", "lage": "Gablonzerstraße zw. B36 und Schoemperlenstraße", "tagesbaustelle": null, "verursacher": "Stadtwerke Karlsruhe", "zusatzinfo": "Arbeitsstelle im Geh-, und Radwegbereich, Abwicklung in mehreren Bauabschnitten", "sperrung": "mit Verkehrsbehinderung", "projektnummer": 40464, "vorgangsnummer": "2024V5818", "datenquelle": "Stadt Karlsruhe", "stand": "2025-09-22T22:00:00Z", "index_right": 50.0, "Stadtteil_Nummer": "082", "Stadtteil": "Weingärtensiedlung" }, "geometry": { "type": "Polygon", "coordinates": [ [ [ 452690.454439449997153, 5430272.708827230148017 ], [ 452696.123739439994097, 5430265.678927229717374 ], [ 452724.016639420005959, 5430238.693127250298858 ], [ 452720.615039420023095, 5430233.930927249602973 ], [ 452709.049739430018235, 5430245.269427239894867 ], [ 452709.503239430021495, 5430242.094627249985933 ], [ 452747.374039400019683, 5430204.904127269983292 ], [ 452756.218139389995486, 5430191.071127279661596 ], [ 452754.857539389980957, 5430185.175027280114591 ], [ 452764.608739380026236, 5430177.691627290099859 ], [ 452749.415039399988018, 5430162.044327289797366 ], [ 452751.909539390006103, 5430160.23022728972137 ], [ 452768.463839380012359, 5430175.197127290070057 ], [ 452769.144139380019624, 5430178.371927279978991 ], [ 452758.485839390021283, 5430187.216027280315757 ], [ 452759.392939389974345, 5430193.792327280156314 ], [ 452755.991439389996231, 5430199.915227269753814 ], [ 452743.292239399976097, 5430213.06792725995183 ], [ 452723.336339419998694, 5430232.57022725045681 ], [ 452726.284339419973549, 5430236.652127250097692 ], [ 452728.325239409983624, 5430238.693127250298858 ], [ 452694.309539439971559, 5430270.894627230241895 ], [ 452694.763139439979568, 5430280.192227220162749 ], [ 452701.339439439994749, 5430288.129227220080793 ], [ 452757.578839390014764, 5430359.108727180399001 ], [ 452762.341039390012156, 5430361.603227180428803 ], [ 452767.783539380005095, 5430360.469327179715037 ], [ 452789.553539360000286, 5430341.647327190265059 ], [ 452794.769339360005688, 5430347.996927180327475 ], [ 452874.592839289980475, 5430281.552927220240235 ], [ 452879.355039289977867, 5430279.511927230283618 ], [ 452882.529839290014934, 5430276.790727229788899 ], [ 452845.33933932002401, 5430138.686927310191095 ], [ 452848.060639309987891, 5430130.523127309978008 ], [ 452849.65743930998724, 5430128.793227310292423 ], [ 452849.288239309971686, 5430129.000927310436964 ], [ 452840.645339320006315, 5430119.858027320355177 ], [ 452815.288239340006839, 5430147.929527300409973 ], [ 452824.573939330002759, 5430158.429527300409973 ], [ 452823.645339330018032, 5430158.715227300301194 ], [ 452814.573939340014476, 5430148.643827299587429 ], [ 452786.073939369991422, 5430173.429527290165424 ], [ 452791.002539360022638, 5430179.643827280029655 ], [ 452780.073939369991422, 5430189.358027280308306 ], [ 452759.073939390014857, 5430207.286627270281315 ], [ 452727.859639419999439, 5430237.143827250227332 ], [ 452727.073939419991802, 5430236.215227250009775 ], [ 452758.292339390027337, 5430206.20552727021277 ], [ 452789.700239359983243, 5430179.559927280060947 ], [ 452785.051439370028675, 5430174.344127289950848 ], [ 452783.464039370010141, 5430175.931527289561927 ], [ 452777.454539370024577, 5430178.085827279835939 ], [ 452773.145939379988704, 5430178.312627280130982 ], [ 452769.517539380001836, 5430178.085827279835939 ], [ 452769.857739379978739, 5430176.952027290128171 ], [ 452777.79473937000148, 5430176.385127279907465 ], [ 452782.216739370021969, 5430175.137827290222049 ], [ 452784.82463937002467, 5430172.303227289579809 ], [ 452787.659239370026626, 5430170.602427289821208 ], [ 452794.575839360011742, 5430164.706327290274203 ], [ 452814.191539340012241, 5430147.471727300435305 ], [ 452824.736439329979476, 5430136.359927309677005 ], [ 452841.630839320016094, 5430116.744227319955826 ], [ 452854.330039309978019, 5430104.498527330346406 ], [ 452889.139539279974997, 5430075.585227340459824 ], [ 452890.613539280020632, 5430076.605627349577844 ], [ 452841.359639319998678, 5430119.143827320076525 ], [ 452850.239139310026076, 5430128.163127309642732 ], [ 452853.503139309992548, 5430124.627027319744229 ], [ 452872.09833929000888, 5430109.206627319566905 ], [ 452892.734539280005265, 5430092.425527329556644 ], [ 452895.909339269972406, 5430091.064927339553833 ], [ 452890.466839279979467, 5430074.964127349667251 ], [ 452894.095239280024543, 5430072.696427349932492 ], [ 452899.991239270020742, 5430092.198727330192924 ], [ 452893.414839280012529, 5430094.693227339535952 ], [ 452851.915739309974015, 5430130.296327309682965 ], [ 452847.833839309983887, 5430135.05852731037885 ], [ 452851.235439310024958, 5430149.798727300018072 ], [ 452858.945639309997205, 5430180.63962727971375 ], [ 452864.388139299990144, 5430200.82222727034241 ], [ 452882.303039290010929, 5430267.039527229964733 ], [ 452885.024339279974811, 5430276.790727229788899 ], [ 452924.482539249991532, 5430322.598527199588716 ], [ 452919.720339260005858, 5430326.680427189916372 ], [ 452921.307739250012673, 5430322.825327199883759 ], [ 452884.797539280029014, 5430279.285227229818702 ], [ 452879.355039289977867, 5430282.686727220192552 ], [ 452874.592839289980475, 5430284.500927220098674 ], [ 452832.640139330003876, 5430319.423727200366557 ], [ 452793.181939359987155, 5430351.171727179549634 ], [ 452788.87323937000474, 5430345.956027179956436 ], [ 452766.422839379985817, 5430363.417427180334926 ], [ 452761.660639390000142, 5430364.324427169747651 ], [ 452758.485839390021283, 5430363.417427180334926 ], [ 452754.177239389973693, 5430361.37642718013376 ], [ 452690.908039450005163, 5430279.285227229818702 ], [ 452690.454439449997153, 5430272.708827230148017 ] ] ] } },
{ "type": "Feature", "properties": { "type": "FeatureCollection", "totalFeatures": 270, "numberMatched": 270, "numberReturned": 270, "timeStamp": "2025-10-06T14:15:33.080Z", "crs_type": "name", "crs_properties_name": "urn:ogc:def:crs:EPSG::25832", "feature_type": "Feature", "feature_id": "baustellen_vorschau.102249383", "geometry_name": "geom", "geometry_type": "Point", "geometry_coordinates": [ 452714.06683943, 5430250.28328924 ], "geometry_x": 452714.06683943002, "geometry_y": 5430250.2832892397, "id": 102249383, "gemeinde": "Karlsruhe", "vorgangszeitraum_von": "2026-01-18T23:00:00Z", "vorgangszeitraum_bis": "2026-06-16T21:59:59Z", "art": "Strom bzw. TK-Versorgung", "lage": "Gablonzerstraße zw. B36 und Schoemperlenstraße", "tagesbaustelle": null, "verursacher": "Stadtwerke Karlsruhe", "zusatzinfo": "Arbeitsstelle im Geh-, und Radwegbereich, Abwicklung in mehreren Bauabschnitten", "sperrung": "mit Verkehrsbehinderung", "projektnummer": 40464, "vorgangsnummer": "2024V5818", "datenquelle": "Stadt Karlsruhe", "stand": "2025-09-22T22:00:00Z", "index_right": 50.0, "Stadtteil_Nummer": "082", "Stadtteil": "Weingärtensiedlung" }, "geometry": { "type": "Point", "coordinates": [ 452714.066839430015534, 5430250.283289239741862 ] } },
{ "type": "Feature", "properties": { "type": "FeatureCollection", "totalFeatures": 270, "numberMatched": 270, "numberReturned": 270, "timeStamp": "2025-10-06T14:15:33.080Z", "crs_type": "name", "crs_properties_name": "urn:ogc:def:crs:EPSG::25832", "feature_type": "Feature", "feature_id": "baustellen_vorschau.102249547", "geometry_name": "geom", "geometry_type": "Polygon", "geometry_coordinates": [ [ [ 455121.8081954, 5428064.90675052 ], [ 455137.45542439, 5428063.77289352 ], [ 455140.17668139, 5428088.15082151 ], [ 455142.33101039, 5428100.2830935 ], [ 455130.8790534, 5428108.7870215 ], [ 455126.7971674, 5428104.2515935 ], [ 455122.9420534, 5428098.5823075 ], [ 455122.6018954, 5428089.05790751 ], [ 455122.6018954, 5428083.16185051 ], [ 455121.8081954, 5428064.90675052 ] ] ], "geometry_x": null, "geometry_y": null, "id": 102249547, "gemeinde": "Karlsruhe", "vorgangszeitraum_von": "2026-07-29T22:00:00Z", "vorgangszeitraum_bis": "2026-09-18T21:59:59Z", "art": "Gleisbau", "lage": "Brauerstraße zw. Putlitzstraße und Gartenstraße", "tagesbaustelle": null, "verursacher": "Verkehrsbetriebe Karlsruhe", "zusatzinfo": null, "sperrung": "mit Verkehrsbehinderung", "projektnummer": 46471, "vorgangsnummer": "2024V5787", "datenquelle": "Stadt Karlsruhe", "stand": "2024-11-04T23:00:00Z", "index_right": null, "Stadtteil_Nummer": null, "Stadtteil": null }, "geometry": { "type": "Polygon", "coordinates": [ [ [ 455121.808195399993565, 5428064.906750519759953 ], [ 455137.455424389976542, 5428063.772893520072103 ], [ 455140.176681389973965, 5428088.150821509771049 ], [ 455142.331010390014853, 5428100.283093499951065 ], [ 455130.879053400014527, 5428108.787021500058472 ], [ 455126.797167400014587, 5428104.251593500375748 ], [ 455122.942053399980068, 5428098.582307499833405 ], [ 455122.601895399973728, 5428089.057907509617507 ], [ 455122.601895399973728, 5428083.161850510165095 ], [ 455121.808195399993565, 5428064.906750519759953 ] ] ] } },
{ "type": "Feature", "properties": { "type": "FeatureCollection", "totalFeatures": 270, "numberMatched": 270, "numberReturned": 270, "timeStamp": "2025-10-06T14:15:33.080Z", "crs_type": "name", "crs_properties_name": "urn:ogc:def:crs:EPSG::25832", "feature_type": "Feature", "feature_id": "baustellen_vorschau.102249548", "geometry_name": "geom", "geometry_type": "Point", "geometry_coordinates": [ 455131.2855344, 5428085.20461851 ], "geometry_x": 455131.28553440003, "geometry_y": 5428085.2046185099, "id": 102249548, "gemeinde": "Karlsruhe", "vorgangszeitraum_von": "2026-07-29T22:00:00Z", "vorgangszeitraum_bis": "2026-09-18T21:59:59Z", "art": "Gleisbau", "lage": "Brauerstraße zw. Putlitzstraße und Gartenstraße", "tagesbaustelle": null, "verursacher": "Verkehrsbetriebe Karlsruhe", "zusatzinfo": null, "sperrung": "mit Verkehrsbehinderung", "projektnummer": 46471, "vorgangsnummer": "2024V5787", "datenquelle": "Stadt Karlsruhe", "stand": "2024-11-04T23:00:00Z", "index_right": 6.0, "Stadtteil_Nummer": "042", "Stadtteil": "Mittlerer Teil" }, "geometry": { "type": "Point", "coordinates": [ 455131.285534400027245, 5428085.204618509858847 ] } },
{ "type": "Feature", "properties": { "type": "FeatureCollection", "totalFeatures": 270, "numberMatched": 270, "numberReturned": 270, "timeStamp": "2025-10-06T14:15:33.080Z", "crs_type": "name", "crs_properties_name": "urn:ogc:def:crs:EPSG::25832", "feature_type": "Feature", "feature_id": "baustellen_vorschau.102249553", "geometry_name": "geom", "geometry_type": "Polygon", "geometry_coordinates": [ [ [ 455083.93736744, 5428119.44527849 ], [ 455083.48382444, 5428108.9004075 ], [ 455093.57515343, 5428108.1067075 ], [ 455111.26332441, 5428106.6326935 ], [ 455118.63339541, 5428102.6641935 ], [ 455122.9420534, 5428098.5823075 ], [ 455130.3121244, 5428109.2405645 ], [ 455136.54833839, 5428118.31142149 ], [ 455108.76883842, 5428117.85787849 ], [ 455083.93736744, 5428119.44527849 ] ] ], "geometry_x": null, "geometry_y": null, "id": 102249553, "gemeinde": "Karlsruhe", "vorgangszeitraum_von": "2026-09-28T22:00:00Z", "vorgangszeitraum_bis": "2026-11-29T22:59:59Z", "art": "Gleisbau", "lage": "Gartenstraße Einmündung Brauerstraße Westseite", "tagesbaustelle": null, "verursacher": "Verkehrsbetriebe Karlsruhe", "zusatzinfo": null, "sperrung": "mit Verkehrsbehinderung", "projektnummer": 46471, "vorgangsnummer": "2024V5788", "datenquelle": "Stadt Karlsruhe", "stand": "2024-11-04T23:00:00Z", "index_right": 7.0, "Stadtteil_Nummer": "043", "Stadtteil": "Beiertheimer Feld" }, "geometry": { "type": "Polygon", "coordinates": [ [ [ 455083.937367440026719, 5428119.44527848996222 ], [ 455083.483824439987075, 5428108.900407499633729 ], [ 455093.575153429992497, 5428108.106707500293851 ], [ 455111.26332441001432, 5428106.632693500258029 ], [ 455118.633395410026424, 5428102.664193499833345 ], [ 455122.942053399980068, 5428098.582307499833405 ], [ 455130.312124399992172, 5428109.240564499981701 ], [ 455136.548338390013669, 5428118.31142149027437 ], [ 455108.768838419986423, 5428117.85787849035114 ], [ 455083.937367440026719, 5428119.44527848996222 ] ] ] } },
{ "type": "Feature", "properties": { "type": "FeatureCollection", "totalFeatures": 270, "numberMatched": 270, "numberReturned": 270, "timeStamp": "2025-10-06T14:15:33.080Z", "crs_type": "name", "crs_properties_name": "urn:ogc:def:crs:EPSG::25832", "feature_type": "Feature", "feature_id": "baustellen_vorschau.102249554", "geometry_name": "geom", "geometry_type": "Point", "geometry_coordinates": [ 455109.91635341, 5428112.0387235 ], "geometry_x": 455109.91635340999, "geometry_y": 5428112.0387235004, "id": 102249554, "gemeinde": "Karlsruhe", "vorgangszeitraum_von": "2026-09-28T22:00:00Z", "vorgangszeitraum_bis": "2026-11-29T22:59:59Z", "art": "Gleisbau", "lage": "Gartenstraße Einmündung Brauerstraße Westseite", "tagesbaustelle": null, "verursacher": "Verkehrsbetriebe Karlsruhe", "zusatzinfo": null, "sperrung": "mit Verkehrsbehinderung", "projektnummer": 46471, "vorgangsnummer": "2024V5788", "datenquelle": "Stadt Karlsruhe", "stand": "2024-11-04T23:00:00Z", "index_right": 7.0, "Stadtteil_Nummer": "043", "Stadtteil": "Beiertheimer Feld" }, "geometry": { "type": "Point", "coordinates": [ 455109.916353409993462, 5428112.038723500445485 ] } },
{ "type": "Feature", "properties": { "type": "FeatureCollection", "totalFeatures": 270, "numberMatched": 270, "numberReturned": 270, "timeStamp": "2025-10-06T14:15:33.080Z", "crs_type": "name", "crs_properties_name": "urn:ogc:def:crs:EPSG::25832", "feature_type": "Feature", "feature_id": "baustellen_vorschau.102249556", "geometry_name": "geom", "geometry_type": "Polygon", "geometry_coordinates": [ [ [ 455135.16273539, 5428118.36586549 ], [ 455129.7321914, 5428109.5641175 ], [ 455128.5993074, 5428107.7273175 ], [ 455142.17073539, 5428098.51303151 ], [ 455143.67073539, 5428102.3701745 ], [ 455146.74216438, 5428105.6558885 ], [ 455149.59930738, 5428107.7987465 ], [ 455157.02787838, 5428111.2987465 ], [ 455167.16071037, 5428114.1502555 ], [ 455180.83984136, 5428115.0501985 ], [ 455196.65900834, 5428116.27047949 ], [ 455204.32835034, 5428113.79027849 ], [ 455220.69820532, 5428100.6712875 ], [ 455226.28695032, 5428103.1205995 ], [ 455235.84617431, 5428094.84112451 ], [ 455243.0457103, 5428088.74133351 ], [ 455247.8855843, 5428094.35151351 ], [ 455243.2058813, 5428098.31126151 ], [ 455224.21547432, 5428114.2418595 ], [ 455218.00748132, 5428117.66003349 ], [ 455209.43820333, 5428121.17338149 ], [ 455199.06547234, 5428123.51323349 ], [ 455180.65538136, 5428123.64055049 ], [ 455151.96879438, 5428120.69252149 ], [ 455135.16273539, 5428118.36586549 ] ] ], "geometry_x": null, "geometry_y": null, "id": 102249556, "gemeinde": "Karlsruhe", "vorgangszeitraum_von": "2026-03-01T23:00:00Z", "vorgangszeitraum_bis": "2026-05-17T21:59:59Z", "art": "Gleisbau", "lage": "Gartenstraße Einmündung Brauerstraße Ostseite bis Jollystraße", "tagesbaustelle": null, "verursacher": "Verkehrsbetriebe Karlsruhe", "zusatzinfo": null, "sperrung": "mit Verkehrsbehinderung", "projektnummer": 46471, "vorgangsnummer": "2024V5789", "datenquelle": "Stadt Karlsruhe", "stand": "2024-10-08T22:00:00Z", "index_right": null, "Stadtteil_Nummer": null, "Stadtteil": null }, "geometry": { "type": "Polygon", "coordinates": [ [ [ 455135.162735390011221, 5428118.365865490399301 ], [ 455129.732191400020383, 5428109.564117499627173 ], [ 455128.599307399999816, 5428107.727317499928176 ], [ 455142.170735389983747, 5428098.513031509704888 ], [ 455143.670735389983747, 5428102.370174500159919 ], [ 455146.742164379975293, 5428105.655888499692082 ], [ 455149.599307379976381, 5428107.79874650016427 ], [ 455157.027878379973117, 5428111.29874650016427 ], [ 455167.160710369993467, 5428114.150255500338972 ], [ 455180.839841359993443, 5428115.050198500044644 ], [ 455196.659008339978755, 5428116.270479490049183 ], [ 455204.328350340016186, 5428113.79027848970145 ], [ 455220.698205319989938, 5428100.671287500299513 ], [ 455226.286950320005417, 5428103.120599499903619 ], [ 455235.846174310019705, 5428094.841124510392547 ], [ 455243.045710299978964, 5428088.741333509795368 ], [ 455247.885584299976472, 5428094.351513509638608 ], [ 455243.205881299974862, 5428098.311261509545147 ], [ 455224.215474319993518, 5428114.241859500296414 ], [ 455218.007481320004445, 5428117.660033489577472 ], [ 455209.438203329977114, 5428121.173381489701569 ], [ 455199.065472339978442, 5428123.513233490288258 ], [ 455180.655381359974854, 5428123.640550489537418 ], [ 455151.96879438002361, 5428120.692521490156651 ], [ 455135.162735390011221, 5428118.365865490399301 ] ] ] } },
{ "type": "Feature", "properties": { "type": "FeatureCollection", "totalFeatures": 270, "numberMatched": 270, "numberReturned": 270, "timeStamp": "2025-10-06T14:15:33.080Z", "crs_type": "name", "crs_properties_name": "urn:ogc:def:crs:EPSG::25832", "feature_type": "Feature", "feature_id": "baustellen_vorschau.102249564", "geometry_name": "geom", "geometry_type": "Point", "geometry_coordinates": [ 455185.98349335, 5428119.50867949 ], "geometry_x": 455185.98349334998, "geometry_y": 5428119.5086794896, "id": 102249564, "gemeinde": "Karlsruhe", "vorgangszeitraum_von": "2026-03-01T23:00:00Z", "vorgangszeitraum_bis": "2026-05-17T21:59:59Z", "art": "Gleisbau", "lage": "Gartenstraße Einmündung Brauerstraße Ostseite bis Jollystraße", "tagesbaustelle": null, "verursacher": "Verkehrsbetriebe Karlsruhe", "zusatzinfo": null, "sperrung": "mit Verkehrsbehinderung", "projektnummer": 46471, "vorgangsnummer": "2024V5789", "datenquelle": "Stadt Karlsruhe", "stand": "2024-10-08T22:00:00Z", "index_right": 6.0, "Stadtteil_Nummer": "042", "Stadtteil": "Mittlerer Teil" }, "geometry": { "type": "Point", "coordinates": [ 455185.983493349980563, 5428119.508679489605129 ] } },
{ "type": "Feature", "properties": { "type": "FeatureCollection", "totalFeatures": 270, "numberMatched": 270, "numberReturned": 270, "timeStamp": "2025-10-06T14:15:33.080Z", "crs_type": "name", "crs_properties_name": "urn:ogc:def:crs:EPSG::25832", "feature_type": "Feature", "feature_id": "baustellen_vorschau.102250933", "geometry_name": "geom", "geometry_type": "Polygon", "geometry_coordinates": [ [ [ 454609.99359883, 5428227.14125743 ], [ 454606.85074183, 5428221.06982843 ], [ 454658.20788479, 5428198.06982845 ], [ 454696.35074176, 5428180.85554246 ], [ 454728.70788473, 5428166.21268547 ], [ 454754.27931371, 5428154.78411447 ], [ 454775.20788469, 5428145.56982848 ], [ 454784.70788469, 5428141.21268548 ], [ 454795.70788468, 5428137.56982848 ], [ 454801.56502767, 5428136.14125748 ], [ 454808.35074167, 5428134.85554248 ], [ 454815.63645666, 5428133.92697149 ], [ 454829.20788465, 5428132.92697149 ], [ 454868.49359862, 5428129.85554249 ], [ 454868.42217062, 5428138.71268548 ], [ 454833.70788464, 5428141.99839948 ], [ 454803.49359867, 5428144.42697148 ], [ 454791.49359868, 5428147.14125748 ], [ 454780.56502769, 5428150.35554247 ], [ 454764.2078847, 5428156.64125747 ], [ 454717.49359874, 5428178.56982846 ], [ 454680.42217077, 5428195.28411445 ], [ 454609.99359883, 5428227.14125743 ] ] ], "geometry_x": null, "geometry_y": null, "id": 102250933, "gemeinde": "Karlsruhe", "vorgangszeitraum_von": "2026-09-27T22:00:00Z", "vorgangszeitraum_bis": "2026-11-28T22:59:59Z", "art": "Gleisbau", "lage": "Gartenstraße zwischen Kriegsstraße und Lorenzstraße", "tagesbaustelle": null, "verursacher": "Verkehrsbetriebe Karlsruhe", "zusatzinfo": null, "sperrung": "mit Vollsperrung", "projektnummer": 46472, "vorgangsnummer": "2024V5995", "datenquelle": "Stadt Karlsruhe", "stand": "2024-11-04T23:00:00Z", "index_right": 7.0, "Stadtteil_Nummer": "043", "Stadtteil": "Beiertheimer Feld" }, "geometry": { "type": "Polygon", "coordinates": [ [ [ 454609.99359883001307, 5428227.141257430426776 ], [ 454606.850741830014158, 5428221.069828430190682 ], [ 454658.207884790026583, 5428198.069828449748456 ], [ 454696.350741759990342, 5428180.855542460456491 ], [ 454728.707884730014484, 5428166.212685469537973 ], [ 454754.279313709994312, 5428154.784114469774067 ], [ 454775.207884690025821, 5428145.569828479550779 ], [ 454784.707884690025821, 5428141.212685479782522 ], [ 454795.707884680014104, 5428137.569828479550779 ], [ 454801.565027670003474, 5428136.141257479786873 ], [ 454808.350741670001298, 5428134.855542480014265 ], [ 454815.636456659995019, 5428133.926971489563584 ], [ 454829.207884649978951, 5428132.926971489563584 ], [ 454868.49359861999983, 5428129.855542490258813 ], [ 454868.422170620004181, 5428138.712685479782522 ], [ 454833.707884640025441, 5428141.998399480246007 ], [ 454803.49359867000021, 5428144.426971480250359 ], [ 454791.493598680011928, 5428147.141257479786873 ], [ 454780.565027690026909, 5428150.355542469769716 ], [ 454764.207884699979331, 5428156.641257469542325 ], [ 454717.493598740024026, 5428178.569828459993005 ], [ 454680.422170770005323, 5428195.284114450216293 ], [ 454609.99359883001307, 5428227.141257430426776 ] ] ] } },
{ "type": "Feature", "properties": { "type": "FeatureCollection", "totalFeatures": 270, "numberMatched": 270, "numberReturned": 270, "timeStamp": "2025-10-06T14:15:33.080Z", "crs_type": "name", "crs_properties_name": "urn:ogc:def:crs:EPSG::25832", "feature_type": "Feature", "feature_id": "baustellen_vorschau.102250934", "geometry_name": "geom", "geometry_type": "Polygon", "geometry_coordinates": [ [ [ 454544.42217089, 5428257.85554241 ], [ 454538.85074189, 5428244.99839942 ], [ 454573.99359886, 5428228.14125743 ], [ 454579.27931386, 5428240.99839942 ], [ 454544.42217089, 5428257.85554241 ] ] ], "geometry_x": null, "geometry_y": null, "id": 102250934, "gemeinde": "Karlsruhe", "vorgangszeitraum_von": "2026-09-27T22:00:00Z", "vorgangszeitraum_bis": "2026-11-28T22:59:59Z", "art": "Gleisbau", "lage": "Gartenstraße zwischen Kriegsstraße und Lorenzstraße", "tagesbaustelle": null, "verursacher": "Verkehrsbetriebe Karlsruhe", "zusatzinfo": null, "sperrung": "mit Vollsperrung", "projektnummer": 46472, "vorgangsnummer": "2024V5995", "datenquelle": "Stadt Karlsruhe", "stand": "2024-11-04T23:00:00Z", "index_right": 7.0, "Stadtteil_Nummer": "043", "Stadtteil": "Beiertheimer Feld" }, "geometry": { "type": "Polygon", "coordinates": [ [ [ 454544.422170889971312, 5428257.855542410165071 ], [ 454538.850741890026256, 5428244.99839941971004 ], [ 454573.993598859990016, 5428228.141257430426776 ], [ 454579.279313859995455, 5428240.99839941971004 ], [ 454544.422170889971312, 5428257.855542410165071 ] ] ] } },
{ "type": "Feature", "properties": { "type": "FeatureCollection", "totalFeatures": 270, "numberMatched": 270, "numberReturned": 270, "timeStamp": "2025-10-06T14:15:33.080Z", "crs_type": "name", "crs_properties_name": "urn:ogc:def:crs:EPSG::25832", "feature_type": "Feature", "feature_id": "baustellen_vorschau.102250935", "geometry_name": "geom", "geometry_type": "Point", "geometry_coordinates": [ 454743.17403672, 5428163.11989847 ], "geometry_x": 454743.17403672001, "geometry_y": 5428163.1198984701, "id": 102250935, "gemeinde": "Karlsruhe", "vorgangszeitraum_von": "2026-09-27T22:00:00Z", "vorgangszeitraum_bis": "2026-11-28T22:59:59Z", "art": "Gleisbau", "lage": "Gartenstraße zwischen Kriegsstraße und Lorenzstraße", "tagesbaustelle": null, "verursacher": "Verkehrsbetriebe Karlsruhe", "zusatzinfo": null, "sperrung": "mit Vollsperrung", "projektnummer": 46472, "vorgangsnummer": "2024V5995", "datenquelle": "Stadt Karlsruhe", "stand": "2024-11-04T23:00:00Z", "index_right": 7.0, "Stadtteil_Nummer": "043", "Stadtteil": "Beiertheimer Feld" }, "geometry": { "type": "Point", "coordinates": [ 454743.174036720010918, 5428163.119898470118642 ] } },
{ "type": "Feature", "properties": { "type": "FeatureCollection", "totalFeatures": 270, "numberMatched": 270, "numberReturned": 270, "timeStamp": "2025-10-06T14:15:33.080Z", "crs_type": "name", "crs_properties_name": "urn:ogc:def:crs:EPSG::25832", "feature_type": "Feature", "feature_id": "baustellen_vorschau.102250936", "geometry_name": "geom", "geometry_type": "Point", "geometry_coordinates": [ 454559.10744587, 5428243.00362542 ], "geometry_x": 454559.10744587, "geometry_y": 5428243.0036254199, "id": 102250936, "gemeinde": "Karlsruhe", "vorgangszeitraum_von": "2026-09-27T22:00:00Z", "vorgangszeitraum_bis": "2026-11-28T22:59:59Z", "art": "Gleisbau", "lage": "Gartenstraße zwischen Kriegsstraße und Lorenzstraße", "tagesbaustelle": null, "verursacher": "Verkehrsbetriebe Karlsruhe", "zusatzinfo": null, "sperrung": "mit Vollsperrung", "projektnummer": 46472, "vorgangsnummer": "2024V5995", "datenquelle": "Stadt Karlsruhe", "stand": "2024-11-04T23:00:00Z", "index_right": 7.0, "Stadtteil_Nummer": "043", "Stadtteil": "Beiertheimer Feld" }, "geometry": { "type": "Point", "coordinates": [ 454559.107445870002266, 5428243.003625419922173 ] } },
{ "type": "Feature", "properties": { "type": "FeatureCollection", "totalFeatures": 270, "numberMatched": 270, "numberReturned": 270, "timeStamp": "2025-10-06T14:15:33.080Z", "crs_type": "name", "crs_properties_name": "urn:ogc:def:crs:EPSG::25832", "feature_type": "Feature", "feature_id": "baustellen_vorschau.102253903", "geometry_name": "geom", "geometry_type": "Polygon", "geometry_coordinates": [ [ [ 455186.33083735, 5428229.79912843 ], [ 455189.27709435, 5428226.42317443 ], [ 455333.49883723, 5428223.43912843 ], [ 455333.34657623, 5428219.59187843 ], [ 455341.02444522, 5428219.57621543 ], [ 455343.06113722, 5428225.98152843 ], [ 455405.68613717, 5428224.93842843 ], [ 455405.74412417, 5428239.17398242 ], [ 455350.14505021, 5428239.87342742 ], [ 455186.47541935, 5428241.89621642 ], [ 455186.33083735, 5428229.79912843 ] ] ], "geometry_x": null, "geometry_y": null, "id": 102253903, "gemeinde": "Karlsruhe", "vorgangszeitraum_von": "2025-12-31T23:00:00Z", "vorgangszeitraum_bis": "2026-06-30T21:59:59Z", "art": "Straßenbau", "lage": "B 10 Kriegsstraße zw. Brauerstraße u. Hirschstraße", "tagesbaustelle": null, "verursacher": "Tiefbauamt", "zusatzinfo": "1-streifige Verkehrsführung in beide Fahrtrichtungen mit Überleitung auf die Gegenfahrbahn", "sperrung": "mit Verkehrsbehinderung", "projektnummer": 48994, "vorgangsnummer": "2024V6324", "datenquelle": "Stadt Karlsruhe", "stand": "2025-05-11T22:00:00Z", "index_right": 6.0, "Stadtteil_Nummer": "042", "Stadtteil": "Mittlerer Teil" }, "geometry": { "type": "Polygon", "coordinates": [ [ [ 455186.330837349989451, 5428229.799128429964185 ], [ 455189.277094350021798, 5428226.423174429684877 ], [ 455333.498837230028585, 5428223.439128429628909 ], [ 455333.3465762300184, 5428219.591878429986537 ], [ 455341.024445220013149, 5428219.576215430162847 ], [ 455343.061137220007367, 5428225.981528430245817 ], [ 455405.686137170006987, 5428224.938428429886699 ], [ 455405.744124169985298, 5428239.173982420004904 ], [ 455350.145050210005138, 5428239.873427419923246 ], [ 455186.475419350026641, 5428241.896216420456767 ], [ 455186.330837349989451, 5428229.799128429964185 ] ] ] } },
{ "type": "Feature", "properties": { "type": "FeatureCollection", "totalFeatures": 270, "numberMatched": 270, "numberReturned": 270, "timeStamp": "2025-10-06T14:15:33.080Z", "crs_type": "name", "crs_properties_name": "urn:ogc:def:crs:EPSG::25832", "feature_type": "Feature", "feature_id": "baustellen_vorschau.102253938", "geometry_name": "geom", "geometry_type": "Point", "geometry_coordinates": [ 455294.56208426, 5428232.69122142 ], "geometry_x": 455294.56208425999, "geometry_y": 5428232.6912214197, "id": 102253938, "gemeinde": "Karlsruhe", "vorgangszeitraum_von": "2025-12-31T23:00:00Z", "vorgangszeitraum_bis": "2026-06-30T21:59:59Z", "art": "Straßenbau", "lage": "B 10 Kriegsstraße zw. Brauerstraße u. Hirschstraße", "tagesbaustelle": null, "verursacher": "Tiefbauamt", "zusatzinfo": "1-streifige Verkehrsführung in beide Fahrtrichtungen mit Überleitung auf die Gegenfahrbahn", "sperrung": "mit Verkehrsbehinderung", "projektnummer": 48994, "vorgangsnummer": "2024V6324", "datenquelle": "Stadt Karlsruhe", "stand": "2025-05-11T22:00:00Z", "index_right": 6.0, "Stadtteil_Nummer": "042", "Stadtteil": "Mittlerer Teil" }, "geometry": { "type": "Point", "coordinates": [ 455294.562084259989206, 5428232.691221419721842 ] } },
{ "type": "Feature", "properties": { "type": "FeatureCollection", "totalFeatures": 270, "numberMatched": 270, "numberReturned": 270, "timeStamp": "2025-10-06T14:15:33.080Z", "crs_type": "name", "crs_properties_name": "urn:ogc:def:crs:EPSG::25832", "feature_type": "Feature", "feature_id": "baustellen_vorschau.102253961", "geometry_name": "geom", "geometry_type": "Polygon", "geometry_coordinates": [ [ [ 455340.14693722, 5428206.94312844 ], [ 455340.94826622, 5428221.17853243 ], [ 455333.20875723, 5428221.62850443 ], [ 455332.15793723, 5428207.46862844 ], [ 455340.14693722, 5428206.94312844 ] ] ], "geometry_x": null, "geometry_y": null, "id": 102253961, "gemeinde": "Karlsruhe", "vorgangszeitraum_von": "2025-12-31T23:00:00Z", "vorgangszeitraum_bis": "2026-06-30T21:59:59Z", "art": "Straßenbau", "lage": "Leopoldstraße zw. Gartenstraße u. B 10 Kriegsstraße", "tagesbaustelle": null, "verursacher": "Tiefbauamt", "zusatzinfo": "Sperrung im Einmündungsbereich zur Kriegsstraße", "sperrung": "mit Vollsperrung", "projektnummer": 48994, "vorgangsnummer": "2024V6325", "datenquelle": "Stadt Karlsruhe", "stand": "2024-11-04T23:00:00Z", "index_right": 6.0, "Stadtteil_Nummer": "042", "Stadtteil": "Mittlerer Teil" }, "geometry": { "type": "Polygon", "coordinates": [ [ [ 455340.146937220008112, 5428206.943128439597785 ], [ 455340.948266219988, 5428221.178532429970801 ], [ 455333.208757230022456, 5428221.62850442994386 ], [ 455332.157937230018433, 5428207.468628440052271 ], [ 455340.146937220008112, 5428206.943128439597785 ] ] ] } },
{ "type": "Feature", "properties": { "type": "FeatureCollection", "totalFeatures": 270, "numberMatched": 270, "numberReturned": 270, "timeStamp": "2025-10-06T14:15:33.080Z", "crs_type": "name", "crs_properties_name": "urn:ogc:def:crs:EPSG::25832", "feature_type": "Feature", "feature_id": "baustellen_vorschau.102253962", "geometry_name": "geom", "geometry_type": "Point", "geometry_coordinates": [ 455336.61574923, 5428214.26640544 ], "geometry_x": 455336.61574923003, "geometry_y": 5428214.2664054399, "id": 102253962, "gemeinde": "Karlsruhe", "vorgangszeitraum_von": "2025-12-31T23:00:00Z", "vorgangszeitraum_bis": "2026-06-30T21:59:59Z", "art": "Straßenbau", "lage": "Leopoldstraße zw. Gartenstraße u. B 10 Kriegsstraße", "tagesbaustelle": null, "verursacher": "Tiefbauamt", "zusatzinfo": "Sperrung im Einmündungsbereich zur Kriegsstraße", "sperrung": "mit Vollsperrung", "projektnummer": 48994, "vorgangsnummer": "2024V6325", "datenquelle": "Stadt Karlsruhe", "stand": "2024-11-04T23:00:00Z", "index_right": 6.0, "Stadtteil_Nummer": "042", "Stadtteil": "Mittlerer Teil" }, "geometry": { "type": "Point", "coordinates": [ 455336.615749230026267, 5428214.266405439935625 ] } },
{ "type": "Feature", "properties": { "type": "FeatureCollection", "totalFeatures": 270, "numberMatched": 270, "numberReturned": 270, "timeStamp": "2025-10-06T14:15:33.080Z", "crs_type": "name", "crs_properties_name": "urn:ogc:def:crs:EPSG::25832", "feature_type": "Feature", "feature_id": "baustellen_vorschau.102257494", "geometry_name": "geom", "geometry_type": "Polygon", "geometry_coordinates": [ [ [ 450917.79282891, 5428067.62503854 ], [ 450932.8714459, 5428078.31305353 ], [ 450981.02295786, 5428112.44377851 ], [ 450998.58084084, 5428125.7475285 ], [ 451152.01094071, 5428229.68272844 ], [ 451165.0815127, 5428238.60522943 ], [ 451178.07700769, 5428246.43741843 ], [ 451169.8121407, 5428254.09082843 ], [ 451159.71604071, 5428245.45742843 ], [ 451039.04624081, 5428162.70482848 ], [ 450979.94704886, 5428122.0381875 ], [ 450941.76219389, 5428095.88688852 ], [ 450918.66251791, 5428081.24862853 ], [ 450905.09221692, 5428070.97814653 ], [ 450910.96126091, 5428063.04292254 ], [ 450917.79282891, 5428067.62503854 ] ] ], "geometry_x": null, "geometry_y": null, "id": 102257494, "gemeinde": "Karlsruhe", "vorgangszeitraum_von": "2026-01-11T23:00:00Z", "vorgangszeitraum_bis": "2026-11-30T22:59:59Z", "art": "Haltestellenumbau mit Straßenumgestaltung", "lage": "Kastenwörtstraße zw. Hammweg u. Pfalzstraße", "tagesbaustelle": null, "verursacher": "Verkehrsbetriebe Karlsruhe", "zusatzinfo": null, "sperrung": "mit Vollsperrung", "projektnummer": 31400, "vorgangsnummer": "2024V6803", "datenquelle": "Stadt Karlsruhe", "stand": "2025-02-05T23:00:00Z", "index_right": null, "Stadtteil_Nummer": null, "Stadtteil": null }, "geometry": { "type": "Polygon", "coordinates": [ [ [ 450917.792828909994569, 5428067.625038539990783 ], [ 450932.871445900003891, 5428078.313053529709578 ], [ 450981.022957860026509, 5428112.443778510205448 ], [ 450998.580840840004385, 5428125.747528499923646 ], [ 451152.010940710024443, 5428229.682728439569473 ], [ 451165.081512700009625, 5428238.605229429900646 ], [ 451178.077007689978927, 5428246.437418430112302 ], [ 451169.812140699999873, 5428254.09082842990756 ], [ 451159.716040709987283, 5428245.457428430207074 ], [ 451039.046240810013842, 5428162.704828480258584 ], [ 450979.947048860020004, 5428122.038187500089407 ], [ 450941.762193889997434, 5428095.886888519860804 ], [ 450918.662517910008319, 5428081.248628529720008 ], [ 450905.092216919991188, 5428070.978146529756486 ], [ 450910.961260909971315, 5428063.042922539636493 ], [ 450917.792828909994569, 5428067.625038539990783 ] ] ] } },
{ "type": "Feature", "properties": { "type": "FeatureCollection", "totalFeatures": 270, "numberMatched": 270, "numberReturned": 270, "timeStamp": "2025-10-06T14:15:33.080Z", "crs_type": "name", "crs_properties_name": "urn:ogc:def:crs:EPSG::25832", "feature_type": "Feature", "feature_id": "baustellen_vorschau.102257495", "geometry_name": "geom", "geometry_type": "Point", "geometry_coordinates": [ 451038.82547781, 5428157.41029148 ], "geometry_x": 451038.82547780999, "geometry_y": 5428157.4102914799, "id": 102257495, "gemeinde": "Karlsruhe", "vorgangszeitraum_von": "2026-01-11T23:00:00Z", "vorgangszeitraum_bis": "2026-11-30T22:59:59Z", "art": "Haltestellenumbau mit Straßenumgestaltung", "lage": "Kastenwörtstraße zw. Hammweg u. Pfalzstraße", "tagesbaustelle": null, "verursacher": "Verkehrsbetriebe Karlsruhe", "zusatzinfo": null, "sperrung": "mit Vollsperrung", "projektnummer": 31400, "vorgangsnummer": "2024V6803", "datenquelle": "Stadt Karlsruhe", "stand": "2025-02-05T23:00:00Z", "index_right": 41.0, "Stadtteil_Nummer": "092", "Stadtteil": "Neu-Daxlanden" }, "geometry": { "type": "Point", "coordinates": [ 451038.825477809994482, 5428157.410291479900479 ] } },
{ "type": "Feature", "properties": { "type": "FeatureCollection", "totalFeatures": 270, "numberMatched": 270, "numberReturned": 270, "timeStamp": "2025-10-06T14:15:33.080Z", "crs_type": "name", "crs_properties_name": "urn:ogc:def:crs:EPSG::25832", "feature_type": "Feature", "feature_id": "baustellen_vorschau.102257656", "geometry_name": "geom", "geometry_type": "Polygon", "geometry_coordinates": [ [ [ 458459.85960764, 5431546.43104746 ], [ 458431.50193467, 5431509.41342648 ], [ 458440.12023466, 5431515.75902648 ], [ 458442.48823466, 5431513.94752647 ], [ 458454.74353465, 5431529.91432647 ], [ 458452.62349465, 5431532.43087746 ], [ 458459.85960764, 5431546.43104746 ] ] ], "geometry_x": null, "geometry_y": null, "id": 102257656, "gemeinde": "Karlsruhe", "vorgangszeitraum_von": "2025-10-12T22:00:00Z", "vorgangszeitraum_bis": "2025-11-08T22:59:59Z", "art": "Straßenbau", "lage": "Theodor-Heuss-Allee zw. Schneidemühler Straße u. Insterburger Straße", "tagesbaustelle": null, "verursacher": "Tiefbauamt", "zusatzinfo": null, "sperrung": "mit Verkehrsbehinderung", "projektnummer": 31676, "vorgangsnummer": "2024V6833", "datenquelle": "Stadt Karlsruhe", "stand": "2025-06-30T22:00:00Z", "index_right": 68.0, "Stadtteil_Nummer": "161", "Stadtteil": "Waldlage" }, "geometry": { "type": "Polygon", "coordinates": [ [ [ 458459.859607640013564, 5431546.431047460064292 ], [ 458431.501934670028277, 5431509.413426480256021 ], [ 458440.120234659989364, 5431515.759026479907334 ], [ 458442.488234660006128, 5431513.947526469826698 ], [ 458454.743534650013316, 5431529.914326470345259 ], [ 458452.623494650004432, 5431532.430877460166812 ], [ 458459.859607640013564, 5431546.431047460064292 ] ] ] } },
{ "type": "Feature", "properties": { "type": "FeatureCollection", "totalFeatures": 270, "numberMatched": 270, "numberReturned": 270, "timeStamp": "2025-10-06T14:15:33.080Z", "crs_type": "name", "crs_properties_name": "urn:ogc:def:crs:EPSG::25832", "feature_type": "Feature", "feature_id": "baustellen_vorschau.102257657", "geometry_name": "geom", "geometry_type": "Point", "geometry_coordinates": [ 458446.50256566, 5431524.87475247 ], "geometry_x": 458446.50256565999, "geometry_y": 5431524.8747524703, "id": 102257657, "gemeinde": "Karlsruhe", "vorgangszeitraum_von": "2025-10-12T22:00:00Z", "vorgangszeitraum_bis": "2025-11-08T22:59:59Z", "art": "Straßenbau", "lage": "Theodor-Heuss-Allee zw. Schneidemühler Straße u. Insterburger Straße", "tagesbaustelle": null, "verursacher": "Tiefbauamt", "zusatzinfo": null, "sperrung": "mit Verkehrsbehinderung", "projektnummer": 31676, "vorgangsnummer": "2024V6833", "datenquelle": "Stadt Karlsruhe", "stand": "2025-06-30T22:00:00Z", "index_right": 68.0, "Stadtteil_Nummer": "161", "Stadtteil": "Waldlage" }, "geometry": { "type": "Point", "coordinates": [ 458446.502565659990069, 5431524.874752470292151 ] } },
{ "type": "Feature", "properties": { "type": "FeatureCollection", "totalFeatures": 270, "numberMatched": 270, "numberReturned": 270, "timeStamp": "2025-10-06T14:15:33.080Z", "crs_type": "name", "crs_properties_name": "urn:ogc:def:crs:EPSG::25832", "feature_type": "Feature", "feature_id": "baustellen_vorschau.102257664", "geometry_name": "geom", "geometry_type": "Polygon", "geometry_coordinates": [ [ [ 458398.7522047, 5431476.4403965 ], [ 458421.44373468, 5431509.84492648 ], [ 458413.32113468, 5431503.70522648 ], [ 458409.83841169, 5431504.00459348 ], [ 458399.62123469, 5431487.22752649 ], [ 458401.26083469, 5431486.05482649 ], [ 458398.7522047, 5431476.4403965 ] ] ], "geometry_x": null, "geometry_y": null, "id": 102257664, "gemeinde": "Karlsruhe", "vorgangszeitraum_von": "2025-11-08T23:00:00Z", "vorgangszeitraum_bis": "2025-12-15T22:59:59Z", "art": "Straßenbau", "lage": "Theodor-Heuss-Allee zw.Insterburger Straße u.  Schneidemühler Straße", "tagesbaustelle": null, "verursacher": "Tiefbauamt", "zusatzinfo": "Arbeitsstelle im Seitenraum (Bushaltestelle)", "sperrung": "keine Verkehrsbehinderung", "projektnummer": 31676, "vorgangsnummer": "2024V6836", "datenquelle": "Stadt Karlsruhe", "stand": "2025-06-30T22:00:00Z", "index_right": 68.0, "Stadtteil_Nummer": "161", "Stadtteil": "Waldlage" }, "geometry": { "type": "Polygon", "coordinates": [ [ [ 458398.752204700023867, 5431476.440396499820054 ], [ 458421.443734680011403, 5431509.844926480203867 ], [ 458413.321134680008981, 5431503.705226480029523 ], [ 458409.838411690026987, 5431504.004593480378389 ], [ 458399.621234690013807, 5431487.227526489645243 ], [ 458401.260834690008778, 5431486.054826489649713 ], [ 458398.752204700023867, 5431476.440396499820054 ] ] ] } },
{ "type": "Feature", "properties": { "type": "FeatureCollection", "totalFeatures": 270, "numberMatched": 270, "numberReturned": 270, "timeStamp": "2025-10-06T14:15:33.080Z", "crs_type": "name", "crs_properties_name": "urn:ogc:def:crs:EPSG::25832", "feature_type": "Feature", "feature_id": "baustellen_vorschau.102257667", "geometry_name": "geom", "geometry_type": "Point", "geometry_coordinates": [ 458407.99444469, 5431494.54280849 ], "geometry_x": 458407.99444469, "geometry_y": 5431494.5428084899, "id": 102257667, "gemeinde": "Karlsruhe", "vorgangszeitraum_von": "2025-11-08T23:00:00Z", "vorgangszeitraum_bis": "2025-12-15T22:59:59Z", "art": "Straßenbau", "lage": "Theodor-Heuss-Allee zw.Insterburger Straße u.  Schneidemühler Straße", "tagesbaustelle": null, "verursacher": "Tiefbauamt", "zusatzinfo": "Arbeitsstelle im Seitenraum (Bushaltestelle)", "sperrung": "keine Verkehrsbehinderung", "projektnummer": 31676, "vorgangsnummer": "2024V6836", "datenquelle": "Stadt Karlsruhe", "stand": "2025-06-30T22:00:00Z", "index_right": 68.0, "Stadtteil_Nummer": "161", "Stadtteil": "Waldlage" }, "geometry": { "type": "Point", "coordinates": [ 458407.994444690004457, 5431494.542808489874005 ] } },
{ "type": "Feature", "properties": { "type": "FeatureCollection", "totalFeatures": 270, "numberMatched": 270, "numberReturned": 270, "timeStamp": "2025-10-06T14:15:33.080Z", "crs_type": "name", "crs_properties_name": "urn:ogc:def:crs:EPSG::25832", "feature_type": "Feature", "feature_id": "baustellen_vorschau.102257713", "geometry_name": "geom", "geometry_type": "Point", "geometry_coordinates": [ 458370.49399671, 5430845.85040787 ], "geometry_x": 458370.49399670999, "geometry_y": 5430845.8504078696, "id": 102257713, "gemeinde": "Karlsruhe", "vorgangszeitraum_von": "2025-11-08T23:00:00Z", "vorgangszeitraum_bis": "2025-12-15T22:59:59Z", "art": "Straßenbau", "lage": "Theodor-Heuss-Allee Höhe Elbinger Straße und Höhe Schneidemühler Straße", "tagesbaustelle": null, "verursacher": "Tiefbauamt", "zusatzinfo": "Arbeitsstellen wechselweise im Seitenbereich (Bushaltestelle)", "sperrung": "mit Verkehrsbehinderung", "projektnummer": 31677, "vorgangsnummer": "2024V6849", "datenquelle": "Stadt Karlsruhe", "stand": "2025-06-30T22:00:00Z", "index_right": 68.0, "Stadtteil_Nummer": "161", "Stadtteil": "Waldlage" }, "geometry": { "type": "Point", "coordinates": [ 458370.493996709992643, 5430845.850407869555056 ] } },
{ "type": "Feature", "properties": { "type": "FeatureCollection", "totalFeatures": 270, "numberMatched": 270, "numberReturned": 270, "timeStamp": "2025-10-06T14:15:33.080Z", "crs_type": "name", "crs_properties_name": "urn:ogc:def:crs:EPSG::25832", "feature_type": "Feature", "feature_id": "baustellen_vorschau.102259413", "geometry_name": "geom", "geometry_type": "Polygon", "geometry_coordinates": [ [ [ 455477.2392161, 5427118.39657708 ], [ 455480.1030801, 5427116.47647008 ], [ 455488.77104609, 5427129.63093207 ], [ 455506.60071308, 5427157.93413006 ], [ 455526.35693706, 5427188.67102904 ], [ 455546.52432504, 5427220.64549302 ], [ 455560.58438003, 5427242.07667501 ], [ 455571.80050202, 5427259.959247 ], [ 455586.07360701, 5427282.02305298 ], [ 455589.49063701, 5427279.85262898 ], [ 455590.76368601, 5427281.51922498 ], [ 455587.37343001, 5427283.93813698 ], [ 455611.94602599, 5427321.98816096 ], [ 455615.99062499, 5427325.75512696 ], [ 455624.12980898, 5427326.16935896 ], [ 455631.04651197, 5427325.82919296 ], [ 455638.87482497, 5427325.36585796 ], [ 455639.04059697, 5427328.83088295 ], [ 455615.21328799, 5427330.67660695 ], [ 455608.95925399, 5427323.10048796 ], [ 455590.00175801, 5427293.39263598 ], [ 455565.77233503, 5427256.262173 ], [ 455543.73838305, 5427222.50305502 ], [ 455537.23553905, 5427212.42996702 ], [ 455524.29291306, 5427191.30642004 ], [ 455515.73378107, 5427177.88453204 ], [ 455503.12479808, 5427158.30462806 ], [ 455490.35280609, 5427138.55397007 ], [ 455482.2167231, 5427126.26464708 ], [ 455477.2392161, 5427118.39657708 ] ] ], "geometry_x": null, "geometry_y": null, "id": 102259413, "gemeinde": "Karlsruhe", "vorgangszeitraum_von": "2025-11-02T23:00:00Z", "vorgangszeitraum_bis": "2026-02-28T22:59:59Z", "art": "Fernwärmeversorgung", "lage": "Gebhardstraße zw. Kolpingplatz und Ebertstraße", "tagesbaustelle": null, "verursacher": "Stadtwerke Karlsruhe", "zusatzinfo": "Abwicklung in mehreren Bauabschnitten, Aufteilung nicht vorgenommen", "sperrung": "mit Sperrung in eine Fahrtrichtung", "projektnummer": 47730, "vorgangsnummer": "2024V7075", "datenquelle": "Stadt Karlsruhe", "stand": "2025-08-19T22:00:00Z", "index_right": 6.0, "Stadtteil_Nummer": "042", "Stadtteil": "Mittlerer Teil" }, "geometry": { "type": "Polygon", "coordinates": [ [ [ 455477.239216100017074, 5427118.3965770797804 ], [ 455480.103080099972431, 5427116.476470080204308 ], [ 455488.771046089997981, 5427129.630932070314884 ], [ 455506.600713080028072, 5427157.934130059555173 ], [ 455526.356937060016207, 5427188.671029039658606 ], [ 455546.524325039994437, 5427220.645493020303547 ], [ 455560.584380029991735, 5427242.076675009913743 ], [ 455571.800502019992564, 5427259.959246999584138 ], [ 455586.073607010010164, 5427282.023052980192006 ], [ 455589.490637010021601, 5427279.852628979831934 ], [ 455590.763686009973753, 5427281.519224979914725 ], [ 455587.373430009989534, 5427283.938136979937553 ], [ 455611.946025990007911, 5427321.988160960376263 ], [ 455615.990624990023207, 5427325.755126959644258 ], [ 455624.129808979982045, 5427326.169358960352838 ], [ 455631.046511969994754, 5427325.829192959703505 ], [ 455638.874824969971087, 5427325.365857959724963 ], [ 455639.040596970007755, 5427328.830882949754596 ], [ 455615.213287990016397, 5427330.676606950350106 ], [ 455608.959253989974968, 5427323.100487959571183 ], [ 455590.001758010010235, 5427293.392635979689658 ], [ 455565.772335030022077, 5427256.262172999791801 ], [ 455543.738383050018456, 5427222.503055020235479 ], [ 455537.235539050016087, 5427212.429967019706964 ], [ 455524.292913059995044, 5427191.30642004031688 ], [ 455515.733781069982797, 5427177.884532039985061 ], [ 455503.124798080010805, 5427158.30462806019932 ], [ 455490.352806090028025, 5427138.553970069624484 ], [ 455482.216723099991214, 5427126.264647079631686 ], [ 455477.239216100017074, 5427118.3965770797804 ] ] ] } },
{ "type": "Feature", "properties": { "type": "FeatureCollection", "totalFeatures": 270, "numberMatched": 270, "numberReturned": 270, "timeStamp": "2025-10-06T14:15:33.080Z", "crs_type": "name", "crs_properties_name": "urn:ogc:def:crs:EPSG::25832", "feature_type": "Feature", "feature_id": "baustellen_vorschau.102259418", "geometry_name": "geom", "geometry_type": "Point", "geometry_coordinates": [ 455553.84930204, 5427232.47639201 ], "geometry_x": 455553.84930204001, "geometry_y": 5427232.4763920102, "id": 102259418, "gemeinde": "Karlsruhe", "vorgangszeitraum_von": "2025-11-02T23:00:00Z", "vorgangszeitraum_bis": "2026-02-28T22:59:59Z", "art": "Fernwärmeversorgung", "lage": "Gebhardstraße zw. Kolpingplatz und Ebertstraße", "tagesbaustelle": null, "verursacher": "Stadtwerke Karlsruhe", "zusatzinfo": "Abwicklung in mehreren Bauabschnitten, Aufteilung nicht vorgenommen", "sperrung": "mit Sperrung in eine Fahrtrichtung", "projektnummer": 47730, "vorgangsnummer": "2024V7075", "datenquelle": "Stadt Karlsruhe", "stand": "2025-08-19T22:00:00Z", "index_right": 6.0, "Stadtteil_Nummer": "042", "Stadtteil": "Mittlerer Teil" }, "geometry": { "type": "Point", "coordinates": [ 455553.849302040005568, 5427232.476392010226846 ] } },
{ "type": "Feature", "properties": { "type": "FeatureCollection", "totalFeatures": 270, "numberMatched": 270, "numberReturned": 270, "timeStamp": "2025-10-06T14:15:33.080Z", "crs_type": "name", "crs_properties_name": "urn:ogc:def:crs:EPSG::25832", "feature_type": "Feature", "feature_id": "baustellen_vorschau.102260990", "geometry_name": "geom", "geometry_type": "MultiPolygon", "geometry_coordinates": [ [ [ [ 454826.02103764, 5426886.49662922 ], [ 454829.42263764, 5426883.43522922 ], [ 454843.93603763, 5426872.32342923 ], [ 454852.21313762, 5426866.31392923 ], [ 454841.32813763, 5426832.07142925 ], [ 454842.68873763, 5426831.95812925 ], [ 454854.48083762, 5426864.27302923 ], [ 454860.60373761, 5426861.09822923 ], [ 454892.23833759, 5426854.06832924 ], [ 454916.84553757, 5426848.13712924 ], [ 454938.50223755, 5426841.78752925 ], [ 454976.78013752, 5426831.22572925 ], [ 454977.16673752, 5426832.03292925 ], [ 454977.94753752, 5426831.66852925 ], [ 454996.8094375, 5426825.52282925 ], [ 455002.90273749, 5426823.11402926 ], [ 455006.53113749, 5426816.99112926 ], [ 455026.37363747, 5426809.39432926 ], [ 455052.45233745, 5426799.98332927 ], [ 455053.69953745, 5426801.68412927 ], [ 455038.27913746, 5426807.12662926 ], [ 455034.94403747, 5426808.45942926 ], [ 455038.11873747, 5426818.21032926 ], [ 455037.21163747, 5426818.38042926 ], [ 455033.81013747, 5426808.45942926 ], [ 455011.97363749, 5426815.74392926 ], [ 455007.89173749, 5426818.35182926 ], [ 455004.03663749, 5426824.13442926 ], [ 454995.7594375, 5426826.85572925 ], [ 454966.73273752, 5426836.15332925 ], [ 454937.02563755, 5426844.31712924 ], [ 454922.73903756, 5426848.05882924 ], [ 454898.81473758, 5426854.18172924 ], [ 454861.73753761, 5426862.68562923 ], [ 454855.04783762, 5426867.67462923 ], [ 454844.38953763, 5426875.95172923 ], [ 454827.60843764, 5426888.08402922 ], [ 454826.02103764, 5426886.49662922 ] ] ], [ [ [ 454893.25883759, 5426863.36592923 ], [ 454900.17533758, 5426861.55172924 ], [ 454910.15323757, 5426859.05722923 ], [ 454910.60683757, 5426857.69662924 ], [ 454929.65563756, 5426852.70762924 ], [ 454973.42253752, 5426839.89512925 ], [ 454998.7075375, 5426830.59742925 ], [ 455001.5421375, 5426829.35022925 ], [ 455038.84603746, 5426818.23842926 ], [ 455042.02083746, 5426817.78482926 ], [ 455045.30903746, 5426819.14552926 ], [ 455048.25703746, 5426820.73292926 ], [ 455051.99883745, 5426825.94862925 ], [ 455053.47283745, 5426836.38012925 ], [ 455055.74053745, 5426867.22102923 ], [ 455053.47283745, 5426867.56122923 ], [ 455051.43183745, 5426850.32652924 ], [ 455050.97833745, 5426837.40062925 ], [ 455049.50433746, 5426825.15492925 ], [ 455045.64923746, 5426821.29982926 ], [ 455039.52633746, 5426819.48562926 ], [ 455018.55003748, 5426826.40222925 ], [ 455009.25233749, 5426829.23682925 ], [ 454992.0177375, 5426835.01952925 ], [ 454965.93903753, 5426844.77062924 ], [ 454951.08553754, 5426849.07932924 ], [ 454914.80203757, 5426859.39742924 ], [ 454893.25883759, 5426866.08722923 ], [ 454893.25883759, 5426863.36592923 ] ] ] ], "geometry_x": null, "geometry_y": null, "id": 102260990, "gemeinde": "Karlsruhe", "vorgangszeitraum_von": "2025-12-08T23:00:00Z", "vorgangszeitraum_bis": "2025-12-20T22:59:59Z", "art": "Strom bzw. TK-Versorgung", "lage": "Breite Straße zw, Neubruchweg und Wartburgstraße", "tagesbaustelle": null, "verursacher": "Telekommunikation", "zusatzinfo": "Abwicklung in mehreren Bauabschnitten, Arbeitsstelle im Geh-, und Radwegbereich und Fahrbahnquerung", "sperrung": "mit Verkehrsbehinderung", "projektnummer": 43211, "vorgangsnummer": "2024V7262", "datenquelle": "Stadt Karlsruhe", "stand": "2024-12-05T23:00:00Z", "index_right": 30.0, "Stadtteil_Nummer": "131", "Stadtteil": "Beiertheim" }, "geometry": { "type": "MultiPolygon", "coordinates": [ [ [ [ 454826.021037639991846, 5426886.496629220433533 ], [ 454829.42263763997471, 5426883.435229220427573 ], [ 454843.936037630017381, 5426872.323429229669273 ], [ 454852.213137620012276, 5426866.313929229974747 ], [ 454841.32813763001468, 5426832.071429249830544 ], [ 454842.688737629971001, 5426831.958129250444472 ], [ 454854.480837619979866, 5426864.273029229603708 ], [ 454860.603737609984819, 5426861.098229230381548 ], [ 454892.238337590009905, 5426854.068329240195453 ], [ 454916.84553757001413, 5426848.137129239737988 ], [ 454938.502237549982965, 5426841.787529249675572 ], [ 454976.780137519992422, 5426831.225729250349104 ], [ 454977.166737520019524, 5426832.03292925003916 ], [ 454977.947537520027254, 5426831.668529249727726 ], [ 454996.809437500021886, 5426825.522829250432551 ], [ 455002.902737490017898, 5426823.114029260352254 ], [ 455006.531137490004767, 5426816.991129259578884 ], [ 455026.373637470009271, 5426809.394329260103405 ], [ 455052.452337449998595, 5426799.983329270035028 ], [ 455053.699537449982017, 5426801.68412926979363 ], [ 455038.279137459991034, 5426807.126629260368645 ], [ 455034.944037469977047, 5426808.459429260343313 ], [ 455038.118737470009364, 5426818.210329259745777 ], [ 455037.211637469998095, 5426818.38042926043272 ], [ 455033.810137470019981, 5426808.459429260343313 ], [ 455011.973637490009423, 5426815.743929260410368 ], [ 455007.891737490019295, 5426818.35182925965637 ], [ 455004.036637489974964, 5426824.134429260157049 ], [ 454995.75943749997532, 5426826.855729250237346 ], [ 454966.732737520011142, 5426836.153329250402749 ], [ 454937.02563754998846, 5426844.317129240371287 ], [ 454922.739037560008001, 5426848.058829239569604 ], [ 454898.814737580018118, 5426854.181729240342975 ], [ 454861.737537609995343, 5426862.685629229992628 ], [ 454855.047837620018981, 5426867.674629230052233 ], [ 454844.389537630020641, 5426875.951729229651392 ], [ 454827.608437640010379, 5426888.084029220044613 ], [ 454826.021037639991846, 5426886.496629220433533 ] ] ], [ [ [ 454893.258837589994073, 5426863.365929230116308 ], [ 454900.175337579974439, 5426861.551729240454733 ], [ 454910.153237570018973, 5426859.057229230180383 ], [ 454910.606837570026983, 5426857.696629240177572 ], [ 454929.655637560004834, 5426852.707629240117967 ], [ 454973.422537520003971, 5426839.895129250362515 ], [ 454998.707537500013132, 5426830.597429250366986 ], [ 455001.542137500015087, 5426829.350229250267148 ], [ 455038.8460374600254, 5426818.238429260440171 ], [ 455042.020837460004259, 5426817.784829259850085 ], [ 455045.309037460014224, 5426819.145529259927571 ], [ 455048.257037459989078, 5426820.732929259538651 ], [ 455051.998837449995335, 5426825.948629249818623 ], [ 455053.472837449982762, 5426836.380129249766469 ], [ 455055.74053745000856, 5426867.221029230393469 ], [ 455053.472837449982762, 5426867.561229229904711 ], [ 455051.431837450014427, 5426850.326529240235686 ], [ 455050.978337450011168, 5426837.400629250332713 ], [ 455049.504337459977251, 5426825.154929249547422 ], [ 455045.649237459991127, 5426821.299829260446131 ], [ 455039.526337459974457, 5426819.485629259608686 ], [ 455018.550037480017636, 5426826.402229250408709 ], [ 455009.252337489975616, 5426829.236829250119627 ], [ 454992.017737500020303, 5426835.019529250450432 ], [ 454965.939037529984489, 5426844.770629240199924 ], [ 454951.085537540027872, 5426849.079329240135849 ], [ 454914.802037569985259, 5426859.397429239936173 ], [ 454893.258837589994073, 5426866.087229230441153 ], [ 454893.258837589994073, 5426863.365929230116308 ] ] ] ] } },
{ "type": "Feature", "properties": { "type": "FeatureCollection", "totalFeatures": 270, "numberMatched": 270, "numberReturned": 270, "timeStamp": "2025-10-06T14:15:33.080Z", "crs_type": "name", "crs_properties_name": "urn:ogc:def:crs:EPSG::25832", "feature_type": "Feature", "feature_id": "baustellen_vorschau.102261446", "geometry_name": "geom", "geometry_type": "Point", "geometry_coordinates": [ 455204.40651934, 5428839.61304707 ], "geometry_x": 455204.40651934, "geometry_y": 5428839.6130470699, "id": 102261446, "gemeinde": "Karlsruhe", "vorgangszeitraum_von": "2026-07-29T22:00:00Z", "vorgangszeitraum_bis": "2026-10-16T21:59:59Z", "art": "Fernwärmeversorgung", "lage": "Reinhold-Frank-Straße zwischen Belfortstraße und Kaiserallee", "tagesbaustelle": null, "verursacher": "Stadtwerke Karlsruhe", "zusatzinfo": "Abwicklung in mehreren Bauabschnitten, Aufteilung nicht vorgenommen", "sperrung": "mit Sperrung in eine Fahrtrichtung", "projektnummer": 40847, "vorgangsnummer": "2024V5284", "datenquelle": "Stadt Karlsruhe", "stand": "2025-10-05T22:00:00Z", "index_right": 8.0, "Stadtteil_Nummer": "051", "Stadtteil": "Mittlerer Teil" }, "geometry": { "type": "Point", "coordinates": [ 455204.406519340001978, 5428839.613047069869936 ] } },
{ "type": "Feature", "properties": { "type": "FeatureCollection", "totalFeatures": 270, "numberMatched": 270, "numberReturned": 270, "timeStamp": "2025-10-06T14:15:33.080Z", "crs_type": "name", "crs_properties_name": "urn:ogc:def:crs:EPSG::25832", "feature_type": "Feature", "feature_id": "baustellen_vorschau.102261447", "geometry_name": "geom", "geometry_type": "MultiPolygon", "geometry_coordinates": [ [ [ [ 455206.90946834, 5428856.37523106 ], [ 455202.94096834, 5428851.04610306 ], [ 455199.99293934, 5428826.21463107 ], [ 455205.54883934, 5428825.19416007 ], [ 455208.38348234, 5428850.25240306 ], [ 455206.90946834, 5428856.37523106 ] ] ], [ [ [ 455266.89051129, 5428804.67134509 ], [ 455261.22122529, 5428807.16583109 ], [ 455229.81338232, 5428808.86661708 ], [ 455229.24645432, 5428806.25874509 ], [ 455248.5220253, 5428805.12488809 ], [ 455266.89051129, 5428804.67134509 ] ] ], [ [ [ 455142.95984339, 5428780.9737151 ], [ 455186.27321436, 5428778.2524561 ], [ 455186.49998636, 5428781.4272581 ], [ 455145.45433039, 5428783.6949741 ], [ 455142.95984339, 5428780.9737151 ] ] ] ], "geometry_x": null, "geometry_y": null, "id": 102261447, "gemeinde": "Karlsruhe", "vorgangszeitraum_von": "2026-07-29T22:00:00Z", "vorgangszeitraum_bis": "2026-10-16T21:59:59Z", "art": "Fernwärmeversorgung", "lage": "Reinhold-Frank-Straße zwischen Belfortstraße und Kaiserallee", "tagesbaustelle": null, "verursacher": "Stadtwerke Karlsruhe", "zusatzinfo": "Abwicklung in mehreren Bauabschnitten, Aufteilung nicht vorgenommen", "sperrung": "mit Sperrung in eine Fahrtrichtung", "projektnummer": 40847, "vorgangsnummer": "2024V5284", "datenquelle": "Stadt Karlsruhe", "stand": "2025-10-05T22:00:00Z", "index_right": null, "Stadtteil_Nummer": null, "Stadtteil": null }, "geometry": { "type": "MultiPolygon", "coordinates": [ [ [ [ 455206.909468339988962, 5428856.37523106019944 ], [ 455202.940968339971732, 5428851.046103060245514 ], [ 455199.992939340008888, 5428826.214631070382893 ], [ 455205.548839339986444, 5428825.1941600702703 ], [ 455208.383482340024784, 5428850.252403059974313 ], [ 455206.909468339988962, 5428856.37523106019944 ] ] ], [ [ [ 455266.890511289995629, 5428804.671345089562237 ], [ 455261.221225289977156, 5428807.165831089951098 ], [ 455229.813382319989614, 5428808.866617079824209 ], [ 455229.246454319974873, 5428806.25874509010464 ], [ 455248.52202530001523, 5428805.124888090416789 ], [ 455266.890511289995629, 5428804.671345089562237 ] ] ], [ [ [ 455142.959843389980961, 5428780.973715100437403 ], [ 455186.273214360000566, 5428778.25245609972626 ], [ 455186.499986360024195, 5428781.427258100360632 ], [ 455145.45433039002819, 5428783.694974100217223 ], [ 455142.959843389980961, 5428780.973715100437403 ] ] ] ] } },
{ "type": "Feature", "properties": { "type": "FeatureCollection", "totalFeatures": 270, "numberMatched": 270, "numberReturned": 270, "timeStamp": "2025-10-06T14:15:33.080Z", "crs_type": "name", "crs_properties_name": "urn:ogc:def:crs:EPSG::25832", "feature_type": "Feature", "feature_id": "baustellen_vorschau.102262756", "geometry_name": "geom", "geometry_type": "Polygon", "geometry_coordinates": [ [ [ 455503.44600309, 5428539.94712225 ], [ 455503.47763709, 5428539.08217024 ], [ 455510.45144108, 5428538.50837425 ], [ 455510.52189308, 5428539.36554224 ], [ 455503.44600309, 5428539.94712225 ] ] ], "geometry_x": null, "geometry_y": null, "id": 102262756, "gemeinde": "Karlsruhe", "vorgangszeitraum_von": "2026-03-01T23:00:00Z", "vorgangszeitraum_bis": "2026-04-01T21:59:59Z", "art": "Fernwärmeversorgung", "lage": "Hirschstraße zw. Amalienstraße u. Sophienstraße", "tagesbaustelle": null, "verursacher": "Stadtwerke Karlsruhe", "zusatzinfo": null, "sperrung": "mit Verkehrsbehinderung", "projektnummer": 49081, "vorgangsnummer": "2024V7465", "datenquelle": "Stadt Karlsruhe", "stand": "2025-09-09T22:00:00Z", "index_right": 43.0, "Stadtteil_Nummer": "022", "Stadtteil": "Westlicher Teil" }, "geometry": { "type": "Polygon", "coordinates": [ [ [ 455503.446003090008162, 5428539.947122249752283 ], [ 455503.477637090021744, 5428539.082170239649713 ], [ 455510.451441080018412, 5428538.508374249562621 ], [ 455510.521893079974689, 5428539.365542240440845 ], [ 455503.446003090008162, 5428539.947122249752283 ] ] ] } },
{ "type": "Feature", "properties": { "type": "FeatureCollection", "totalFeatures": 270, "numberMatched": 270, "numberReturned": 270, "timeStamp": "2025-10-06T14:15:33.080Z", "crs_type": "name", "crs_properties_name": "urn:ogc:def:crs:EPSG::25832", "feature_type": "Feature", "feature_id": "baustellen_vorschau.102262757", "geometry_name": "geom", "geometry_type": "Point", "geometry_coordinates": [ 455506.97468209, 5428539.22681124 ], "geometry_x": 455506.97468208999, "geometry_y": 5428539.2268112404, "id": 102262757, "gemeinde": "Karlsruhe", "vorgangszeitraum_von": "2026-03-01T23:00:00Z", "vorgangszeitraum_bis": "2026-04-01T21:59:59Z", "art": "Fernwärmeversorgung", "lage": "Hirschstraße zw. Amalienstraße u. Sophienstraße", "tagesbaustelle": null, "verursacher": "Stadtwerke Karlsruhe", "zusatzinfo": null, "sperrung": "mit Verkehrsbehinderung", "projektnummer": 49081, "vorgangsnummer": "2024V7465", "datenquelle": "Stadt Karlsruhe", "stand": "2025-09-09T22:00:00Z", "index_right": 43.0, "Stadtteil_Nummer": "022", "Stadtteil": "Westlicher Teil" }, "geometry": { "type": "Point", "coordinates": [ 455506.974682089989074, 5428539.226811240427196 ] } },
{ "type": "Feature", "properties": { "type": "FeatureCollection", "totalFeatures": 270, "numberMatched": 270, "numberReturned": 270, "timeStamp": "2025-10-06T14:15:33.080Z", "crs_type": "name", "crs_properties_name": "urn:ogc:def:crs:EPSG::25832", "feature_type": "Feature", "feature_id": "baustellen_vorschau.102266846", "geometry_name": "geom", "geometry_type": "Polygon", "geometry_coordinates": [ [ [ 451670.7255623, 5430923.05282785 ], [ 451641.13189033, 5430941.76147084 ], [ 451625.82481934, 5430952.41972783 ], [ 451609.04373335, 5430967.27325682 ], [ 451597.02484836, 5430979.51891381 ], [ 451588.74769037, 5430990.40394281 ], [ 451580.35714838, 5430986.77559981 ], [ 451589.99493337, 5430974.18978582 ], [ 451602.92090536, 5430961.03704283 ], [ 451608.81696235, 5430956.16145683 ], [ 451624.80434834, 5430942.66855683 ], [ 451636.93661933, 5430935.07171384 ], [ 451665.39643331, 5430916.36307085 ], [ 451670.7255623, 5430923.05282785 ] ] ], "geometry_x": null, "geometry_y": null, "id": 102266846, "gemeinde": "Karlsruhe", "vorgangszeitraum_von": "2025-10-10T22:00:00Z", "vorgangszeitraum_bis": "2025-12-11T22:59:59Z", "art": "Straßenbau", "lage": "Litzelaustraße zw. Elsässer Straße und Untere Straße", "tagesbaustelle": null, "verursacher": "Tiefbauamt", "zusatzinfo": null, "sperrung": "mit Vollsperrung", "projektnummer": 41859, "vorgangsnummer": "2025V0355", "datenquelle": "Stadt Karlsruhe", "stand": "2025-09-14T22:00:00Z", "index_right": 12.0, "Stadtteil_Nummer": "101", "Stadtteil": "Alt-Knielingen" }, "geometry": { "type": "Polygon", "coordinates": [ [ [ 451670.725562300009187, 5430923.052827849984169 ], [ 451641.131890329997987, 5430941.761470840312541 ], [ 451625.824819340021349, 5430952.419727830216289 ], [ 451609.043733350001276, 5430967.273256819695234 ], [ 451597.024848359986208, 5430979.518913810141385 ], [ 451588.747690370015334, 5430990.403942810371518 ], [ 451580.357148380018771, 5430986.775599810294807 ], [ 451589.994933369976934, 5430974.189785820432007 ], [ 451602.920905360020697, 5430961.037042830139399 ], [ 451608.816962349985261, 5430956.161456829868257 ], [ 451624.804348340025172, 5430942.668556829914451 ], [ 451636.93661933002295, 5430935.071713839657605 ], [ 451665.396433310001157, 5430916.363070850260556 ], [ 451670.725562300009187, 5430923.052827849984169 ] ] ] } },
{ "type": "Feature", "properties": { "type": "FeatureCollection", "totalFeatures": 270, "numberMatched": 270, "numberReturned": 270, "timeStamp": "2025-10-06T14:15:33.080Z", "crs_type": "name", "crs_properties_name": "urn:ogc:def:crs:EPSG::25832", "feature_type": "Feature", "feature_id": "baustellen_vorschau.102266847", "geometry_name": "geom", "geometry_type": "Polygon", "geometry_coordinates": [ [ [ 451576.38864838, 5430994.5992138 ], [ 451580.01699038, 5430989.72362781 ], [ 451582.17131938, 5430991.19764281 ], [ 451578.54297638, 5430996.0732278 ], [ 451576.38864838, 5430994.5992138 ] ] ], "geometry_x": null, "geometry_y": null, "id": 102266847, "gemeinde": "Karlsruhe", "vorgangszeitraum_von": "2025-10-10T22:00:00Z", "vorgangszeitraum_bis": "2025-12-11T22:59:59Z", "art": "Straßenbau", "lage": "Litzelaustraße zw. Elsässer Straße und Untere Straße", "tagesbaustelle": null, "verursacher": "Tiefbauamt", "zusatzinfo": null, "sperrung": "mit Vollsperrung", "projektnummer": 41859, "vorgangsnummer": "2025V0355", "datenquelle": "Stadt Karlsruhe", "stand": "2025-09-14T22:00:00Z", "index_right": 12.0, "Stadtteil_Nummer": "101", "Stadtteil": "Alt-Knielingen" }, "geometry": { "type": "Polygon", "coordinates": [ [ [ 451576.388648380001541, 5430994.599213800393045 ], [ 451580.01699038001243, 5430989.723627810366452 ], [ 451582.171319379995111, 5430991.197642809711397 ], [ 451578.542976379976608, 5430996.073227800428867 ], [ 451576.388648380001541, 5430994.599213800393045 ] ] ] } },
{ "type": "Feature", "properties": { "type": "FeatureCollection", "totalFeatures": 270, "numberMatched": 270, "numberReturned": 270, "timeStamp": "2025-10-06T14:15:33.080Z", "crs_type": "name", "crs_properties_name": "urn:ogc:def:crs:EPSG::25832", "feature_type": "Feature", "feature_id": "baustellen_vorschau.102266848", "geometry_name": "geom", "geometry_type": "Point", "geometry_coordinates": [ 451623.29596834, 5430951.96245383 ], "geometry_x": 451623.29596834001, "geometry_y": 5430951.9624538301, "id": 102266848, "gemeinde": "Karlsruhe", "vorgangszeitraum_von": "2025-10-10T22:00:00Z", "vorgangszeitraum_bis": "2025-12-11T22:59:59Z", "art": "Straßenbau", "lage": "Litzelaustraße zw. Elsässer Straße und Untere Straße", "tagesbaustelle": null, "verursacher": "Tiefbauamt", "zusatzinfo": null, "sperrung": "mit Vollsperrung", "projektnummer": 41859, "vorgangsnummer": "2025V0355", "datenquelle": "Stadt Karlsruhe", "stand": "2025-09-14T22:00:00Z", "index_right": 12.0, "Stadtteil_Nummer": "101", "Stadtteil": "Alt-Knielingen" }, "geometry": { "type": "Point", "coordinates": [ 451623.295968340011314, 5430951.962453830055892 ] } },
{ "type": "Feature", "properties": { "type": "FeatureCollection", "totalFeatures": 270, "numberMatched": 270, "numberReturned": 270, "timeStamp": "2025-10-06T14:15:33.080Z", "crs_type": "name", "crs_properties_name": "urn:ogc:def:crs:EPSG::25832", "feature_type": "Feature", "feature_id": "baustellen_vorschau.102266849", "geometry_name": "geom", "geometry_type": "Point", "geometry_coordinates": [ 451579.27998338, 5430992.8984278 ], "geometry_x": 451579.27998337999, "geometry_y": 5430992.8984278003, "id": 102266849, "gemeinde": "Karlsruhe", "vorgangszeitraum_von": "2025-10-10T22:00:00Z", "vorgangszeitraum_bis": "2025-12-11T22:59:59Z", "art": "Straßenbau", "lage": "Litzelaustraße zw. Elsässer Straße und Untere Straße", "tagesbaustelle": null, "verursacher": "Tiefbauamt", "zusatzinfo": null, "sperrung": "mit Vollsperrung", "projektnummer": 41859, "vorgangsnummer": "2025V0355", "datenquelle": "Stadt Karlsruhe", "stand": "2025-09-14T22:00:00Z", "index_right": 12.0, "Stadtteil_Nummer": "101", "Stadtteil": "Alt-Knielingen" }, "geometry": { "type": "Point", "coordinates": [ 451579.279983379994519, 5430992.898427800275385 ] } },
{ "type": "Feature", "properties": { "type": "FeatureCollection", "totalFeatures": 270, "numberMatched": 270, "numberReturned": 270, "timeStamp": "2025-10-06T14:15:33.080Z", "crs_type": "name", "crs_properties_name": "urn:ogc:def:crs:EPSG::25832", "feature_type": "Feature", "feature_id": "baustellen_vorschau.102266852", "geometry_name": "geom", "geometry_type": "Polygon", "geometry_coordinates": [ [ [ 451588.09370837, 5430990.60585681 ], [ 451570.45482839, 5431012.74445079 ], [ 451561.36540539, 5431026.69356578 ], [ 451555.6057704, 5431036.86291978 ], [ 451549.7561424, 5431046.76229077 ], [ 451548.7662054, 5431048.92215377 ], [ 451545.97638241, 5431062.24130776 ], [ 451543.81651941, 5431073.22061076 ], [ 451533.64716542, 5431070.07081076 ], [ 451539.40679941, 5431045.14239377 ], [ 451542.46660541, 5431039.29276578 ], [ 451548.7662054, 5431027.14353678 ], [ 451555.3357884, 5431016.07423979 ], [ 451563.16529039, 5431005.9048858 ], [ 451564.33521639, 5431006.9848168 ], [ 451568.29496539, 5431002.2151198 ], [ 451581.07415338, 5430986.10614281 ], [ 451588.09370837, 5430990.60585681 ] ] ], "geometry_x": null, "geometry_y": null, "id": 102266852, "gemeinde": "Karlsruhe", "vorgangszeitraum_von": "2025-12-11T23:00:00Z", "vorgangszeitraum_bis": "2026-03-09T22:59:59Z", "art": "Straßenbau", "lage": "Litzelaustraße zw. Untere Straße und Elsässer Straße", "tagesbaustelle": null, "verursacher": "Tiefbauamt", "zusatzinfo": null, "sperrung": "mit Vollsperrung", "projektnummer": 41859, "vorgangsnummer": "2025V0356", "datenquelle": "Stadt Karlsruhe", "stand": "2025-05-27T22:00:00Z", "index_right": 12.0, "Stadtteil_Nummer": "101", "Stadtteil": "Alt-Knielingen" }, "geometry": { "type": "Polygon", "coordinates": [ [ [ 451588.09370836999733, 5430990.6058568097651 ], [ 451570.454828389978502, 5431012.744450789876282 ], [ 451561.365405389980879, 5431026.693565780296922 ], [ 451555.605770400026813, 5431036.862919780425727 ], [ 451549.756142399972305, 5431046.762290770187974 ], [ 451548.76620539999567, 5431048.922153769992292 ], [ 451545.976382409979124, 5431062.241307759657502 ], [ 451543.816519410000183, 5431073.22061076015234 ], [ 451533.64716541999951, 5431070.070810760371387 ], [ 451539.406799410004169, 5431045.142393769696355 ], [ 451542.46660540997982, 5431039.292765780352056 ], [ 451548.76620539999567, 5431027.143536780029535 ], [ 451555.335788400028832, 5431016.074239790439606 ], [ 451563.165290390024893, 5431005.904885799624026 ], [ 451564.335216390027199, 5431006.984816799871624 ], [ 451568.294965389999561, 5431002.215119799599051 ], [ 451581.074153380002826, 5430986.106142809614539 ], [ 451588.09370836999733, 5430990.6058568097651 ] ] ] } },
{ "type": "Feature", "properties": { "type": "FeatureCollection", "totalFeatures": 270, "numberMatched": 270, "numberReturned": 270, "timeStamp": "2025-10-06T14:15:33.080Z", "crs_type": "name", "crs_properties_name": "urn:ogc:def:crs:EPSG::25832", "feature_type": "Feature", "feature_id": "baustellen_vorschau.102266853", "geometry_name": "geom", "geometry_type": "Point", "geometry_coordinates": [ 451556.3055604, 5431029.48561178 ], "geometry_x": 451556.30556040001, "geometry_y": 5431029.4856117796, "id": 102266853, "gemeinde": "Karlsruhe", "vorgangszeitraum_von": "2025-12-11T23:00:00Z", "vorgangszeitraum_bis": "2026-03-09T22:59:59Z", "art": "Straßenbau", "lage": "Litzelaustraße zw. Untere Straße und Elsässer Straße", "tagesbaustelle": null, "verursacher": "Tiefbauamt", "zusatzinfo": null, "sperrung": "mit Vollsperrung", "projektnummer": 41859, "vorgangsnummer": "2025V0356", "datenquelle": "Stadt Karlsruhe", "stand": "2025-05-27T22:00:00Z", "index_right": 12.0, "Stadtteil_Nummer": "101", "Stadtteil": "Alt-Knielingen" }, "geometry": { "type": "Point", "coordinates": [ 451556.305560400011018, 5431029.485611779615283 ] } },
{ "type": "Feature", "properties": { "type": "FeatureCollection", "totalFeatures": 270, "numberMatched": 270, "numberReturned": 270, "timeStamp": "2025-10-06T14:15:33.080Z", "crs_type": "name", "crs_properties_name": "urn:ogc:def:crs:EPSG::25832", "feature_type": "Feature", "feature_id": "baustellen_vorschau.102266854", "geometry_name": "geom", "geometry_type": "Polygon", "geometry_coordinates": [ [ [ 451536.17648842, 5431078.32088276 ], [ 451537.43640841, 5431078.77085376 ], [ 451536.26648242, 5431084.53048775 ], [ 451535.09655742, 5431084.62048275 ], [ 451536.17648842, 5431078.32088276 ] ] ], "geometry_x": null, "geometry_y": null, "id": 102266854, "gemeinde": "Karlsruhe", "vorgangszeitraum_von": "2025-12-11T23:00:00Z", "vorgangszeitraum_bis": "2026-03-09T22:59:59Z", "art": "Straßenbau", "lage": "Litzelaustraße zw. Untere Straße und Elsässer Straße", "tagesbaustelle": null, "verursacher": "Tiefbauamt", "zusatzinfo": null, "sperrung": "mit Vollsperrung", "projektnummer": 41859, "vorgangsnummer": "2025V0356", "datenquelle": "Stadt Karlsruhe", "stand": "2025-05-27T22:00:00Z", "index_right": 12.0, "Stadtteil_Nummer": "101", "Stadtteil": "Alt-Knielingen" }, "geometry": { "type": "Polygon", "coordinates": [ [ [ 451536.176488419994712, 5431078.320882759988308 ], [ 451537.436408410023432, 5431078.770853759720922 ], [ 451536.266482419974636, 5431084.53048774972558 ], [ 451535.096557419979945, 5431084.620482750236988 ], [ 451536.176488419994712, 5431078.320882759988308 ] ] ] } },
{ "type": "Feature", "properties": { "type": "FeatureCollection", "totalFeatures": 270, "numberMatched": 270, "numberReturned": 270, "timeStamp": "2025-10-06T14:15:33.080Z", "crs_type": "name", "crs_properties_name": "urn:ogc:def:crs:EPSG::25832", "feature_type": "Feature", "feature_id": "baustellen_vorschau.102266855", "geometry_name": "geom", "geometry_type": "Point", "geometry_coordinates": [ 451536.24970042, 5431081.48263975 ], "geometry_x": 451536.24970042001, "geometry_y": 5431081.4826397495, "id": 102266855, "gemeinde": "Karlsruhe", "vorgangszeitraum_von": "2025-12-11T23:00:00Z", "vorgangszeitraum_bis": "2026-03-09T22:59:59Z", "art": "Straßenbau", "lage": "Litzelaustraße zw. Untere Straße und Elsässer Straße", "tagesbaustelle": null, "verursacher": "Tiefbauamt", "zusatzinfo": null, "sperrung": "mit Vollsperrung", "projektnummer": 41859, "vorgangsnummer": "2025V0356", "datenquelle": "Stadt Karlsruhe", "stand": "2025-05-27T22:00:00Z", "index_right": 12.0, "Stadtteil_Nummer": "101", "Stadtteil": "Alt-Knielingen" }, "geometry": { "type": "Point", "coordinates": [ 451536.249700420012232, 5431081.482639749534428 ] } },
{ "type": "Feature", "properties": { "type": "FeatureCollection", "totalFeatures": 270, "numberMatched": 270, "numberReturned": 270, "timeStamp": "2025-10-06T14:15:33.080Z", "crs_type": "name", "crs_properties_name": "urn:ogc:def:crs:EPSG::25832", "feature_type": "Feature", "feature_id": "baustellen_vorschau.102266863", "geometry_name": "geom", "geometry_type": "Polygon", "geometry_coordinates": [ [ [ 451506.43353944, 5431136.86094072 ], [ 451513.00312244, 5431133.89112872 ], [ 451513.81307143, 5431135.87100272 ], [ 451507.33348244, 5431138.39084272 ], [ 451506.43353944, 5431136.86094072 ] ] ], "geometry_x": null, "geometry_y": null, "id": 102266863, "gemeinde": "Karlsruhe", "vorgangszeitraum_von": "2026-03-08T23:00:00Z", "vorgangszeitraum_bis": "2026-04-28T21:59:59Z", "art": "Straßenbau", "lage": "Litzelaustraße zw. Untere Straße und Elsässer Straße", "tagesbaustelle": null, "verursacher": "Tiefbauamt", "zusatzinfo": "Untere Straße = 1-streifige Verkehrsführung", "sperrung": "mit Vollsperrung", "projektnummer": 41859, "vorgangsnummer": "2025V0357", "datenquelle": "Stadt Karlsruhe", "stand": "2025-05-27T22:00:00Z", "index_right": 12.0, "Stadtteil_Nummer": "101", "Stadtteil": "Alt-Knielingen" }, "geometry": { "type": "Polygon", "coordinates": [ [ [ 451506.433539439982269, 5431136.860940719954669 ], [ 451513.003122440015431, 5431133.891128719784319 ], [ 451513.8130714300205, 5431135.871002719737589 ], [ 451507.33348243997898, 5431138.390842719934881 ], [ 451506.433539439982269, 5431136.860940719954669 ] ] ] } },
{ "type": "Feature", "properties": { "type": "FeatureCollection", "totalFeatures": 270, "numberMatched": 270, "numberReturned": 270, "timeStamp": "2025-10-06T14:15:33.080Z", "crs_type": "name", "crs_properties_name": "urn:ogc:def:crs:EPSG::25832", "feature_type": "Feature", "feature_id": "baustellen_vorschau.102266864", "geometry_name": "geom", "geometry_type": "Polygon", "geometry_coordinates": [ [ [ 451515.07299143, 5431132.81119772 ], [ 451516.24291643, 5431130.47134572 ], [ 451522.54251643, 5431124.71171173 ], [ 451525.24234542, 5431120.93195173 ], [ 451528.75212242, 5431115.17231773 ], [ 451530.01204242, 5431110.40262074 ], [ 451535.23171142, 5431093.84367175 ], [ 451531.63193942, 5431091.59381475 ], [ 451531.90192242, 5431089.88392275 ], [ 451535.41169942, 5431072.78500876 ], [ 451534.87173442, 5431072.06505476 ], [ 451543.42119141, 5431072.87500276 ], [ 451542.07127641, 5431081.06448275 ], [ 451539.19145941, 5431096.09352874 ], [ 451542.61124241, 5431101.22320274 ], [ 451535.32170542, 5431107.79278574 ], [ 451534.96172842, 5431109.77266074 ], [ 451533.88179642, 5431115.53229473 ], [ 451533.70180842, 5431117.87214573 ], [ 451536.22164842, 5431121.92188873 ], [ 451541.62130541, 5431129.12143173 ], [ 451543.42119141, 5431131.01131173 ], [ 451543.96115641, 5431133.53115172 ], [ 451540.18139641, 5431132.72120272 ], [ 451532.89185942, 5431132.18123772 ], [ 451529.56207142, 5431132.09124272 ], [ 451523.71244243, 5431133.26116872 ], [ 451516.87287643, 5431135.15104872 ], [ 451515.07299143, 5431132.81119772 ] ] ], "geometry_x": null, "geometry_y": null, "id": 102266864, "gemeinde": "Karlsruhe", "vorgangszeitraum_von": "2026-03-08T23:00:00Z", "vorgangszeitraum_bis": "2026-04-28T21:59:59Z", "art": "Straßenbau", "lage": "Litzelaustraße zw. Untere Straße und Elsässer Straße", "tagesbaustelle": null, "verursacher": "Tiefbauamt", "zusatzinfo": "Untere Straße = 1-streifige Verkehrsführung", "sperrung": "mit Vollsperrung", "projektnummer": 41859, "vorgangsnummer": "2025V0357", "datenquelle": "Stadt Karlsruhe", "stand": "2025-05-27T22:00:00Z", "index_right": 12.0, "Stadtteil_Nummer": "101", "Stadtteil": "Alt-Knielingen" }, "geometry": { "type": "Polygon", "coordinates": [ [ [ 451515.07299143000273, 5431132.811197719536722 ], [ 451516.242916429997422, 5431130.471345719881356 ], [ 451522.542516430024989, 5431124.711711729876697 ], [ 451525.242345420003403, 5431120.93195172958076 ], [ 451528.752122420002706, 5431115.172317730262876 ], [ 451530.012042419984937, 5431110.402620740234852 ], [ 451535.231711419997737, 5431093.843671750277281 ], [ 451531.631939420010895, 5431091.593814750202 ], [ 451531.90192242001649, 5431089.883922750130296 ], [ 451535.411699420015793, 5431072.785008760169148 ], [ 451534.871734420012217, 5431072.065054760314524 ], [ 451543.421191409986932, 5431072.875002760440111 ], [ 451542.071276410017163, 5431081.064482750371099 ], [ 451539.191459410008974, 5431096.093528740108013 ], [ 451542.611242410028353, 5431101.223202739842236 ], [ 451535.321705419977661, 5431107.792785740457475 ], [ 451534.961728419992141, 5431109.772660739719868 ], [ 451533.881796420027968, 5431115.532294729724526 ], [ 451533.701808420009911, 5431117.87214573007077 ], [ 451536.221648419974372, 5431121.921888729557395 ], [ 451541.621305409993511, 5431129.121431729756296 ], [ 451543.421191409986932, 5431131.011311730369925 ], [ 451543.961156409990508, 5431133.531151720322669 ], [ 451540.181396409985609, 5431132.721202719956636 ], [ 451532.891859419993125, 5431132.18123771995306 ], [ 451529.562071420019493, 5431132.091242720372975 ], [ 451523.712442430027295, 5431133.261168720200658 ], [ 451516.872876429988537, 5431135.151048719882965 ], [ 451515.07299143000273, 5431132.811197719536722 ] ] ] } },
{ "type": "Feature", "properties": { "type": "FeatureCollection", "totalFeatures": 270, "numberMatched": 270, "numberReturned": 270, "timeStamp": "2025-10-06T14:15:33.080Z", "crs_type": "name", "crs_properties_name": "urn:ogc:def:crs:EPSG::25832", "feature_type": "Feature", "feature_id": "baustellen_vorschau.102266865", "geometry_name": "geom", "geometry_type": "Polygon", "geometry_coordinates": [ [ [ 451538.12591941, 5431065.71704276 ], [ 451539.12591941, 5431061.00275777 ], [ 451540.76877641, 5431061.07418577 ], [ 451540.05449041, 5431066.00275776 ], [ 451538.12591941, 5431065.71704276 ] ] ], "geometry_x": null, "geometry_y": null, "id": 102266865, "gemeinde": "Karlsruhe", "vorgangszeitraum_von": "2026-03-08T23:00:00Z", "vorgangszeitraum_bis": "2026-04-28T21:59:59Z", "art": "Straßenbau", "lage": "Litzelaustraße zw. Untere Straße und Elsässer Straße", "tagesbaustelle": null, "verursacher": "Tiefbauamt", "zusatzinfo": "Untere Straße = 1-streifige Verkehrsführung", "sperrung": "mit Vollsperrung", "projektnummer": 41859, "vorgangsnummer": "2025V0357", "datenquelle": "Stadt Karlsruhe", "stand": "2025-05-27T22:00:00Z", "index_right": 12.0, "Stadtteil_Nummer": "101", "Stadtteil": "Alt-Knielingen" }, "geometry": { "type": "Polygon", "coordinates": [ [ [ 451538.125919410027564, 5431065.717042759992182 ], [ 451539.125919410027564, 5431061.002757770009339 ], [ 451540.768776410026476, 5431061.074185770004988 ], [ 451540.0544904100243, 5431066.002757759764791 ], [ 451538.125919410027564, 5431065.717042759992182 ] ] ] } },
{ "type": "Feature", "properties": { "type": "FeatureCollection", "totalFeatures": 270, "numberMatched": 270, "numberReturned": 270, "timeStamp": "2025-10-06T14:15:33.080Z", "crs_type": "name", "crs_properties_name": "urn:ogc:def:crs:EPSG::25832", "feature_type": "Feature", "feature_id": "baustellen_vorschau.102266866", "geometry_name": "geom", "geometry_type": "Point", "geometry_coordinates": [ 451510.24896844, 5431136.20314772 ], "geometry_x": 451510.24896843999, "geometry_y": 5431136.2031477196, "id": 102266866, "gemeinde": "Karlsruhe", "vorgangszeitraum_von": "2026-03-08T23:00:00Z", "vorgangszeitraum_bis": "2026-04-28T21:59:59Z", "art": "Straßenbau", "lage": "Litzelaustraße zw. Untere Straße und Elsässer Straße", "tagesbaustelle": null, "verursacher": "Tiefbauamt", "zusatzinfo": "Untere Straße = 1-streifige Verkehrsführung", "sperrung": "mit Vollsperrung", "projektnummer": 41859, "vorgangsnummer": "2025V0357", "datenquelle": "Stadt Karlsruhe", "stand": "2025-05-27T22:00:00Z", "index_right": 12.0, "Stadtteil_Nummer": "101", "Stadtteil": "Alt-Knielingen" }, "geometry": { "type": "Point", "coordinates": [ 451510.248968439991586, 5431136.203147719614208 ] } },
{ "type": "Feature", "properties": { "type": "FeatureCollection", "totalFeatures": 270, "numberMatched": 270, "numberReturned": 270, "timeStamp": "2025-10-06T14:15:33.080Z", "crs_type": "name", "crs_properties_name": "urn:ogc:def:crs:EPSG::25832", "feature_type": "Feature", "feature_id": "baustellen_vorschau.102266867", "geometry_name": "geom", "geometry_type": "Point", "geometry_coordinates": [ 451533.17900242, 5431108.77572274 ], "geometry_x": 451533.17900241999, "geometry_y": 5431108.7757227402, "id": 102266867, "gemeinde": "Karlsruhe", "vorgangszeitraum_von": "2026-03-08T23:00:00Z", "vorgangszeitraum_bis": "2026-04-28T21:59:59Z", "art": "Straßenbau", "lage": "Litzelaustraße zw. Untere Straße und Elsässer Straße", "tagesbaustelle": null, "verursacher": "Tiefbauamt", "zusatzinfo": "Untere Straße = 1-streifige Verkehrsführung", "sperrung": "mit Vollsperrung", "projektnummer": 41859, "vorgangsnummer": "2025V0357", "datenquelle": "Stadt Karlsruhe", "stand": "2025-05-27T22:00:00Z", "index_right": 12.0, "Stadtteil_Nummer": "101", "Stadtteil": "Alt-Knielingen" }, "geometry": { "type": "Point", "coordinates": [ 451533.179002419987228, 5431108.775722740218043 ] } },
{ "type": "Feature", "properties": { "type": "FeatureCollection", "totalFeatures": 270, "numberMatched": 270, "numberReturned": 270, "timeStamp": "2025-10-06T14:15:33.080Z", "crs_type": "name", "crs_properties_name": "urn:ogc:def:crs:EPSG::25832", "feature_type": "Feature", "feature_id": "baustellen_vorschau.102266868", "geometry_name": "geom", "geometry_type": "Point", "geometry_coordinates": [ 451539.51168241, 5431063.52133377 ], "geometry_x": 451539.51168241003, "geometry_y": 5431063.5213337699, "id": 102266868, "gemeinde": "Karlsruhe", "vorgangszeitraum_von": "2026-03-08T23:00:00Z", "vorgangszeitraum_bis": "2026-04-28T21:59:59Z", "art": "Straßenbau", "lage": "Litzelaustraße zw. Untere Straße und Elsässer Straße", "tagesbaustelle": null, "verursacher": "Tiefbauamt", "zusatzinfo": "Untere Straße = 1-streifige Verkehrsführung", "sperrung": "mit Vollsperrung", "projektnummer": 41859, "vorgangsnummer": "2025V0357", "datenquelle": "Stadt Karlsruhe", "stand": "2025-05-27T22:00:00Z", "index_right": 12.0, "Stadtteil_Nummer": "101", "Stadtteil": "Alt-Knielingen" }, "geometry": { "type": "Point", "coordinates": [ 451539.511682410025969, 5431063.521333769895136 ] } },
{ "type": "Feature", "properties": { "type": "FeatureCollection", "totalFeatures": 270, "numberMatched": 270, "numberReturned": 270, "timeStamp": "2025-10-06T14:15:33.080Z", "crs_type": "name", "crs_properties_name": "urn:ogc:def:crs:EPSG::25832", "feature_type": "Feature", "feature_id": "baustellen_vorschau.102266879", "geometry_name": "geom", "geometry_type": "Polygon", "geometry_coordinates": [ [ [ 451553.8875404, 5431140.12412572 ], [ 451544.52813441, 5431136.52435372 ], [ 451527.87919142, 5431136.34436572 ], [ 451518.96975743, 5431138.59422272 ], [ 451516.44991743, 5431139.94413672 ], [ 451512.22018644, 5431133.19456572 ], [ 451515.63996943, 5431131.21469072 ], [ 451525.08936943, 5431121.58530273 ], [ 451528.77913442, 5431116.99559373 ], [ 451533.45883742, 5431117.35557073 ], [ 451533.27884942, 5431117.98553073 ], [ 451542.54826041, 5431130.85471373 ], [ 451555.5974314, 5431133.19456572 ], [ 451553.8875404, 5431140.12412572 ] ] ], "geometry_x": null, "geometry_y": null, "id": 102266879, "gemeinde": "Karlsruhe", "vorgangszeitraum_von": "2026-04-28T22:00:00Z", "vorgangszeitraum_bis": "2026-05-29T21:59:59Z", "art": "Straßenbau", "lage": "Untere Straße zw. Saarlandstraße und Litzelaustraße", "tagesbaustelle": null, "verursacher": "Tiefbauamt", "zusatzinfo": "Litzelaustraße = Sackgasse bis Baufeld", "sperrung": "mit Vollsperrung", "projektnummer": 41859, "vorgangsnummer": "2025V0358", "datenquelle": "Stadt Karlsruhe", "stand": "2025-05-27T22:00:00Z", "index_right": 12.0, "Stadtteil_Nummer": "101", "Stadtteil": "Alt-Knielingen" }, "geometry": { "type": "Polygon", "coordinates": [ [ [ 451553.887540400028229, 5431140.124125720001757 ], [ 451544.52813440997852, 5431136.524353720247746 ], [ 451527.879191419982817, 5431136.34436571970582 ], [ 451518.969757430022582, 5431138.594222719781101 ], [ 451516.449917429999914, 5431139.944136720150709 ], [ 451512.220186439983081, 5431133.194565719924867 ], [ 451515.639969429990742, 5431131.214690719731152 ], [ 451525.089369429973885, 5431121.585302730090916 ], [ 451528.779134419979528, 5431116.99559373036027 ], [ 451533.458837419981137, 5431117.35557072982192 ], [ 451533.278849420021288, 5431117.985530730336905 ], [ 451542.54826041002525, 5431130.854713729582727 ], [ 451555.597431399975903, 5431133.194565719924867 ], [ 451553.887540400028229, 5431140.124125720001757 ] ] ] } },
{ "type": "Feature", "properties": { "type": "FeatureCollection", "totalFeatures": 270, "numberMatched": 270, "numberReturned": 270, "timeStamp": "2025-10-06T14:15:33.080Z", "crs_type": "name", "crs_properties_name": "urn:ogc:def:crs:EPSG::25832", "feature_type": "Feature", "feature_id": "baustellen_vorschau.102266880", "geometry_name": "geom", "geometry_type": "Point", "geometry_coordinates": [ 451531.93475242, 5431130.52432472 ], "geometry_x": 451531.93475242, "geometry_y": 5431130.5243247198, "id": 102266880, "gemeinde": "Karlsruhe", "vorgangszeitraum_von": "2026-04-28T22:00:00Z", "vorgangszeitraum_bis": "2026-05-29T21:59:59Z", "art": "Straßenbau", "lage": "Untere Straße zw. Saarlandstraße und Litzelaustraße", "tagesbaustelle": null, "verursacher": "Tiefbauamt", "zusatzinfo": "Litzelaustraße = Sackgasse bis Baufeld", "sperrung": "mit Vollsperrung", "projektnummer": 41859, "vorgangsnummer": "2025V0358", "datenquelle": "Stadt Karlsruhe", "stand": "2025-05-27T22:00:00Z", "index_right": 12.0, "Stadtteil_Nummer": "101", "Stadtteil": "Alt-Knielingen" }, "geometry": { "type": "Point", "coordinates": [ 451531.934752419998404, 5431130.524324719794095 ] } },
{ "type": "Feature", "properties": { "type": "FeatureCollection", "totalFeatures": 270, "numberMatched": 270, "numberReturned": 270, "timeStamp": "2025-10-06T14:15:33.080Z", "crs_type": "name", "crs_properties_name": "urn:ogc:def:crs:EPSG::25832", "feature_type": "Feature", "feature_id": "baustellen_vorschau.102269121", "geometry_name": "geom", "geometry_type": "Polygon", "geometry_coordinates": [ [ [ 460727.26407673, 5427922.70852559 ], [ 460732.90411673, 5427920.73524559 ], [ 460820.39842365, 5427974.80170856 ], [ 460817.80123266, 5427978.61982856 ], [ 460789.57448668, 5427960.53717957 ], [ 460727.26407673, 5427922.70852559 ] ] ], "geometry_x": null, "geometry_y": null, "id": 102269121, "gemeinde": "Karlsruhe", "vorgangszeitraum_von": "2026-02-01T23:00:00Z", "vorgangszeitraum_bis": "2026-08-26T21:59:59Z", "art": "Bauliche Sondernutzung", "lage": "K9659 Kreisstraße P&R Platz Höhe Bahnhof Durlach", "tagesbaustelle": null, "verursacher": "Deutsche Bahn AG", "zusatzinfo": "Entfall ca. der Hälfte der Abstellplätze", "sperrung": "keine Verkehrsbehinderung", "projektnummer": 49853, "vorgangsnummer": "2025V0641", "datenquelle": "Stadt Karlsruhe", "stand": "2025-02-04T23:00:00Z", "index_right": 67.0, "Stadtteil_Nummer": "191", "Stadtteil": "Alt-Durlach" }, "geometry": { "type": "Polygon", "coordinates": [ [ [ 460727.26407673000358, 5427922.708525589667261 ], [ 460732.904116729972884, 5427920.735245590098202 ], [ 460820.398423650010955, 5427974.801708560436964 ], [ 460817.801232660014648, 5427978.619828560389578 ], [ 460789.5744866799796, 5427960.537179569713771 ], [ 460727.26407673000358, 5427922.708525589667261 ] ] ] } },
{ "type": "Feature", "properties": { "type": "FeatureCollection", "totalFeatures": 270, "numberMatched": 270, "numberReturned": 270, "timeStamp": "2025-10-06T14:15:33.080Z", "crs_type": "name", "crs_properties_name": "urn:ogc:def:crs:EPSG::25832", "feature_type": "Feature", "feature_id": "baustellen_vorschau.102309898", "geometry_name": "geom", "geometry_type": "Point", "geometry_coordinates": [ 463014.70146383, 5429250.5854148 ], "geometry_x": 463014.70146383002, "geometry_y": 5429250.5854147999, "id": 102309898, "gemeinde": "Karlsruhe", "vorgangszeitraum_von": "2026-03-29T22:00:00Z", "vorgangszeitraum_bis": "2026-05-31T21:59:59Z", "art": "Gas bzw. Wasserversorgung", "lage": "Bruchwaldstraße zw. Werrabronner Straße und B3/ Beunstraße", "tagesbaustelle": null, "verursacher": "Stadtwerke Karlsruhe", "zusatzinfo": null, "sperrung": "mit Vollsperrung", "projektnummer": 35679, "vorgangsnummer": "2025V5142", "datenquelle": "Stadt Karlsruhe", "stand": "2025-09-08T22:00:00Z", "index_right": 51.0, "Stadtteil_Nummer": "201", "Stadtteil": "Nördlich der Pfinz" }, "geometry": { "type": "Point", "coordinates": [ 463014.701463830017019, 5429250.58541479986161 ] } },
{ "type": "Feature", "properties": { "type": "FeatureCollection", "totalFeatures": 270, "numberMatched": 270, "numberReturned": 270, "timeStamp": "2025-10-06T14:15:33.080Z", "crs_type": "name", "crs_properties_name": "urn:ogc:def:crs:EPSG::25832", "feature_type": "Feature", "feature_id": "baustellen_vorschau.102269124", "geometry_name": "geom", "geometry_type": "Polygon", "geometry_coordinates": [ [ [ 460702.56458875, 5427907.9664696 ], [ 460709.31773275, 5427906.6285286 ], [ 460820.39842365, 5427974.80170856 ], [ 460836.87468964, 5427986.22191055 ], [ 460854.51877663, 5427999.51862555 ], [ 460872.24711961, 5428014.26725354 ], [ 460863.33035962, 5428011.46626754 ], [ 460841.59204164, 5427995.55721755 ], [ 460817.80123266, 5427978.61982856 ], [ 460789.57448668, 5427960.53717957 ], [ 460725.33658473, 5427921.53834559 ], [ 460702.56458875, 5427907.9664696 ] ] ], "geometry_x": null, "geometry_y": null, "id": 102269124, "gemeinde": "Karlsruhe", "vorgangszeitraum_von": "2026-08-26T22:00:00Z", "vorgangszeitraum_bis": "2026-09-13T21:59:59Z", "art": "Bauliche Sondernutzung", "lage": "K9659 Kreisstraße P&R Platz Höhe Bahnhof Durlach", "tagesbaustelle": null, "verursacher": "Deutsche Bahn AG", "zusatzinfo": "P&R Anlage gesperrt", "sperrung": "keine Verkehrsbehinderung", "projektnummer": 49853, "vorgangsnummer": "2025V0642", "datenquelle": "Stadt Karlsruhe", "stand": "2025-02-04T23:00:00Z", "index_right": 67.0, "Stadtteil_Nummer": "191", "Stadtteil": "Alt-Durlach" }, "geometry": { "type": "Polygon", "coordinates": [ [ [ 460702.564588750014082, 5427907.966469599865377 ], [ 460709.317732749972492, 5427906.628528599627316 ], [ 460820.398423650010955, 5427974.801708560436964 ], [ 460836.874689640011638, 5427986.221910550259054 ], [ 460854.518776629993226, 5427999.518625549972057 ], [ 460872.247119610023219, 5428014.267253540456295 ], [ 460863.330359619983938, 5428011.466267540119588 ], [ 460841.592041640018579, 5427995.557217550463974 ], [ 460817.801232660014648, 5427978.619828560389578 ], [ 460789.5744866799796, 5427960.537179569713771 ], [ 460725.336584730015602, 5427921.538345590233803 ], [ 460702.564588750014082, 5427907.966469599865377 ] ] ] } },
{ "type": "Feature", "properties": { "type": "FeatureCollection", "totalFeatures": 270, "numberMatched": 270, "numberReturned": 270, "timeStamp": "2025-10-06T14:15:33.080Z", "crs_type": "name", "crs_properties_name": "urn:ogc:def:crs:EPSG::25832", "feature_type": "Feature", "feature_id": "baustellen_vorschau.102269127", "geometry_name": "geom", "geometry_type": "Point", "geometry_coordinates": [ 460774.29421969, 5427948.88658258 ], "geometry_x": 460774.29421969003, "geometry_y": 5427948.8865825804, "id": 102269127, "gemeinde": "Karlsruhe", "vorgangszeitraum_von": "2026-02-01T23:00:00Z", "vorgangszeitraum_bis": "2026-08-26T21:59:59Z", "art": "Bauliche Sondernutzung", "lage": "K9659 Kreisstraße P&R Platz Höhe Bahnhof Durlach", "tagesbaustelle": null, "verursacher": "Deutsche Bahn AG", "zusatzinfo": "Entfall ca. der Hälfte der Abstellplätze", "sperrung": "keine Verkehrsbehinderung", "projektnummer": 49853, "vorgangsnummer": "2025V0641", "datenquelle": "Stadt Karlsruhe", "stand": "2025-02-04T23:00:00Z", "index_right": 67.0, "Stadtteil_Nummer": "191", "Stadtteil": "Alt-Durlach" }, "geometry": { "type": "Point", "coordinates": [ 460774.294219690025784, 5427948.886582580395043 ] } },
{ "type": "Feature", "properties": { "type": "FeatureCollection", "totalFeatures": 270, "numberMatched": 270, "numberReturned": 270, "timeStamp": "2025-10-06T14:15:33.080Z", "crs_type": "name", "crs_properties_name": "urn:ogc:def:crs:EPSG::25832", "feature_type": "Feature", "feature_id": "baustellen_vorschau.102269128", "geometry_name": "geom", "geometry_type": "Point", "geometry_coordinates": [ 460788.14155868, 5427958.38268557 ], "geometry_x": 460788.14155867998, "geometry_y": 5427958.38268557, "id": 102269128, "gemeinde": "Karlsruhe", "vorgangszeitraum_von": "2026-08-26T22:00:00Z", "vorgangszeitraum_bis": "2026-09-13T21:59:59Z", "art": "Bauliche Sondernutzung", "lage": "K9659 Kreisstraße P&R Platz Höhe Bahnhof Durlach", "tagesbaustelle": null, "verursacher": "Deutsche Bahn AG", "zusatzinfo": "P&R Anlage gesperrt", "sperrung": "keine Verkehrsbehinderung", "projektnummer": 49853, "vorgangsnummer": "2025V0642", "datenquelle": "Stadt Karlsruhe", "stand": "2025-02-04T23:00:00Z", "index_right": 67.0, "Stadtteil_Nummer": "191", "Stadtteil": "Alt-Durlach" }, "geometry": { "type": "Point", "coordinates": [ 460788.141558679984882, 5427958.382685570046306 ] } },
{ "type": "Feature", "properties": { "type": "FeatureCollection", "totalFeatures": 270, "numberMatched": 270, "numberReturned": 270, "timeStamp": "2025-10-06T14:15:33.080Z", "crs_type": "name", "crs_properties_name": "urn:ogc:def:crs:EPSG::25832", "feature_type": "Feature", "feature_id": "baustellen_vorschau.102269129", "geometry_name": "geom", "geometry_type": "Polygon", "geometry_coordinates": [ [ [ 460725.33658473, 5427921.53834559 ], [ 460729.64547873, 5427918.78593959 ], [ 460820.39842365, 5427974.80170856 ], [ 460817.80123266, 5427978.61982856 ], [ 460789.57448668, 5427960.53717957 ], [ 460725.33658473, 5427921.53834559 ] ] ], "geometry_x": null, "geometry_y": null, "id": 102269129, "gemeinde": "Karlsruhe", "vorgangszeitraum_von": "2026-09-13T22:00:00Z", "vorgangszeitraum_bis": "2026-11-27T22:59:59Z", "art": "Bauliche Sondernutzung", "lage": "K9659 Kreisstraße P&R Platz Höhe Bahnhof Durlach", "tagesbaustelle": null, "verursacher": "Deutsche Bahn AG", "zusatzinfo": "Entfall ca. der Hälfte der Abstellplätze", "sperrung": "keine Verkehrsbehinderung", "projektnummer": 49853, "vorgangsnummer": "2025V0643", "datenquelle": "Stadt Karlsruhe", "stand": "2025-02-04T23:00:00Z", "index_right": 67.0, "Stadtteil_Nummer": "191", "Stadtteil": "Alt-Durlach" }, "geometry": { "type": "Polygon", "coordinates": [ [ [ 460725.336584730015602, 5427921.538345590233803 ], [ 460729.645478729973547, 5427918.785939590074122 ], [ 460820.398423650010955, 5427974.801708560436964 ], [ 460817.801232660014648, 5427978.619828560389578 ], [ 460789.5744866799796, 5427960.537179569713771 ], [ 460725.336584730015602, 5427921.538345590233803 ] ] ] } },
{ "type": "Feature", "properties": { "type": "FeatureCollection", "totalFeatures": 270, "numberMatched": 270, "numberReturned": 270, "timeStamp": "2025-10-06T14:15:33.080Z", "crs_type": "name", "crs_properties_name": "urn:ogc:def:crs:EPSG::25832", "feature_type": "Feature", "feature_id": "baustellen_vorschau.102269130", "geometry_name": "geom", "geometry_type": "Point", "geometry_coordinates": [ 460773.02443569, 5427948.11577258 ], "geometry_x": 460773.02443569002, "geometry_y": 5427948.1157725798, "id": 102269130, "gemeinde": "Karlsruhe", "vorgangszeitraum_von": "2026-09-13T22:00:00Z", "vorgangszeitraum_bis": "2026-11-27T22:59:59Z", "art": "Bauliche Sondernutzung", "lage": "K9659 Kreisstraße P&R Platz Höhe Bahnhof Durlach", "tagesbaustelle": null, "verursacher": "Deutsche Bahn AG", "zusatzinfo": "Entfall ca. der Hälfte der Abstellplätze", "sperrung": "keine Verkehrsbehinderung", "projektnummer": 49853, "vorgangsnummer": "2025V0643", "datenquelle": "Stadt Karlsruhe", "stand": "2025-02-04T23:00:00Z", "index_right": 67.0, "Stadtteil_Nummer": "191", "Stadtteil": "Alt-Durlach" }, "geometry": { "type": "Point", "coordinates": [ 460773.024435690022074, 5427948.115772579796612 ] } },
{ "type": "Feature", "properties": { "type": "FeatureCollection", "totalFeatures": 270, "numberMatched": 270, "numberReturned": 270, "timeStamp": "2025-10-06T14:15:33.080Z", "crs_type": "name", "crs_properties_name": "urn:ogc:def:crs:EPSG::25832", "feature_type": "Feature", "feature_id": "baustellen_vorschau.102269977", "geometry_name": "geom", "geometry_type": "Polygon", "geometry_coordinates": [ [ [ 458355.51513473, 5430826.80772688 ], [ 458371.93563071, 5430843.82252187 ], [ 458387.5684347, 5430862.09872686 ], [ 458385.4666117, 5430863.59943086 ], [ 458380.95813471, 5430857.49482686 ], [ 458372.09534571, 5430851.79162787 ], [ 458358.65243472, 5430837.34422688 ], [ 458359.12185972, 5430836.85833988 ], [ 458360.15233472, 5430835.79172688 ], [ 458355.51513473, 5430826.80772688 ] ] ], "geometry_x": null, "geometry_y": null, "id": 102269977, "gemeinde": "Karlsruhe", "vorgangszeitraum_von": "2025-11-08T23:00:00Z", "vorgangszeitraum_bis": "2025-12-15T22:59:59Z", "art": "Straßenbau", "lage": "Theodor-Heuss-Allee Höhe Elbinger Straße und Höhe Schneidemühler Straße", "tagesbaustelle": null, "verursacher": "Tiefbauamt", "zusatzinfo": "Arbeitsstellen wechselweise im Seitenbereich (Bushaltestelle)", "sperrung": "mit Verkehrsbehinderung", "projektnummer": 31677, "vorgangsnummer": "2024V6849", "datenquelle": "Stadt Karlsruhe", "stand": "2025-06-30T22:00:00Z", "index_right": 68.0, "Stadtteil_Nummer": "161", "Stadtteil": "Waldlage" }, "geometry": { "type": "Polygon", "coordinates": [ [ [ 458355.515134730027057, 5430826.807726879604161 ], [ 458371.935630709980614, 5430843.822521870024502 ], [ 458387.568434700020589, 5430862.098726860247552 ], [ 458385.466611700016074, 5430863.59943086002022 ], [ 458380.95813470997382, 5430857.494826859794557 ], [ 458372.095345709996764, 5430851.791627869941294 ], [ 458358.652434720017482, 5430837.344226879999042 ], [ 458359.121859719976783, 5430836.858339879661798 ], [ 458360.152334720012732, 5430835.791726879775524 ], [ 458355.515134730027057, 5430826.807726879604161 ] ] ] } },
{ "type": "Feature", "properties": { "type": "FeatureCollection", "totalFeatures": 270, "numberMatched": 270, "numberReturned": 270, "timeStamp": "2025-10-06T14:15:33.080Z", "crs_type": "name", "crs_properties_name": "urn:ogc:def:crs:EPSG::25832", "feature_type": "Feature", "feature_id": "baustellen_vorschau.102272739", "geometry_name": "geom", "geometry_type": "Polygon", "geometry_coordinates": [ [ [ 460354.60236303, 5426433.47867447 ], [ 460351.34003304, 5426425.50462947 ], [ 460374.50003302, 5426413.49462948 ], [ 460396.958995, 5426401.47029549 ], [ 460415.16812398, 5426391.82789849 ], [ 460443.78003296, 5426376.8346295 ], [ 460471.19311594, 5426362.47028651 ], [ 460472.04003293, 5426359.68462951 ], [ 460471.32790594, 5426358.17581651 ], [ 460482.07386693, 5426352.79848352 ], [ 460482.64003293, 5426353.99462952 ], [ 460485.47003292, 5426354.93462951 ], [ 460489.66830992, 5426364.01702651 ], [ 460488.76003292, 5426364.49462951 ], [ 460487.81003292, 5426367.33462951 ], [ 460488.11495492, 5426367.97907251 ], [ 460479.19100593, 5426372.5101515 ], [ 460478.98003293, 5426372.0646295 ], [ 460476.15003293, 5426371.12462951 ], [ 460453.43993295, 5426382.8288295 ], [ 460455.13603295, 5426385.88372949 ], [ 460442.43803296, 5426391.93592949 ], [ 460441.18064496, 5426389.55031649 ], [ 460421.27003298, 5426400.04462949 ], [ 460416.76003298, 5426402.42462949 ], [ 460416.43003298, 5426403.44462949 ], [ 460398.310033, 5426409.93462948 ], [ 460381.53003301, 5426417.39462948 ], [ 460367.09483302, 5426424.52142948 ], [ 460367.69003302, 5426425.97462947 ], [ 460354.60236303, 5426433.47867447 ] ] ], "geometry_x": null, "geometry_y": null, "id": 102272739, "gemeinde": "Karlsruhe", "vorgangszeitraum_von": "2025-10-12T22:00:00Z", "vorgangszeitraum_bis": "2026-04-17T21:59:59Z", "art": "Straßenbau", "lage": "Ostmarkstraße zwischen Westmarkstraße und Kärntner Straße", "tagesbaustelle": null, "verursacher": "Tiefbauamt", "zusatzinfo": "Abwicklung in mehreren Bauabschnitten", "sperrung": "mit Vollsperrung", "projektnummer": 49760, "vorgangsnummer": "2025V0912", "datenquelle": "Stadt Karlsruhe", "stand": "2025-09-24T22:00:00Z", "index_right": 66.0, "Stadtteil_Nummer": "195", "Stadtteil": "Aue" }, "geometry": { "type": "Polygon", "coordinates": [ [ [ 460354.602363030018751, 5426433.478674470447004 ], [ 460351.340033039974514, 5426425.504629470407963 ], [ 460374.500033019983675, 5426413.494629479944706 ], [ 460396.958995, 5426401.470295489765704 ], [ 460415.168123979994562, 5426391.82789849024266 ], [ 460443.780032959999517, 5426376.834629500284791 ], [ 460471.193115940026473, 5426362.470286509953439 ], [ 460472.040032929973677, 5426359.68462951015681 ], [ 460471.32790594000835, 5426358.175816509872675 ], [ 460482.073866929975338, 5426352.798483519814909 ], [ 460482.640032930008601, 5426353.994629519991577 ], [ 460485.470032920013182, 5426354.93462951015681 ], [ 460489.668309920001775, 5426364.017026510089636 ], [ 460488.760032919992227, 5426364.494629509747028 ], [ 460487.810032919980586, 5426367.334629509598017 ], [ 460488.114954920019954, 5426367.979072510264814 ], [ 460479.191005930013489, 5426372.51015149988234 ], [ 460478.980032929976005, 5426372.064629499800503 ], [ 460476.150032930017915, 5426371.12462950963527 ], [ 460453.439932950015645, 5426382.82882949989289 ], [ 460455.13603295001667, 5426385.883729490451515 ], [ 460442.438032959995326, 5426391.935929490253329 ], [ 460441.180644960026257, 5426389.550316490232944 ], [ 460421.270032980013639, 5426400.04462949000299 ], [ 460416.760032980004326, 5426402.424629489891231 ], [ 460416.430032979988027, 5426403.444629490375519 ], [ 460398.310033000016119, 5426409.934629480354488 ], [ 460381.530033009999897, 5426417.394629480317235 ], [ 460367.094833020004444, 5426424.521429480053484 ], [ 460367.690033019986004, 5426425.974629470147192 ], [ 460354.602363030018751, 5426433.478674470447004 ] ] ] } },
{ "type": "Feature", "properties": { "type": "FeatureCollection", "totalFeatures": 270, "numberMatched": 270, "numberReturned": 270, "timeStamp": "2025-10-06T14:15:33.080Z", "crs_type": "name", "crs_properties_name": "urn:ogc:def:crs:EPSG::25832", "feature_type": "Feature", "feature_id": "baustellen_vorschau.102272740", "geometry_name": "geom", "geometry_type": "Point", "geometry_coordinates": [ 460428.06472997, 5426390.51880549 ], "geometry_x": 460428.06472997001, "geometry_y": 5426390.5188054899, "id": 102272740, "gemeinde": "Karlsruhe", "vorgangszeitraum_von": "2025-10-12T22:00:00Z", "vorgangszeitraum_bis": "2026-04-17T21:59:59Z", "art": "Straßenbau", "lage": "Ostmarkstraße zwischen Westmarkstraße und Kärntner Straße", "tagesbaustelle": null, "verursacher": "Tiefbauamt", "zusatzinfo": "Abwicklung in mehreren Bauabschnitten", "sperrung": "mit Vollsperrung", "projektnummer": 49760, "vorgangsnummer": "2025V0912", "datenquelle": "Stadt Karlsruhe", "stand": "2025-09-24T22:00:00Z", "index_right": 66.0, "Stadtteil_Nummer": "195", "Stadtteil": "Aue" }, "geometry": { "type": "Point", "coordinates": [ 460428.064729970006738, 5426390.518805489875376 ] } },
{ "type": "Feature", "properties": { "type": "FeatureCollection", "totalFeatures": 270, "numberMatched": 270, "numberReturned": 270, "timeStamp": "2025-10-06T14:15:33.080Z", "crs_type": "name", "crs_properties_name": "urn:ogc:def:crs:EPSG::25832", "feature_type": "Feature", "feature_id": "baustellen_vorschau.102278770", "geometry_name": "geom", "geometry_type": "Polygon", "geometry_coordinates": [ [ [ 452405.57515566, 5427627.79731279 ], [ 452435.94822764, 5427612.0483128 ], [ 452438.66913764, 5427615.6870558 ], [ 452428.64271065, 5427621.11088979 ], [ 452437.71293964, 5427637.14902879 ], [ 452432.12347064, 5427638.59662678 ], [ 452424.01786765, 5427623.61271679 ], [ 452410.05355566, 5427631.16676379 ], [ 452412.32472766, 5427632.97198379 ], [ 452405.57515566, 5427627.79731279 ] ] ], "geometry_x": null, "geometry_y": null, "id": 102278770, "gemeinde": "Karlsruhe", "vorgangszeitraum_von": "2026-01-18T23:00:00Z", "vorgangszeitraum_bis": "2026-04-17T21:59:59Z", "art": "Gas bzw. Wasserversorgung", "lage": "RheinhafenstraßeKreuzungsbereich Pulverhausstraße/ Durmersheimer Straße", "tagesbaustelle": null, "verursacher": "Stadtwerke Karlsruhe", "zusatzinfo": null, "sperrung": "mit Vollsperrung", "projektnummer": 50885, "vorgangsnummer": "2025V1504", "datenquelle": "Stadt Karlsruhe", "stand": "2025-09-24T22:00:00Z", "index_right": null, "Stadtteil_Nummer": null, "Stadtteil": null }, "geometry": { "type": "Polygon", "coordinates": [ [ [ 452405.575155659986194, 5427627.797312789596617 ], [ 452435.948227640008554, 5427612.048312800005078 ], [ 452438.669137639983092, 5427615.687055800110102 ], [ 452428.642710649990477, 5427621.110889789648354 ], [ 452437.712939639983233, 5427637.149028790183365 ], [ 452432.123470639984589, 5427638.596626779995859 ], [ 452424.017867650021799, 5427623.612716790288687 ], [ 452410.053555660007987, 5427631.166763789951801 ], [ 452412.32472765998682, 5427632.971983790397644 ], [ 452405.575155659986194, 5427627.797312789596617 ] ] ] } },
{ "type": "Feature", "properties": { "type": "FeatureCollection", "totalFeatures": 270, "numberMatched": 270, "numberReturned": 270, "timeStamp": "2025-10-06T14:15:33.080Z", "crs_type": "name", "crs_properties_name": "urn:ogc:def:crs:EPSG::25832", "feature_type": "Feature", "feature_id": "baustellen_vorschau.102278771", "geometry_name": "geom", "geometry_type": "Point", "geometry_coordinates": [ 452425.41304565, 5427624.97093479 ], "geometry_x": 452425.41304565, "geometry_y": 5427624.9709347896, "id": 102278771, "gemeinde": "Karlsruhe", "vorgangszeitraum_von": "2026-01-18T23:00:00Z", "vorgangszeitraum_bis": "2026-04-17T21:59:59Z", "art": "Gas bzw. Wasserversorgung", "lage": "RheinhafenstraßeKreuzungsbereich Pulverhausstraße/ Durmersheimer Straße", "tagesbaustelle": null, "verursacher": "Stadtwerke Karlsruhe", "zusatzinfo": null, "sperrung": "mit Vollsperrung", "projektnummer": 50885, "vorgangsnummer": "2025V1504", "datenquelle": "Stadt Karlsruhe", "stand": "2025-09-24T22:00:00Z", "index_right": 4.0, "Stadtteil_Nummer": "111", "Stadtteil": "Alt-Grünwinkel" }, "geometry": { "type": "Point", "coordinates": [ 452425.413045649998821, 5427624.97093478962779 ] } },
{ "type": "Feature", "properties": { "type": "FeatureCollection", "totalFeatures": 270, "numberMatched": 270, "numberReturned": 270, "timeStamp": "2025-10-06T14:15:33.080Z", "crs_type": "name", "crs_properties_name": "urn:ogc:def:crs:EPSG::25832", "feature_type": "Feature", "feature_id": "baustellen_vorschau.102284813", "geometry_name": "geom", "geometry_type": "Polygon", "geometry_coordinates": [ [ [ 464263.53081075, 5422255.5621139 ], [ 464263.41742475, 5422253.2943989 ], [ 464262.73711075, 5422251.3668419 ], [ 464260.92293875, 5422249.5526709 ], [ 464259.33553876, 5422248.53219891 ], [ 464256.38751076, 5422248.3054269 ], [ 464252.98593876, 5422248.1920419 ], [ 464250.83161076, 5422242.63614191 ], [ 464262.73711075, 5422242.52275591 ], [ 464264.32451075, 5422242.06921391 ], [ 464265.68513875, 5422240.93535591 ], [ 464265.68513875, 5422225.85505592 ], [ 464272.26151074, 5422225.74167092 ], [ 464272.14812475, 5422233.45189891 ], [ 464274.52922474, 5422235.26607091 ], [ 464277.70402474, 5422233.11174191 ], [ 464283.71346774, 5422245.24401391 ], [ 464270.67411075, 5422246.03771391 ], [ 464269.20009575, 5422247.5117279 ], [ 464268.85993875, 5422255.5621139 ], [ 464263.53081075, 5422255.5621139 ] ] ], "geometry_x": null, "geometry_y": null, "id": 102284813, "gemeinde": "Karlsruhe", "vorgangszeitraum_von": "2026-02-16T23:00:00Z", "vorgangszeitraum_bis": "2026-03-27T22:59:59Z", "art": "Gas bzw. Wasserversorgung", "lage": "Weiklestraße zwischen Zum Bergle/ Eichenwaldstraße/Neubergstraße und Wiesentalstraße", "tagesbaustelle": null, "verursacher": "Stadtwerke Karlsruhe", "zusatzinfo": "Vollsperrung im Kreuzungsbereich", "sperrung": "mit Vollsperrung", "projektnummer": 44556, "vorgangsnummer": "2025V2184", "datenquelle": "Stadt Karlsruhe", "stand": "2025-05-12T22:00:00Z", "index_right": 24.0, "Stadtteil_Nummer": "211", "Stadtteil": "Stupferich" }, "geometry": { "type": "Polygon", "coordinates": [ [ [ 464263.53081074997317, 5422255.562113899737597 ], [ 464263.41742474999046, 5422253.29439890012145 ], [ 464262.737110749993008, 5422251.366841900162399 ], [ 464260.922938750009052, 5422249.552670899778605 ], [ 464259.335538760002237, 5422248.532198909670115 ], [ 464256.3875107599888, 5422248.305426900275052 ], [ 464252.985938759986311, 5422248.192041900008917 ], [ 464250.831610760011245, 5422242.636141910217702 ], [ 464262.737110749993008, 5422242.522755909711123 ], [ 464264.324510750011541, 5422242.069213910028338 ], [ 464265.685138750006445, 5422240.935355910100043 ], [ 464265.685138750006445, 5422225.855055919848382 ], [ 464272.261510739976075, 5422225.741670919582248 ], [ 464272.148124750005081, 5422233.451898910105228 ], [ 464274.52922473999206, 5422235.266070909798145 ], [ 464277.704024739970919, 5422233.111741909757257 ], [ 464283.713467739988118, 5422245.24401391018182 ], [ 464270.674110750027467, 5422246.037713910453022 ], [ 464269.20009574998403, 5422247.511727900244296 ], [ 464268.859938749985304, 5422255.562113899737597 ], [ 464263.53081074997317, 5422255.562113899737597 ] ] ] } },
{ "type": "Feature", "properties": { "type": "FeatureCollection", "totalFeatures": 270, "numberMatched": 270, "numberReturned": 270, "timeStamp": "2025-10-06T14:15:33.080Z", "crs_type": "name", "crs_properties_name": "urn:ogc:def:crs:EPSG::25832", "feature_type": "Feature", "feature_id": "baustellen_vorschau.102284814", "geometry_name": "geom", "geometry_type": "Point", "geometry_coordinates": [ 464268.41364275, 5422241.50908091 ], "geometry_x": 464268.41364275001, "geometry_y": 5422241.5090809101, "id": 102284814, "gemeinde": "Karlsruhe", "vorgangszeitraum_von": "2026-02-16T23:00:00Z", "vorgangszeitraum_bis": "2026-03-27T22:59:59Z", "art": "Gas bzw. Wasserversorgung", "lage": "Weiklestraße zwischen Zum Bergle/ Eichenwaldstraße/Neubergstraße und Wiesentalstraße", "tagesbaustelle": null, "verursacher": "Stadtwerke Karlsruhe", "zusatzinfo": "Vollsperrung im Kreuzungsbereich", "sperrung": "mit Vollsperrung", "projektnummer": 44556, "vorgangsnummer": "2025V2184", "datenquelle": "Stadt Karlsruhe", "stand": "2025-05-12T22:00:00Z", "index_right": 24.0, "Stadtteil_Nummer": "211", "Stadtteil": "Stupferich" }, "geometry": { "type": "Point", "coordinates": [ 464268.413642750005238, 5422241.509080910123885 ] } },
{ "type": "Feature", "properties": { "type": "FeatureCollection", "totalFeatures": 270, "numberMatched": 270, "numberReturned": 270, "timeStamp": "2025-10-06T14:15:33.080Z", "crs_type": "name", "crs_properties_name": "urn:ogc:def:crs:EPSG::25832", "feature_type": "Feature", "feature_id": "baustellen_vorschau.102286470", "geometry_name": "geom", "geometry_type": "Polygon", "geometry_coordinates": [ [ [ 454010.74223833, 5428046.68712854 ], [ 454011.35903833, 5428046.50872854 ], [ 454014.98724333, 5428063.14203053 ], [ 454017.49996332, 5428074.31661352 ], [ 454025.97878632, 5428072.36322252 ], [ 454029.97127031, 5428092.97220751 ], [ 454031.78088931, 5428101.78496551 ], [ 454033.38850631, 5428111.8376135 ], [ 454034.38196631, 5428118.8871515 ], [ 454035.90753231, 5428130.97779349 ], [ 454037.98337331, 5428147.55881348 ], [ 454039.59857131, 5428166.48290147 ], [ 454040.31214031, 5428181.46030246 ], [ 454040.63254131, 5428205.06992744 ], [ 454040.98809331, 5428224.05949243 ], [ 454040.17009031, 5428224.19703943 ], [ 454039.51508231, 5428186.37871246 ], [ 454039.29896831, 5428170.38615746 ], [ 454037.61552431, 5428150.21617548 ], [ 454034.81606631, 5428128.17361249 ], [ 454032.15828231, 5428106.9721975 ], [ 454028.75396632, 5428089.49701351 ], [ 454025.43325632, 5428072.83097752 ], [ 454016.87971933, 5428075.01913052 ], [ 454010.74223833, 5428046.68712854 ] ] ], "geometry_x": null, "geometry_y": null, "id": 102286470, "gemeinde": "Karlsruhe", "vorgangszeitraum_von": "2026-03-01T23:00:00Z", "vorgangszeitraum_bis": "2026-10-31T22:59:59Z", "art": "Fernwärmeversorgung", "lage": "Weltzienstraße zw. Kriegsstraße u. Wilhelm-baur-Straße", "tagesbaustelle": null, "verursacher": "Stadtwerke Karlsruhe", "zusatzinfo": "Abwicklung in mehreren Bauabschnitten, Aufteilung nicht vorgenommen", "sperrung": "mit Verkehrsbehinderung", "projektnummer": 46077, "vorgangsnummer": "2025V2416", "datenquelle": "Stadt Karlsruhe", "stand": "2025-08-31T22:00:00Z", "index_right": 34.0, "Stadtteil_Nummer": "052", "Stadtteil": "Südlicher Teil" }, "geometry": { "type": "Polygon", "coordinates": [ [ [ 454010.742238330014516, 5428046.687128540128469 ], [ 454011.359038329974283, 5428046.508728539571166 ], [ 454014.987243329989724, 5428063.142030529677868 ], [ 454017.499963319976814, 5428074.316613519564271 ], [ 454025.978786320018116, 5428072.363222519867122 ], [ 454029.971270309993997, 5428092.97220750991255 ], [ 454031.78088931000093, 5428101.784965509548783 ], [ 454033.388506310002413, 5428111.837613499723375 ], [ 454034.381966309971176, 5428118.887151500210166 ], [ 454035.907532309996895, 5428130.977793489582837 ], [ 454037.983373310009483, 5428147.558813479728997 ], [ 454039.598571309994441, 5428166.482901469804347 ], [ 454040.312140310008544, 5428181.46030246000737 ], [ 454040.632541309983935, 5428205.069927440024912 ], [ 454040.988093309977558, 5428224.059492429718375 ], [ 454040.170090309984516, 5428224.19703943002969 ], [ 454039.515082310012076, 5428186.378712460398674 ], [ 454039.298968310002238, 5428170.386157459579408 ], [ 454037.615524309978355, 5428150.21617547981441 ], [ 454034.816066309984308, 5428128.173612490296364 ], [ 454032.158282310003415, 5428106.972197500057518 ], [ 454028.753966320015024, 5428089.497013510204852 ], [ 454025.433256320015062, 5428072.830977519974113 ], [ 454016.879719329997897, 5428075.019130519591272 ], [ 454010.742238330014516, 5428046.687128540128469 ] ] ] } },
{ "type": "Feature", "properties": { "type": "FeatureCollection", "totalFeatures": 270, "numberMatched": 270, "numberReturned": 270, "timeStamp": "2025-10-06T14:15:33.080Z", "crs_type": "name", "crs_properties_name": "urn:ogc:def:crs:EPSG::25832", "feature_type": "Feature", "feature_id": "baustellen_vorschau.102286471", "geometry_name": "geom", "geometry_type": "Point", "geometry_coordinates": [ 454036.20696431, 5428136.26766249 ], "geometry_x": 454036.20696431003, "geometry_y": 5428136.2676624898, "id": 102286471, "gemeinde": "Karlsruhe", "vorgangszeitraum_von": "2026-03-01T23:00:00Z", "vorgangszeitraum_bis": "2026-10-31T22:59:59Z", "art": "Fernwärmeversorgung", "lage": "Weltzienstraße zw. Kriegsstraße u. Wilhelm-baur-Straße", "tagesbaustelle": null, "verursacher": "Stadtwerke Karlsruhe", "zusatzinfo": "Abwicklung in mehreren Bauabschnitten, Aufteilung nicht vorgenommen", "sperrung": "mit Verkehrsbehinderung", "projektnummer": 46077, "vorgangsnummer": "2025V2416", "datenquelle": "Stadt Karlsruhe", "stand": "2025-08-31T22:00:00Z", "index_right": 34.0, "Stadtteil_Nummer": "052", "Stadtteil": "Südlicher Teil" }, "geometry": { "type": "Point", "coordinates": [ 454036.206964310025796, 5428136.267662489786744 ] } },
{ "type": "Feature", "properties": { "type": "FeatureCollection", "totalFeatures": 270, "numberMatched": 270, "numberReturned": 270, "timeStamp": "2025-10-06T14:15:33.080Z", "crs_type": "name", "crs_properties_name": "urn:ogc:def:crs:EPSG::25832", "feature_type": "Feature", "feature_id": "baustellen_vorschau.102286477", "geometry_name": "geom", "geometry_type": "MultiPolygon", "geometry_coordinates": [ [ [ [ 454101.09693826, 5428233.80982843 ], [ 454115.20783824, 5428232.81972843 ], [ 454115.22963824, 5428213.48932844 ], [ 454114.56663824, 5428181.26502846 ], [ 454113.35063825, 5428153.57002848 ], [ 454111.10693825, 5428120.4420285 ], [ 454108.47123825, 5428091.15232851 ], [ 454106.48193825, 5428073.15112852 ], [ 454114.43703824, 5428065.03552853 ], [ 454104.60833825, 5428058.00702853 ], [ 454105.49113825, 5428056.21322853 ], [ 454101.74663825, 5428053.75882853 ], [ 454103.94433825, 5428050.41842854 ], [ 454104.13523825, 5428050.55722854 ], [ 454102.24993825, 5428053.56792853 ], [ 454106.00213825, 5428056.05212853 ], [ 454105.06233825, 5428057.87572853 ], [ 454115.37413824, 5428065.01812853 ], [ 454107.31303825, 5428073.16162852 ], [ 454108.72133825, 5428085.07762852 ], [ 454109.90323825, 5428100.57472851 ], [ 454112.16403825, 5428125.46292849 ], [ 454112.94173825, 5428137.43312849 ], [ 454114.09653824, 5428154.99702848 ], [ 454120.66233824, 5428154.56532847 ], [ 454121.13303824, 5428155.44722847 ], [ 454114.17453824, 5428156.18422847 ], [ 454114.22053824, 5428156.88362847 ], [ 454115.02953824, 5428175.78592846 ], [ 454115.73113824, 5428192.93612845 ], [ 454116.17863824, 5428207.92382844 ], [ 454116.10533824, 5428219.91912844 ], [ 454116.18263824, 5428235.35102843 ], [ 454115.20523824, 5428235.14122843 ], [ 454115.20683824, 5428233.74762843 ], [ 454101.25143826, 5428234.79752843 ], [ 454101.09693826, 5428233.80982843 ] ] ], [ [ [ 454116.16353824, 5428210.39862844 ], [ 454116.16793824, 5428209.67982844 ], [ 454121.11393824, 5428209.71002844 ], [ 454121.65063824, 5428210.30912844 ], [ 454116.16353824, 5428210.39862844 ] ] ] ], "geometry_x": null, "geometry_y": null, "id": 102286477, "gemeinde": "Karlsruhe", "vorgangszeitraum_von": "2025-11-02T23:00:00Z", "vorgangszeitraum_bis": "2026-08-14T21:59:59Z", "art": "Fernwärmeversorgung", "lage": "Hübschstraße zw. Kriegsstraße u. Eisenlohrstraße", "tagesbaustelle": null, "verursacher": "Stadtwerke Karlsruhe", "zusatzinfo": "Abwicklung in mehreren Bauabschnitten, Aufteilung nicht vorgenommen", "sperrung": "mit Verkehrsbehinderung", "projektnummer": 46078, "vorgangsnummer": "2025V2418", "datenquelle": "Stadt Karlsruhe", "stand": "2025-08-31T22:00:00Z", "index_right": 34.0, "Stadtteil_Nummer": "052", "Stadtteil": "Südlicher Teil" }, "geometry": { "type": "MultiPolygon", "coordinates": [ [ [ [ 454101.096938260016032, 5428233.8098284304142 ], [ 454115.207838240021374, 5428232.819728430360556 ], [ 454115.229638240009081, 5428213.489328440278769 ], [ 454114.566638240008615, 5428181.265028459951282 ], [ 454113.350638250005431, 5428153.570028480142355 ], [ 454111.106938250013627, 5428120.442028500139713 ], [ 454108.471238249971066, 5428091.152328509837389 ], [ 454106.481938250013627, 5428073.151128520257771 ], [ 454114.437038240022957, 5428065.035528530366719 ], [ 454104.608338250021916, 5428058.007028530351818 ], [ 454105.491138249984942, 5428056.21322853025049 ], [ 454101.746638250013348, 5428053.758828530088067 ], [ 454103.944338249973953, 5428050.418428540229797 ], [ 454104.135238250019029, 5428050.557228540070355 ], [ 454102.249938249995466, 5428053.567928530275822 ], [ 454106.002138249983545, 5428056.052128530107439 ], [ 454105.062338249990717, 5428057.875728529877961 ], [ 454115.374138240003958, 5428065.01812853012234 ], [ 454107.313038250023965, 5428073.16162852011621 ], [ 454108.721338249975815, 5428085.077628520317376 ], [ 454109.903238250000868, 5428100.574728510342538 ], [ 454112.164038249989972, 5428125.462928489781916 ], [ 454112.941738250025082, 5428137.433128490112722 ], [ 454114.096538239973597, 5428154.997028480283916 ], [ 454120.662338240013923, 5428154.565328470431268 ], [ 454121.133038240019232, 5428155.447228469885886 ], [ 454114.174538240011316, 5428156.184228469617665 ], [ 454114.220538239984307, 5428156.883628469891846 ], [ 454115.029538239992689, 5428175.785928459838033 ], [ 454115.731138240022119, 5428192.936128449626267 ], [ 454116.178638239973225, 5428207.92382843978703 ], [ 454116.105338239984121, 5428219.919128440320492 ], [ 454116.182638239988592, 5428235.351028430275619 ], [ 454115.205238240014296, 5428235.141228429973125 ], [ 454115.206838239973877, 5428233.74762842990458 ], [ 454101.251438260020223, 5428234.797528429888189 ], [ 454101.096938260016032, 5428233.8098284304142 ] ] ], [ [ [ 454116.163538240012713, 5428210.398628439754248 ], [ 454116.167938239988871, 5428209.679828439839184 ], [ 454121.113938239985146, 5428209.710028439760208 ], [ 454121.650638239982072, 5428210.309128439985216 ], [ 454116.163538240012713, 5428210.398628439754248 ] ] ] ] } },
{ "type": "Feature", "properties": { "type": "FeatureCollection", "totalFeatures": 270, "numberMatched": 270, "numberReturned": 270, "timeStamp": "2025-10-06T14:15:33.080Z", "crs_type": "name", "crs_properties_name": "urn:ogc:def:crs:EPSG::25832", "feature_type": "Feature", "feature_id": "baustellen_vorschau.102286478", "geometry_name": "geom", "geometry_type": "Point", "geometry_coordinates": [ 454113.83790424, 5428156.51083847 ], "geometry_x": 454113.83790424, "geometry_y": 5428156.5108384704, "id": 102286478, "gemeinde": "Karlsruhe", "vorgangszeitraum_von": "2025-11-02T23:00:00Z", "vorgangszeitraum_bis": "2026-08-14T21:59:59Z", "art": "Fernwärmeversorgung", "lage": "Hübschstraße zw. Kriegsstraße u. Eisenlohrstraße", "tagesbaustelle": null, "verursacher": "Stadtwerke Karlsruhe", "zusatzinfo": "Abwicklung in mehreren Bauabschnitten, Aufteilung nicht vorgenommen", "sperrung": "mit Verkehrsbehinderung", "projektnummer": 46078, "vorgangsnummer": "2025V2418", "datenquelle": "Stadt Karlsruhe", "stand": "2025-08-31T22:00:00Z", "index_right": 34.0, "Stadtteil_Nummer": "052", "Stadtteil": "Südlicher Teil" }, "geometry": { "type": "Point", "coordinates": [ 454113.837904240004718, 5428156.510838470421731 ] } },
{ "type": "Feature", "properties": { "type": "FeatureCollection", "totalFeatures": 270, "numberMatched": 270, "numberReturned": 270, "timeStamp": "2025-10-06T14:15:33.080Z", "crs_type": "name", "crs_properties_name": "urn:ogc:def:crs:EPSG::25832", "feature_type": "Feature", "feature_id": "baustellen_vorschau.102294936", "geometry_name": "geom", "geometry_type": "Point", "geometry_coordinates": [ 461213.88060432, 5427739.2015647 ], "geometry_x": 461213.88060431997, "geometry_y": 5427739.2015647003, "id": 102294936, "gemeinde": "Karlsruhe", "vorgangszeitraum_von": "2026-03-01T23:00:00Z", "vorgangszeitraum_bis": "2026-05-29T21:59:59Z", "art": "Kanalbau", "lage": "Lederstraße zw.Pfinzstraße u. Seboldstraße", "tagesbaustelle": null, "verursacher": "Tiefbauamt", "zusatzinfo": "Abwicklung in mehreren Bauabschnitten, Aufteilung nicht vorgenommen", "sperrung": "mit Vollsperrung", "projektnummer": 41041, "vorgangsnummer": "2024V5704", "datenquelle": "Stadt Karlsruhe", "stand": "2025-08-31T22:00:00Z", "index_right": 67.0, "Stadtteil_Nummer": "191", "Stadtteil": "Alt-Durlach" }, "geometry": { "type": "Point", "coordinates": [ 461213.880604319972917, 5427739.201564700342715 ] } },
{ "type": "Feature", "properties": { "type": "FeatureCollection", "totalFeatures": 270, "numberMatched": 270, "numberReturned": 270, "timeStamp": "2025-10-06T14:15:33.080Z", "crs_type": "name", "crs_properties_name": "urn:ogc:def:crs:EPSG::25832", "feature_type": "Feature", "feature_id": "baustellen_vorschau.102312255", "geometry_name": "geom", "geometry_type": "Point", "geometry_coordinates": [ 457677.40016228, 5428803.09566608 ], "geometry_x": 457677.40016228001, "geometry_y": 5428803.0956660798, "id": 102312255, "gemeinde": "Karlsruhe", "vorgangszeitraum_von": "2025-10-17T22:00:00Z", "vorgangszeitraum_bis": "2025-11-28T22:59:59Z", "art": "Strom bzw. TK-Versorgung", "lage": "Karl-Wilhem-Straße zw. Parkstraße und Adenauerring", "tagesbaustelle": null, "verursacher": "Stadtwerke Karlsruhe", "zusatzinfo": "Arbeitsstelle im Geh- und Radweg, Notgehweg auf der Fahrbahn", "sperrung": "mit Verkehrsbehinderung", "projektnummer": 52647, "vorgangsnummer": "2025V5422", "datenquelle": "Stadt Karlsruhe", "stand": "2025-09-21T22:00:00Z", "index_right": 58.0, "Stadtteil_Nummer": "073", "Stadtteil": "Westlicher Teil" }, "geometry": { "type": "Point", "coordinates": [ 457677.400162280013319, 5428803.09566607978195 ] } },
{ "type": "Feature", "properties": { "type": "FeatureCollection", "totalFeatures": 270, "numberMatched": 270, "numberReturned": 270, "timeStamp": "2025-10-06T14:15:33.080Z", "crs_type": "name", "crs_properties_name": "urn:ogc:def:crs:EPSG::25832", "feature_type": "Feature", "feature_id": "baustellen_vorschau.102295047", "geometry_name": "geom", "geometry_type": "MultiPolygon", "geometry_coordinates": [ [ [ [ 456718.09713608, 5428861.13462805 ], [ 456725.10864907, 5428867.72262905 ], [ 456706.36161609, 5428888.91553703 ], [ 456697.1830441, 5428899.52268003 ], [ 456692.7917701, 5428903.53213803 ], [ 456688.4580171, 5428906.03879602 ], [ 456684.81119211, 5428906.97870302 ], [ 456679.96141911, 5428906.87439502 ], [ 456676.35147411, 5428905.36426903 ], [ 456670.24023712, 5428901.50233903 ], [ 456642.40327314, 5428884.08420404 ], [ 456637.57258715, 5428877.74564004 ], [ 456626.60606316, 5428871.29319404 ], [ 456630.12133615, 5428865.12542805 ], [ 456671.17663612, 5428891.04002803 ], [ 456681.98013611, 5428898.51582803 ], [ 456684.43123611, 5428899.12842803 ], [ 456685.97823611, 5428898.49232803 ], [ 456697.3711651, 5428885.44531304 ], [ 456718.09713608, 5428861.13462805 ] ] ], [ [ [ 456243.69093647, 5428894.88161803 ], [ 456236.98283648, 5428887.99062804 ], [ 456254.62893647, 5428875.82092805 ], [ 456273.15713645, 5428865.07022805 ], [ 456282.22963644, 5428860.08442805 ], [ 456296.00288443, 5428853.11626906 ], [ 456312.91713642, 5428845.50012806 ], [ 456332.1060364, 5428838.02862806 ], [ 456346.80223639, 5428832.92622807 ], [ 456366.16194637, 5428827.40204107 ], [ 456380.29104936, 5428824.25224107 ], [ 456388.79110635, 5428822.81687507 ], [ 456397.11998035, 5428821.64240707 ], [ 456412.32901533, 5428819.48254408 ], [ 456426.36812332, 5428818.49260708 ], [ 456435.78044131, 5428818.12440408 ], [ 456446.70683231, 5428818.40261208 ], [ 456460.74594029, 5428818.76258908 ], [ 456477.57487228, 5428819.39254908 ], [ 456492.88448327, 5428820.20212207 ], [ 456511.56883625, 5428822.92622807 ], [ 456532.34926023, 5428827.11653407 ], [ 456543.22643622, 5428829.83512807 ], [ 456553.72793622, 5428832.80482807 ], [ 456552.42197222, 5428838.16703106 ], [ 456571.9640362, 5428843.75502806 ], [ 456600.12083618, 5428855.20082805 ], [ 456617.80404616, 5428863.98771505 ], [ 456615.46919816, 5428869.42151105 ], [ 456604.42400617, 5428863.94628505 ], [ 456581.04603619, 5428853.33202806 ], [ 456560.80355721, 5428845.72520206 ], [ 456553.61946722, 5428843.44714006 ], [ 456543.50655022, 5428840.46680906 ], [ 456528.84546424, 5428836.54602406 ], [ 456517.33357225, 5428834.32185807 ], [ 456503.55649026, 5428832.13015807 ], [ 456493.29763727, 5428831.11244307 ], [ 456476.18487728, 5428829.25428607 ], [ 456460.82011129, 5428828.36733307 ], [ 456443.01584931, 5428827.88542307 ], [ 456433.27626032, 5428828.47349607 ], [ 456421.82492933, 5428828.96842907 ], [ 456409.46300334, 5428830.49672307 ], [ 456394.55808235, 5428832.51074707 ], [ 456380.56703636, 5428835.30362807 ], [ 456363.80563537, 5428838.65802706 ], [ 456348.27108939, 5428842.94044006 ], [ 456339.12882539, 5428845.59294706 ], [ 456328.9064124, 5428849.37723706 ], [ 456311.90968842, 5428855.82746105 ], [ 456303.30990843, 5428859.48022505 ], [ 456278.52239845, 5428871.93725504 ], [ 456259.53625146, 5428883.75373404 ], [ 456243.69093647, 5428894.88161803 ] ] ] ], "geometry_x": null, "geometry_y": null, "id": 102295047, "gemeinde": "Karlsruhe", "vorgangszeitraum_von": "2025-10-31T23:00:00Z", "vorgangszeitraum_bis": "2026-12-20T22:59:59Z", "art": "Tunnelbau", "lage": "Schlossplatz zw. Herrenstraße u. Zirkel", "tagesbaustelle": null, "verursacher": "Tiefbauamt", "zusatzinfo": "Ein Fahrstreifen im Haupttunnel und ein Fahrtstreifen in der Tiefspur (Höhe max. 2,00 m) jeweils Zirkel Richtung Kunsthalle frei, Anbindung der Parkhäuser wechselweise über Haupttunnel oder Tiefspur.", "sperrung": "mit Sperrung in eine Fahrtrichtung", "projektnummer": 44397, "vorgangsnummer": "2025V3336", "datenquelle": "Stadt Karlsruhe", "stand": "2025-09-29T22:00:00Z", "index_right": null, "Stadtteil_Nummer": null, "Stadtteil": null }, "geometry": { "type": "MultiPolygon", "coordinates": [ [ [ [ 456718.097136079974007, 5428861.134628050029278 ], [ 456725.108649070025422, 5428867.722629049792886 ], [ 456706.361616089998279, 5428888.915537030436099 ], [ 456697.183044100005645, 5428899.522680030204356 ], [ 456692.79177010001149, 5428903.532138030044734 ], [ 456688.45801709999796, 5428906.038796019740403 ], [ 456684.811192110006232, 5428906.978703020140529 ], [ 456679.961419110011775, 5428906.87439502030611 ], [ 456676.351474109978881, 5428905.364269030280411 ], [ 456670.240237120015081, 5428901.502339029684663 ], [ 456642.403273140022065, 5428884.084204039536417 ], [ 456637.572587149974424, 5428877.745640040375292 ], [ 456626.606063159997575, 5428871.293194039724767 ], [ 456630.121336149983108, 5428865.125428049825132 ], [ 456671.176636120013427, 5428891.040028030052781 ], [ 456681.980136109981686, 5428898.515828030183911 ], [ 456684.431236109987367, 5428899.128428029827774 ], [ 456685.978236110007856, 5428898.492328030057251 ], [ 456697.371165100019425, 5428885.445313040167093 ], [ 456718.097136079974007, 5428861.134628050029278 ] ] ], [ [ [ 456243.690936469996814, 5428894.881618030369282 ], [ 456236.982836480019614, 5428887.990628040395677 ], [ 456254.628936470020562, 5428875.820928050205112 ], [ 456273.157136449997779, 5428865.070228050462902 ], [ 456282.229636439995375, 5428860.084428049623966 ], [ 456296.002884429995902, 5428853.116269060410559 ], [ 456312.917136419971939, 5428845.500128059647977 ], [ 456332.106036400015, 5428838.028628059662879 ], [ 456346.802236390009057, 5428832.926228069700301 ], [ 456366.16194636997534, 5428827.40204107016325 ], [ 456380.291049360006582, 5428824.252241070382297 ], [ 456388.791106350021437, 5428822.816875070333481 ], [ 456397.119980350020342, 5428821.642407069914043 ], [ 456412.32901533000404, 5428819.482544080354273 ], [ 456426.368123319989536, 5428818.492607080377638 ], [ 456435.780441310023889, 5428818.124404080212116 ], [ 456446.706832310010213, 5428818.40261207986623 ], [ 456460.745940289983992, 5428818.762589080259204 ], [ 456477.574872280005366, 5428819.392549079842865 ], [ 456492.884483269997872, 5428820.202122069895267 ], [ 456511.568836249993183, 5428822.926228069700301 ], [ 456532.349260230024811, 5428827.116534070111811 ], [ 456543.226436219993047, 5428829.835128069855273 ], [ 456553.727936220006086, 5428832.804828070104122 ], [ 456552.421972220006865, 5428838.167031059972942 ], [ 456571.964036200020928, 5428843.755028059706092 ], [ 456600.120836179994512, 5428855.200828050263226 ], [ 456617.804046160017606, 5428863.987715049646795 ], [ 456615.469198159989901, 5428869.421511050313711 ], [ 456604.424006170011126, 5428863.946285050362349 ], [ 456581.046036190004088, 5428853.332028060220182 ], [ 456560.80355721001979, 5428845.725202060304582 ], [ 456553.619467219978105, 5428843.4471400603652 ], [ 456543.506550220015924, 5428840.466809060424566 ], [ 456528.845464240002912, 5428836.5460240598768 ], [ 456517.333572249975987, 5428834.321858069859445 ], [ 456503.556490260001738, 5428832.13015806954354 ], [ 456493.297637270006817, 5428831.112443069927394 ], [ 456476.184877279971261, 5428829.254286070354283 ], [ 456460.820111290027853, 5428828.367333070375025 ], [ 456443.015849309973419, 5428827.885423069819808 ], [ 456433.276260319980793, 5428828.47349607013166 ], [ 456421.824929329974111, 5428828.968429069966078 ], [ 456409.463003340002615, 5428830.496723069809377 ], [ 456394.558082350005861, 5428832.510747070424259 ], [ 456380.567036359978374, 5428835.303628070279956 ], [ 456363.805635370023083, 5428838.658027060329914 ], [ 456348.271089389978442, 5428842.940440059639513 ], [ 456339.128825390012935, 5428845.592947060242295 ], [ 456328.906412400014233, 5428849.377237060107291 ], [ 456311.909688420011662, 5428855.827461049892008 ], [ 456303.309908429975621, 5428859.480225049890578 ], [ 456278.522398450004403, 5428871.937255039811134 ], [ 456259.536251460027415, 5428883.75373404007405 ], [ 456243.690936469996814, 5428894.881618030369282 ] ] ] ] } },
{ "type": "Feature", "properties": { "type": "FeatureCollection", "totalFeatures": 270, "numberMatched": 270, "numberReturned": 270, "timeStamp": "2025-10-06T14:15:33.080Z", "crs_type": "name", "crs_properties_name": "urn:ogc:def:crs:EPSG::25832", "feature_type": "Feature", "feature_id": "baustellen_vorschau.102295048", "geometry_name": "geom", "geometry_type": "Point", "geometry_coordinates": [ 456476.72797228, 5428824.33219507 ], "geometry_x": 456476.72797228, "geometry_y": 5428824.3321950696, "id": 102295048, "gemeinde": "Karlsruhe", "vorgangszeitraum_von": "2025-10-31T23:00:00Z", "vorgangszeitraum_bis": "2026-12-20T22:59:59Z", "art": "Tunnelbau", "lage": "Schlossplatz zw. Herrenstraße u. Zirkel", "tagesbaustelle": null, "verursacher": "Tiefbauamt", "zusatzinfo": "Ein Fahrstreifen im Haupttunnel und ein Fahrtstreifen in der Tiefspur (Höhe max. 2,00 m) jeweils Zirkel Richtung Kunsthalle frei, Anbindung der Parkhäuser wechselweise über Haupttunnel oder Tiefspur.", "sperrung": "mit Sperrung in eine Fahrtrichtung", "projektnummer": 44397, "vorgangsnummer": "2025V3336", "datenquelle": "Stadt Karlsruhe", "stand": "2025-09-29T22:00:00Z", "index_right": 44.0, "Stadtteil_Nummer": "011", "Stadtteil": "Nordöstlicher Teil" }, "geometry": { "type": "Point", "coordinates": [ 456476.727972280001268, 5428824.332195069640875 ] } },
{ "type": "Feature", "properties": { "type": "FeatureCollection", "totalFeatures": 270, "numberMatched": 270, "numberReturned": 270, "timeStamp": "2025-10-06T14:15:33.080Z", "crs_type": "name", "crs_properties_name": "urn:ogc:def:crs:EPSG::25832", "feature_type": "Feature", "feature_id": "baustellen_vorschau.102296302", "geometry_name": "geom", "geometry_type": "MultiLineString", "geometry_coordinates": [ [ [ 454148.83349722, 5429127.4633409 ], [ 454148.06854522, 5429116.34904691 ], [ 454156.84298822, 5429115.44910391 ], [ 454156.70799722, 5429113.82920691 ], [ 454160.35276521, 5429113.51422691 ] ], [ [ 454148.06854522, 5429116.52903491 ], [ 454147.21359922, 5429107.25962391 ], [ 454139.74407423, 5429107.75459191 ], [ 454139.56408523, 5429105.00976691 ], [ 454132.99450224, 5429105.50473491 ] ], [ [ 454147.25859722, 5429107.43961191 ], [ 454146.04367422, 5429093.62548892 ], [ 454149.77843722, 5429093.26551192 ], [ 454149.91342822, 5429095.47037192 ], [ 454154.27815122, 5429095.11039492 ] ], [ [ 454146.17866522, 5429093.71548392 ], [ 454144.91874523, 5429074.95167493 ], [ 454137.62920823, 5429075.58163493 ], [ 454137.53921423, 5429073.19678693 ], [ 454130.83463924, 5429073.82674693 ] ], [ [ 454144.91874523, 5429075.31165193 ], [ 454144.60376523, 5429070.90193193 ], [ 454148.15853922, 5429070.63194893 ], [ 454147.97855122, 5429067.70713494 ], [ 454144.28878523, 5429068.02211494 ], [ 454143.38884223, 5429058.07774694 ], [ 454147.70856822, 5429057.67277194 ], [ 454147.84355922, 5429059.29266894 ], [ 454155.58306822, 5429058.79770094 ] ], [ [ 454143.43383923, 5429058.03274894 ], [ 454140.90967423, 5429023.51149796 ], [ 454129.17454824, 5429024.81540096 ], [ 454129.06116524, 5429023.05796696 ], [ 454124.97938224, 5429023.45480696 ] ], [ [ 454140.90967423, 5429023.62488096 ], [ 454140.51283423, 5429015.91484697 ], [ 454132.29257724, 5429016.70852697 ], [ 454132.29257724, 5429018.69272697 ], [ 454124.41246824, 5429019.42971497 ] ], [ [ 454140.45614223, 5429016.14161197 ], [ 454139.66246223, 5429006.56076097 ], [ 454150.20706822, 5429006.05053797 ], [ 454150.03699422, 5429003.55611497 ], [ 454152.30465122, 5429003.44273197 ] ], [ [ 454139.71917123, 5429006.54344097 ], [ 454140.65742823, 5429006.51915197 ], [ 454140.43242823, 5429003.45915197 ], [ 454139.35242823, 5429003.45915197 ], [ 454137.46242823, 5428976.14415199 ], [ 454141.01742823, 5428975.96415199 ], [ 454140.88242823, 5428974.11915199 ], [ 454146.91242822, 5428973.66915199 ] ], [ [ 454137.37242823, 5428976.14415199 ], [ 454136.02242823, 5428964.039152 ], [ 454139.03742823, 5428964.129152 ], [ 454138.99242823, 5428961.699152 ], [ 454135.93242823, 5428961.699152 ], [ 454135.88742823, 5428959.944152 ], [ 454127.24742824, 5428960.574152 ], [ 454127.38242824, 5428962.464152 ], [ 454120.49742825, 5428963.094152 ] ], [ [ 454135.88742823, 5428960.079152 ], [ 454135.12242823, 5428952.384152 ], [ 454139.17242823, 5428952.15915201 ], [ 454139.30742823, 5428954.949152 ], [ 454145.20242822, 5428954.544152 ] ], [ [ 454135.21242823, 5428952.69915201 ], [ 454134.22242823, 5428942.88915201 ], [ 454142.81742823, 5428942.30415201 ], [ 454142.81742823, 5428943.65415201 ], [ 454146.41742822, 5428943.47415201 ] ], [ [ 454134.31242823, 5428943.33915201 ], [ 454131.53247924, 5428905.23838703 ], [ 454134.99100523, 5428905.06829503 ], [ 454134.87761123, 5428902.34683204 ], [ 454143.04199923, 5428901.72316403 ] ] ], "geometry_x": null, "geometry_y": null, "id": 102296302, "gemeinde": "Karlsruhe", "vorgangszeitraum_von": "2025-11-30T23:00:00Z", "vorgangszeitraum_bis": "2026-12-01T22:59:59Z", "art": "Fernwärmeversorgung", "lage": "Wendtstraße zw. Kaiserallee und Ludwig-Marum-Straße", "tagesbaustelle": null, "verursacher": "Stadtwerke Karlsruhe", "zusatzinfo": "Abwicklung in mehreren Bauabschnitten, Aufteilung nicht vorgenommen", "sperrung": "mit Verkehrsbehinderung", "projektnummer": 45182, "vorgangsnummer": "2025V3496", "datenquelle": "Stadt Karlsruhe", "stand": "2025-09-24T22:00:00Z", "index_right": 8.0, "Stadtteil_Nummer": "051", "Stadtteil": "Mittlerer Teil" }, "geometry": { "type": "MultiLineString", "coordinates": [ [ [ 454148.833497220010031, 5429127.463340899907053 ], [ 454148.068545220012311, 5429116.349046910181642 ], [ 454156.842988219985273, 5429115.449103909544647 ], [ 454156.707997219986282, 5429113.82920690998435 ], [ 454160.352765209972858, 5429113.514226909726858 ] ], [ [ 454148.068545220012311, 5429116.529034909792244 ], [ 454147.213599219976459, 5429107.259623910300434 ], [ 454139.744074230024125, 5429107.754591910168529 ], [ 454139.564085229998454, 5429105.009766910225153 ], [ 454132.99450223997701, 5429105.504734910093248 ] ], [ [ 454147.258597220003139, 5429107.439611909911036 ], [ 454146.043674219981767, 5429093.625488920137286 ], [ 454149.778437220025808, 5429093.265511919744313 ], [ 454149.913428220024798, 5429095.470371919684112 ], [ 454154.278151220001746, 5429095.110394920222461 ] ], [ [ 454146.178665219980758, 5429093.715483919717371 ], [ 454144.918745230010245, 5429074.951674929820001 ], [ 454137.629208230006043, 5429075.581634930334985 ], [ 454137.539214230026118, 5429073.196786929853261 ], [ 454130.834639239998069, 5429073.826746930368245 ] ], [ [ 454144.918745230010245, 5429075.311651930212975 ], [ 454144.603765229985584, 5429070.901931930333376 ], [ 454148.158539219992235, 5429070.631948930211365 ], [ 454147.978551219974179, 5429067.707134939730167 ], [ 454144.28878523001913, 5429068.022114939987659 ], [ 454143.388842230022419, 5429058.077746939845383 ], [ 454147.708568220026791, 5429057.672771940007806 ], [ 454147.843559220025782, 5429059.292668939568102 ], [ 454155.583068220003042, 5429058.797700939700007 ] ], [ [ 454143.433839229983278, 5429058.032748940400779 ], [ 454140.909674229973461, 5429023.511497960425913 ], [ 454129.174548239971045, 5429024.815400959923863 ], [ 454129.061165240011178, 5429023.057966959662735 ], [ 454124.979382239980623, 5429023.454806960187852 ] ], [ [ 454140.909674229973461, 5429023.624880960211158 ], [ 454140.512834229972214, 5429015.914846969768405 ], [ 454132.292577239975799, 5429016.708526969887316 ], [ 454132.292577239975799, 5429018.692726969718933 ], [ 454124.412468240014277, 5429019.429714970290661 ] ], [ [ 454140.456142230017576, 5429016.141611970029771 ], [ 454139.66246223001508, 5429006.56076097022742 ], [ 454150.207068220013753, 5429006.050537969917059 ], [ 454150.036994219990447, 5429003.556114969775081 ], [ 454152.30465121997986, 5429003.442731969989836 ] ], [ [ 454139.719171229982749, 5429006.543440969660878 ], [ 454140.657428229984362, 5429006.51915196981281 ], [ 454140.432428230007645, 5429003.459151970222592 ], [ 454139.352428229991347, 5429003.459151970222592 ], [ 454137.462428229977377, 5428976.144151990301907 ], [ 454141.0174282300286, 5428975.964151989668608 ], [ 454140.882428230019286, 5428974.119151989929378 ], [ 454146.912428219977301, 5428973.669151989743114 ] ], [ [ 454137.372428230009973, 5428976.144151990301907 ], [ 454136.022428229975048, 5428964.039152 ], [ 454139.037428229989018, 5428964.129152 ], [ 454138.992428230005316, 5428961.699152000248432 ], [ 454135.932428230007645, 5428961.699152000248432 ], [ 454135.887428230023943, 5428959.944152000360191 ], [ 454127.247428240021691, 5428960.574152000248432 ], [ 454127.382428239972796, 5428962.464152 ], [ 454120.497428249975201, 5428963.094151999801397 ] ], [ [ 454135.887428230023943, 5428960.079152000136673 ], [ 454135.122428230009973, 5428952.38415199983865 ], [ 454139.172428229998332, 5428952.159152010455728 ], [ 454139.307428230007645, 5428954.949152000248432 ], [ 454145.202428220014554, 5428954.544152 ] ], [ [ 454135.212428229977377, 5428952.699152009561658 ], [ 454134.22242822998669, 5428942.88915200997144 ], [ 454142.817428230016958, 5428942.304152010008693 ], [ 454142.817428230016958, 5428943.654152009636164 ], [ 454146.417428219981957, 5428943.474152009934187 ] ], [ [ 454134.312428230012301, 5428943.339152010157704 ], [ 454131.532479239976965, 5428905.238387029618025 ], [ 454134.991005229996517, 5428905.06829502992332 ], [ 454134.877611230011098, 5428902.346832039766014 ], [ 454143.041999229986686, 5428901.723164030350745 ] ] ] } },
{ "type": "Feature", "properties": { "type": "FeatureCollection", "totalFeatures": 270, "numberMatched": 270, "numberReturned": 270, "timeStamp": "2025-10-06T14:15:33.080Z", "crs_type": "name", "crs_properties_name": "urn:ogc:def:crs:EPSG::25832", "feature_type": "Feature", "feature_id": "baustellen_vorschau.102296303", "geometry_name": "geom", "geometry_type": "Point", "geometry_coordinates": [ 454140.58410323, 5429017.29950297 ], "geometry_x": 454140.58410322998, "geometry_y": 5429017.2995029697, "id": 102296303, "gemeinde": "Karlsruhe", "vorgangszeitraum_von": "2025-11-30T23:00:00Z", "vorgangszeitraum_bis": "2026-12-01T22:59:59Z", "art": "Fernwärmeversorgung", "lage": "Wendtstraße zw. Kaiserallee und Ludwig-Marum-Straße", "tagesbaustelle": null, "verursacher": "Stadtwerke Karlsruhe", "zusatzinfo": "Abwicklung in mehreren Bauabschnitten, Aufteilung nicht vorgenommen", "sperrung": "mit Verkehrsbehinderung", "projektnummer": 45182, "vorgangsnummer": "2025V3496", "datenquelle": "Stadt Karlsruhe", "stand": "2025-09-24T22:00:00Z", "index_right": 8.0, "Stadtteil_Nummer": "051", "Stadtteil": "Mittlerer Teil" }, "geometry": { "type": "Point", "coordinates": [ 454140.584103229979519, 5429017.29950296971947 ] } },
{ "type": "Feature", "properties": { "type": "FeatureCollection", "totalFeatures": 270, "numberMatched": 270, "numberReturned": 270, "timeStamp": "2025-10-06T14:15:33.080Z", "crs_type": "name", "crs_properties_name": "urn:ogc:def:crs:EPSG::25832", "feature_type": "Feature", "feature_id": "baustellen_vorschau.102301422", "geometry_name": "geom", "geometry_type": "Polygon", "geometry_coordinates": [ [ [ 462957.80657588, 5429262.2714328 ], [ 462981.04643086, 5429288.57242778 ], [ 462989.05923085, 5429296.48822778 ], [ 462993.81043085, 5429299.92272777 ], [ 462996.63683085, 5429300.85362777 ], [ 463001.50943084, 5429300.83172777 ], [ 463003.76063084, 5429299.72142777 ], [ 463006.75852184, 5429296.17437977 ], [ 463011.13418184, 5429256.5789008 ], [ 463018.28413083, 5429256.4397278 ], [ 463015.50284283, 5429303.20462777 ], [ 463014.72027683, 5429312.51857777 ], [ 463016.67903083, 5429319.71532776 ], [ 463022.48893083, 5429326.62072776 ], [ 463020.72323683, 5429329.93812276 ], [ 463009.32182384, 5429321.34888276 ], [ 463011.43819084, 5429370.03725773 ], [ 463008.43473084, 5429370.43302773 ], [ 463005.62663084, 5429347.12222775 ], [ 463003.68023084, 5429332.57282775 ], [ 463001.00363084, 5429324.62552776 ], [ 462993.61753085, 5429316.23452777 ], [ 462998.13467085, 5429310.58935177 ], [ 462953.94747688, 5429265.32222579 ], [ 462957.80657588, 5429262.2714328 ] ] ], "geometry_x": null, "geometry_y": null, "id": 102301422, "gemeinde": "Karlsruhe", "vorgangszeitraum_von": "2026-03-29T22:00:00Z", "vorgangszeitraum_bis": "2026-05-31T21:59:59Z", "art": "Gas bzw. Wasserversorgung", "lage": "B 3 Höhe Bruchwaldstraße", "tagesbaustelle": null, "verursacher": "Stadtwerke Karlsruhe", "zusatzinfo": "1-streifige Verkehrsführung mit Lichtsignal, Dauer vsl. 2 Monate", "sperrung": "mit Verkehrsbehinderung", "projektnummer": 35679, "vorgangsnummer": "2025V4070", "datenquelle": "Stadt Karlsruhe", "stand": "2025-09-02T22:00:00Z", "index_right": null, "Stadtteil_Nummer": null, "Stadtteil": null }, "geometry": { "type": "Polygon", "coordinates": [ [ [ 462957.806575879978482, 5429262.271432800218463 ], [ 462981.046430860005785, 5429288.572427780367434 ], [ 462989.059230850019958, 5429296.488227779977024 ], [ 462993.810430850018747, 5429299.92272777017206 ], [ 462996.63683084998047, 5429300.853627770207822 ], [ 463001.509430839971174, 5429300.831727770157158 ], [ 463003.76063084002817, 5429299.721427770331502 ], [ 463006.758521839976311, 5429296.174379769712687 ], [ 463011.134181839996018, 5429256.578900800086558 ], [ 463018.284130830026697, 5429256.439727799966931 ], [ 463015.502842830028385, 5429303.204627769999206 ], [ 463014.720276830019429, 5429312.518577770330012 ], [ 463016.679030829982366, 5429319.715327760204673 ], [ 463022.488930829975288, 5429326.62072775978595 ], [ 463020.723236829973757, 5429329.938122759573162 ], [ 463009.32182383997133, 5429321.348882759921253 ], [ 463011.438190840010066, 5429370.037257730029523 ], [ 463008.434730839973781, 5429370.433027730323374 ], [ 463005.626630840008147, 5429347.122227749787271 ], [ 463003.680230839992873, 5429332.572827749885619 ], [ 463001.003630839986727, 5429324.625527760013938 ], [ 462993.617530849995092, 5429316.23452777042985 ], [ 462998.134670850005932, 5429310.589351769536734 ], [ 462953.947476879984606, 5429265.322225789539516 ], [ 462957.806575879978482, 5429262.271432800218463 ] ] ] } },
{ "type": "Feature", "properties": { "type": "FeatureCollection", "totalFeatures": 270, "numberMatched": 270, "numberReturned": 270, "timeStamp": "2025-10-06T14:15:33.080Z", "crs_type": "name", "crs_properties_name": "urn:ogc:def:crs:EPSG::25832", "feature_type": "Feature", "feature_id": "baustellen_vorschau.102301424", "geometry_name": "geom", "geometry_type": "Point", "geometry_coordinates": [ 463003.13487684, 5429304.15626377 ], "geometry_x": 463003.13487683999, "geometry_y": 5429304.1562637696, "id": 102301424, "gemeinde": "Karlsruhe", "vorgangszeitraum_von": "2026-03-29T22:00:00Z", "vorgangszeitraum_bis": "2026-05-31T21:59:59Z", "art": "Gas bzw. Wasserversorgung", "lage": "B 3 Höhe Bruchwaldstraße", "tagesbaustelle": null, "verursacher": "Stadtwerke Karlsruhe", "zusatzinfo": "1-streifige Verkehrsführung mit Lichtsignal, Dauer vsl. 2 Monate", "sperrung": "mit Verkehrsbehinderung", "projektnummer": 35679, "vorgangsnummer": "2025V4070", "datenquelle": "Stadt Karlsruhe", "stand": "2025-09-02T22:00:00Z", "index_right": 51.0, "Stadtteil_Nummer": "201", "Stadtteil": "Nördlich der Pfinz" }, "geometry": { "type": "Point", "coordinates": [ 463003.134876839991193, 5429304.156263769604266 ] } },
{ "type": "Feature", "properties": { "type": "FeatureCollection", "totalFeatures": 270, "numberMatched": 270, "numberReturned": 270, "timeStamp": "2025-10-06T14:15:33.080Z", "crs_type": "name", "crs_properties_name": "urn:ogc:def:crs:EPSG::25832", "feature_type": "Feature", "feature_id": "baustellen_vorschau.102302734", "geometry_name": "geom", "geometry_type": "Polygon", "geometry_coordinates": [ [ [ 452229.14118182, 5429347.77885178 ], [ 452255.1927558, 5429346.33145678 ], [ 452256.8028328, 5429362.50025977 ], [ 452228.75120782, 5429363.65679377 ], [ 452229.14118182, 5429347.77885178 ] ] ], "geometry_x": null, "geometry_y": null, "id": 102302734, "gemeinde": "Karlsruhe", "vorgangszeitraum_von": "2025-10-06T22:00:00Z", "vorgangszeitraum_bis": "2025-10-08T21:59:59Z", "art": "Straßenunterhaltung", "lage": "Honsellstraße zw. Kurzheckweg und Wickingerstraße", "tagesbaustelle": null, "verursacher": "Tiefbauamt", "zusatzinfo": "Vsl. 2 Arbeitstage, 1-streifige Verkehrsführung im Baubereich", "sperrung": "mit Verkehrsbehinderung", "projektnummer": 48932, "vorgangsnummer": "2025V4231", "datenquelle": "Stadt Karlsruhe", "stand": "2025-09-11T22:00:00Z", "index_right": 49.0, "Stadtteil_Nummer": "083", "Stadtteil": "Rheinhafen" }, "geometry": { "type": "Polygon", "coordinates": [ [ [ 452229.141181820014026, 5429347.778851780109107 ], [ 452255.192755799973384, 5429346.331456780433655 ], [ 452256.802832800021861, 5429362.500259770080447 ], [ 452228.75120782002341, 5429363.656793770380318 ], [ 452229.141181820014026, 5429347.778851780109107 ] ] ] } },
{ "type": "Feature", "properties": { "type": "FeatureCollection", "totalFeatures": 270, "numberMatched": 270, "numberReturned": 270, "timeStamp": "2025-10-06T14:15:33.080Z", "crs_type": "name", "crs_properties_name": "urn:ogc:def:crs:EPSG::25832", "feature_type": "Feature", "feature_id": "baustellen_vorschau.102302735", "geometry_name": "geom", "geometry_type": "Point", "geometry_coordinates": [ 452242.53008981, 5429355.16222177 ], "geometry_x": 452242.53008981002, "geometry_y": 5429355.1622217698, "id": 102302735, "gemeinde": "Karlsruhe", "vorgangszeitraum_von": "2025-10-06T22:00:00Z", "vorgangszeitraum_bis": "2025-10-08T21:59:59Z", "art": "Straßenunterhaltung", "lage": "Honsellstraße zw. Kurzheckweg und Wickingerstraße", "tagesbaustelle": null, "verursacher": "Tiefbauamt", "zusatzinfo": "Vsl. 2 Arbeitstage, 1-streifige Verkehrsführung im Baubereich", "sperrung": "mit Verkehrsbehinderung", "projektnummer": 48932, "vorgangsnummer": "2025V4231", "datenquelle": "Stadt Karlsruhe", "stand": "2025-09-11T22:00:00Z", "index_right": 49.0, "Stadtteil_Nummer": "083", "Stadtteil": "Rheinhafen" }, "geometry": { "type": "Point", "coordinates": [ 452242.530089810024947, 5429355.162221769802272 ] } },
{ "type": "Feature", "properties": { "type": "FeatureCollection", "totalFeatures": 270, "numberMatched": 270, "numberReturned": 270, "timeStamp": "2025-10-06T14:15:33.080Z", "crs_type": "name", "crs_properties_name": "urn:ogc:def:crs:EPSG::25832", "feature_type": "Feature", "feature_id": "baustellen_vorschau.102302855", "geometry_name": "geom", "geometry_type": "LineString", "geometry_coordinates": [ [ 453184.62627103, 5429174.89824388 ], [ 453188.19801102, 5429174.95493788 ], [ 453188.70826002, 5429176.20221188 ], [ 453197.49587402, 5429171.66666888 ], [ 453198.17620502, 5429173.08402588 ], [ 453201.18100301, 5429171.43989188 ], [ 453200.33058801, 5429170.02253488 ], [ 453201.18100301, 5429171.60997488 ], [ 453202.59836001, 5429174.16121788 ], [ 453206.90712501, 5429173.42419188 ], [ 453207.02051401, 5429178.24320587 ], [ 453223.74532799, 5429178.29990087 ], [ 453223.74532799, 5429174.67146588 ] ], "geometry_x": null, "geometry_y": null, "id": 102302855, "gemeinde": "Karlsruhe", "vorgangszeitraum_von": "2026-03-29T22:00:00Z", "vorgangszeitraum_bis": "2026-06-30T21:59:59Z", "art": "Fernwärmeversorgung", "lage": "Glümerstraße zw. Hardtstraße und Geibelstraße", "tagesbaustelle": null, "verursacher": "Stadtwerke Karlsruhe", "zusatzinfo": "Aufteilung nicht vorgenommen", "sperrung": "mit Verkehrsbehinderung", "projektnummer": 52214, "vorgangsnummer": "2025V4239", "datenquelle": "Stadt Karlsruhe", "stand": "2025-09-01T22:00:00Z", "index_right": 64.0, "Stadtteil_Nummer": "081", "Stadtteil": "Alt-Mühlburg" }, "geometry": { "type": "LineString", "coordinates": [ [ 453184.626271029992495, 5429174.898243879899383 ], [ 453188.198011020023841, 5429174.954937879927456 ], [ 453188.708260020008311, 5429176.202211880125105 ], [ 453197.495874019979965, 5429171.666668879799545 ], [ 453198.176205019990448, 5429173.08402588032186 ], [ 453201.181003010016866, 5429171.439891880378127 ], [ 453200.330588010023348, 5429170.022534879855812 ], [ 453201.181003010016866, 5429171.609974879771471 ], [ 453202.598360010015313, 5429174.161217880435288 ], [ 453206.907125009980518, 5429173.424191880039871 ], [ 453207.020514009986073, 5429178.243205869570374 ], [ 453223.74532798997825, 5429178.299900869838893 ], [ 453223.74532798997825, 5429174.67146588023752 ] ] } },
{ "type": "Feature", "properties": { "type": "FeatureCollection", "totalFeatures": 270, "numberMatched": 270, "numberReturned": 270, "timeStamp": "2025-10-06T14:15:33.080Z", "crs_type": "name", "crs_properties_name": "urn:ogc:def:crs:EPSG::25832", "feature_type": "Feature", "feature_id": "baustellen_vorschau.102302856", "geometry_name": "geom", "geometry_type": "Point", "geometry_coordinates": [ 453204.58276901, 5429173.82177888 ], "geometry_x": 453204.58276900998, "geometry_y": 5429173.8217788804, "id": 102302856, "gemeinde": "Karlsruhe", "vorgangszeitraum_von": "2026-03-29T22:00:00Z", "vorgangszeitraum_bis": "2026-06-30T21:59:59Z", "art": "Fernwärmeversorgung", "lage": "Glümerstraße zw. Hardtstraße und Geibelstraße", "tagesbaustelle": null, "verursacher": "Stadtwerke Karlsruhe", "zusatzinfo": "Aufteilung nicht vorgenommen", "sperrung": "mit Verkehrsbehinderung", "projektnummer": 52214, "vorgangsnummer": "2025V4239", "datenquelle": "Stadt Karlsruhe", "stand": "2025-09-01T22:00:00Z", "index_right": 64.0, "Stadtteil_Nummer": "081", "Stadtteil": "Alt-Mühlburg" }, "geometry": { "type": "Point", "coordinates": [ 453204.582769009983167, 5429173.821778880432248 ] } },
{ "type": "Feature", "properties": { "type": "FeatureCollection", "totalFeatures": 270, "numberMatched": 270, "numberReturned": 270, "timeStamp": "2025-10-06T14:15:33.080Z", "crs_type": "name", "crs_properties_name": "urn:ogc:def:crs:EPSG::25832", "feature_type": "Feature", "feature_id": "baustellen_vorschau.102302989", "geometry_name": "geom", "geometry_type": "LineString", "geometry_coordinates": [ [ 454287.82273808, 5425235.76143019 ], [ 454490.78713191, 5425094.80916727 ], [ 454571.42268284, 5425050.1730813 ], [ 454686.60737975, 5425025.70007431 ], [ 454774.44818767, 5425089.06343827 ], [ 454859.3754666, 5425135.12401525 ], [ 454970.26289651, 5425153.85197923 ], [ 455066.73003443, 5425235.91865519 ], [ 455202.08490432, 5425427.42562507 ], [ 455212.16858531, 5425489.33625804 ], [ 455216.49048231, 5425594.45794498 ], [ 455220.8086343, 5425639.08267195 ] ], "geometry_x": null, "geometry_y": null, "id": 102302989, "gemeinde": "Karlsruhe", "vorgangszeitraum_von": "2025-10-13T22:00:00Z", "vorgangszeitraum_bis": "2025-10-16T21:59:59Z", "art": "Grünpflegearbeiten", "lage": "Im Weiherwald zw. Battstraße und Lohwiesenweg", "tagesbaustelle": null, "verursacher": "Forstamt", "zusatzinfo": null, "sperrung": "mit Vollsperrung", "projektnummer": 52486, "vorgangsnummer": "2025V4261", "datenquelle": "Stadt Karlsruhe", "stand": "2025-08-21T22:00:00Z", "index_right": null, "Stadtteil_Nummer": null, "Stadtteil": null }, "geometry": { "type": "LineString", "coordinates": [ [ 454287.822738079994451, 5425235.761430189944804 ], [ 454490.787131909979507, 5425094.809167269617319 ], [ 454571.422682840027846, 5425050.173081300221384 ], [ 454686.607379749999382, 5425025.700074310414493 ], [ 454774.448187669971958, 5425089.063438270241022 ], [ 454859.375466600002255, 5425135.124015250243247 ], [ 454970.262896510015707, 5425153.851979229599237 ], [ 455066.730034429987427, 5425235.918655189685524 ], [ 455202.084904320014175, 5425427.425625069998205 ], [ 455212.168585309991613, 5425489.336258039809763 ], [ 455216.490482310007792, 5425594.457944979891181 ], [ 455220.808634300017729, 5425639.082671949639916 ] ] } },
{ "type": "Feature", "properties": { "type": "FeatureCollection", "totalFeatures": 270, "numberMatched": 270, "numberReturned": 270, "timeStamp": "2025-10-06T14:15:33.080Z", "crs_type": "name", "crs_properties_name": "urn:ogc:def:crs:EPSG::25832", "feature_type": "Feature", "feature_id": "baustellen_vorschau.102302990", "geometry_name": "geom", "geometry_type": "Point", "geometry_coordinates": [ 454859.3754666, 5425135.12401525 ], "geometry_x": 454859.3754666, "geometry_y": 5425135.1240152502, "id": 102302990, "gemeinde": "Karlsruhe", "vorgangszeitraum_von": "2025-10-13T22:00:00Z", "vorgangszeitraum_bis": "2025-10-16T21:59:59Z", "art": "Grünpflegearbeiten", "lage": "Im Weiherwald zw. Battstraße und Lohwiesenweg", "tagesbaustelle": null, "verursacher": "Forstamt", "zusatzinfo": null, "sperrung": "mit Vollsperrung", "projektnummer": 52486, "vorgangsnummer": "2025V4261", "datenquelle": "Stadt Karlsruhe", "stand": "2025-08-21T22:00:00Z", "index_right": 29.0, "Stadtteil_Nummer": "141", "Stadtteil": "Weiherfeld" }, "geometry": { "type": "Point", "coordinates": [ 454859.375466600002255, 5425135.124015250243247 ] } },
{ "type": "Feature", "properties": { "type": "FeatureCollection", "totalFeatures": 270, "numberMatched": 270, "numberReturned": 270, "timeStamp": "2025-10-06T14:15:33.080Z", "crs_type": "name", "crs_properties_name": "urn:ogc:def:crs:EPSG::25832", "feature_type": "Feature", "feature_id": "baustellen_vorschau.102303550", "geometry_name": "geom", "geometry_type": "Polygon", "geometry_coordinates": [ [ [ 455727.00783689, 5426408.9035295 ], [ 455726.90013689, 5426407.8739295 ], [ 455797.78334283, 5426404.4046165 ], [ 455879.39364976, 5426401.7608785 ], [ 455879.45473676, 5426416.81952949 ], [ 455879.71023676, 5426429.46502948 ], [ 455797.48880683, 5426430.72516548 ], [ 455729.06083389, 5426434.51948948 ], [ 455728.15343689, 5426420.56932949 ], [ 455727.00783689, 5426408.9035295 ] ] ], "geometry_x": null, "geometry_y": null, "id": 102303550, "gemeinde": "Karlsruhe", "vorgangszeitraum_von": "2025-10-30T23:00:00Z", "vorgangszeitraum_bis": "2025-10-31T22:59:59Z", "art": "Straßenunterhaltung", "lage": "Südtangente zw. AS 3 und AS 4", "tagesbaustelle": "Wanderbaustelle", "verursacher": "Tiefbauamt", "zusatzinfo": "\"kleiner\" Edeltrudtunnel, wechselseitig, beide Fahrtrichtungen betroffen vs. 9:30 Uhr - 11:30 Uhr", "sperrung": "mit Verkehrsbehinderung", "projektnummer": 49247, "vorgangsnummer": "2025V4349", "datenquelle": "Stadt Karlsruhe", "stand": "2025-07-29T22:00:00Z", "index_right": null, "Stadtteil_Nummer": null, "Stadtteil": null }, "geometry": { "type": "Polygon", "coordinates": [ [ [ 455727.007836889999453, 5426408.903529499657452 ], [ 455726.900136890006252, 5426407.873929499648511 ], [ 455797.783342830021866, 5426404.404616500250995 ], [ 455879.393649759993423, 5426401.760878499597311 ], [ 455879.454736760002561, 5426416.819529489614069 ], [ 455879.710236759972759, 5426429.465029479935765 ], [ 455797.488806830020621, 5426430.725165479816496 ], [ 455729.060833889991045, 5426434.519489480182528 ], [ 455728.15343688998837, 5426420.569329489953816 ], [ 455727.007836889999453, 5426408.903529499657452 ] ] ] } },
{ "type": "Feature", "properties": { "type": "FeatureCollection", "totalFeatures": 270, "numberMatched": 270, "numberReturned": 270, "timeStamp": "2025-10-06T14:15:33.080Z", "crs_type": "name", "crs_properties_name": "urn:ogc:def:crs:EPSG::25832", "feature_type": "Feature", "feature_id": "baustellen_vorschau.102303552", "geometry_name": "geom", "geometry_type": "Point", "geometry_coordinates": [ 455804.27848982, 5426417.82965349 ], "geometry_x": 455804.27848982002, "geometry_y": 5426417.8296534903, "id": 102303552, "gemeinde": "Karlsruhe", "vorgangszeitraum_von": "2025-10-30T23:00:00Z", "vorgangszeitraum_bis": "2025-10-31T22:59:59Z", "art": "Straßenunterhaltung", "lage": "Südtangente zw. AS 3 und AS 4", "tagesbaustelle": "Wanderbaustelle", "verursacher": "Tiefbauamt", "zusatzinfo": "\"kleiner\" Edeltrudtunnel, wechselseitig, beide Fahrtrichtungen betroffen vs. 9:30 Uhr - 11:30 Uhr", "sperrung": "mit Verkehrsbehinderung", "projektnummer": 49247, "vorgangsnummer": "2025V4349", "datenquelle": "Stadt Karlsruhe", "stand": "2025-07-29T22:00:00Z", "index_right": 57.0, "Stadtteil_Nummer": "142", "Stadtteil": "Dammerstock" }, "geometry": { "type": "Point", "coordinates": [ 455804.278489820018876, 5426417.829653490334749 ] } },
{ "type": "Feature", "properties": { "type": "FeatureCollection", "totalFeatures": 270, "numberMatched": 270, "numberReturned": 270, "timeStamp": "2025-10-06T14:15:33.080Z", "crs_type": "name", "crs_properties_name": "urn:ogc:def:crs:EPSG::25832", "feature_type": "Feature", "feature_id": "baustellen_vorschau.102303555", "geometry_name": "geom", "geometry_type": "Polygon", "geometry_coordinates": [ [ [ 455727.00783689, 5426408.9035295 ], [ 455726.90013689, 5426407.8739295 ], [ 455797.78334283, 5426404.4046165 ], [ 455879.39364976, 5426401.7608785 ], [ 455879.45473676, 5426416.81952949 ], [ 455879.71023676, 5426429.46502948 ], [ 455797.48880683, 5426430.72516548 ], [ 455729.06083389, 5426434.51948948 ], [ 455728.15343689, 5426420.56932949 ], [ 455727.00783689, 5426408.9035295 ] ] ], "geometry_x": null, "geometry_y": null, "id": 102303555, "gemeinde": "Karlsruhe", "vorgangszeitraum_von": "2025-11-27T23:00:00Z", "vorgangszeitraum_bis": "2025-11-28T22:59:59Z", "art": "Straßenunterhaltung", "lage": "Südtangente zw. AS 3 und AS 4", "tagesbaustelle": "Wanderbaustelle", "verursacher": "Tiefbauamt", "zusatzinfo": "\"kleiner\" Edeltrudtunnel, wechselseitig, beide Fahrtrichtungen betroffen vs. 9:30 Uhr - 11:30 Uhr", "sperrung": "mit Verkehrsbehinderung", "projektnummer": 49247, "vorgangsnummer": "2025V4350", "datenquelle": "Stadt Karlsruhe", "stand": "2025-07-29T22:00:00Z", "index_right": null, "Stadtteil_Nummer": null, "Stadtteil": null }, "geometry": { "type": "Polygon", "coordinates": [ [ [ 455727.007836889999453, 5426408.903529499657452 ], [ 455726.900136890006252, 5426407.873929499648511 ], [ 455797.783342830021866, 5426404.404616500250995 ], [ 455879.393649759993423, 5426401.760878499597311 ], [ 455879.454736760002561, 5426416.819529489614069 ], [ 455879.710236759972759, 5426429.465029479935765 ], [ 455797.488806830020621, 5426430.725165479816496 ], [ 455729.060833889991045, 5426434.519489480182528 ], [ 455728.15343688998837, 5426420.569329489953816 ], [ 455727.007836889999453, 5426408.903529499657452 ] ] ] } },
{ "type": "Feature", "properties": { "type": "FeatureCollection", "totalFeatures": 270, "numberMatched": 270, "numberReturned": 270, "timeStamp": "2025-10-06T14:15:33.080Z", "crs_type": "name", "crs_properties_name": "urn:ogc:def:crs:EPSG::25832", "feature_type": "Feature", "feature_id": "baustellen_vorschau.102303557", "geometry_name": "geom", "geometry_type": "Point", "geometry_coordinates": [ 455804.27848982, 5426417.82965349 ], "geometry_x": 455804.27848982002, "geometry_y": 5426417.8296534903, "id": 102303557, "gemeinde": "Karlsruhe", "vorgangszeitraum_von": "2025-11-27T23:00:00Z", "vorgangszeitraum_bis": "2025-11-28T22:59:59Z", "art": "Straßenunterhaltung", "lage": "Südtangente zw. AS 3 und AS 4", "tagesbaustelle": "Wanderbaustelle", "verursacher": "Tiefbauamt", "zusatzinfo": "\"kleiner\" Edeltrudtunnel, wechselseitig, beide Fahrtrichtungen betroffen vs. 9:30 Uhr - 11:30 Uhr", "sperrung": "mit Verkehrsbehinderung", "projektnummer": 49247, "vorgangsnummer": "2025V4350", "datenquelle": "Stadt Karlsruhe", "stand": "2025-07-29T22:00:00Z", "index_right": 57.0, "Stadtteil_Nummer": "142", "Stadtteil": "Dammerstock" }, "geometry": { "type": "Point", "coordinates": [ 455804.278489820018876, 5426417.829653490334749 ] } },
{ "type": "Feature", "properties": { "type": "FeatureCollection", "totalFeatures": 270, "numberMatched": 270, "numberReturned": 270, "timeStamp": "2025-10-06T14:15:33.080Z", "crs_type": "name", "crs_properties_name": "urn:ogc:def:crs:EPSG::25832", "feature_type": "Feature", "feature_id": "baustellen_vorschau.102303560", "geometry_name": "geom", "geometry_type": "Polygon", "geometry_coordinates": [ [ [ 455727.00783689, 5426408.9035295 ], [ 455726.90013689, 5426407.8739295 ], [ 455797.78334283, 5426404.4046165 ], [ 455879.39364976, 5426401.7608785 ], [ 455879.45473676, 5426416.81952949 ], [ 455879.71023676, 5426429.46502948 ], [ 455797.48880683, 5426430.72516548 ], [ 455729.06083389, 5426434.51948948 ], [ 455728.15343689, 5426420.56932949 ], [ 455727.00783689, 5426408.9035295 ] ] ], "geometry_x": null, "geometry_y": null, "id": 102303560, "gemeinde": "Karlsruhe", "vorgangszeitraum_von": "2025-12-25T23:00:00Z", "vorgangszeitraum_bis": "2025-12-26T22:59:59Z", "art": "Straßenunterhaltung", "lage": "Südtangente zw. AS 3 und AS 4", "tagesbaustelle": "Wanderbaustelle", "verursacher": "Tiefbauamt", "zusatzinfo": "\"kleiner\" Edeltrudtunnel, wechselseitig, beide Fahrtrichtungen betroffen vs. 9:30 Uhr - 11:30 Uhr", "sperrung": "mit Verkehrsbehinderung", "projektnummer": 49247, "vorgangsnummer": "2025V4351", "datenquelle": "Stadt Karlsruhe", "stand": "2025-07-29T22:00:00Z", "index_right": null, "Stadtteil_Nummer": null, "Stadtteil": null }, "geometry": { "type": "Polygon", "coordinates": [ [ [ 455727.007836889999453, 5426408.903529499657452 ], [ 455726.900136890006252, 5426407.873929499648511 ], [ 455797.783342830021866, 5426404.404616500250995 ], [ 455879.393649759993423, 5426401.760878499597311 ], [ 455879.454736760002561, 5426416.819529489614069 ], [ 455879.710236759972759, 5426429.465029479935765 ], [ 455797.488806830020621, 5426430.725165479816496 ], [ 455729.060833889991045, 5426434.519489480182528 ], [ 455728.15343688998837, 5426420.569329489953816 ], [ 455727.007836889999453, 5426408.903529499657452 ] ] ] } },
{ "type": "Feature", "properties": { "type": "FeatureCollection", "totalFeatures": 270, "numberMatched": 270, "numberReturned": 270, "timeStamp": "2025-10-06T14:15:33.080Z", "crs_type": "name", "crs_properties_name": "urn:ogc:def:crs:EPSG::25832", "feature_type": "Feature", "feature_id": "baustellen_vorschau.102303562", "geometry_name": "geom", "geometry_type": "Point", "geometry_coordinates": [ 455804.27848982, 5426417.82965349 ], "geometry_x": 455804.27848982002, "geometry_y": 5426417.8296534903, "id": 102303562, "gemeinde": "Karlsruhe", "vorgangszeitraum_von": "2025-12-25T23:00:00Z", "vorgangszeitraum_bis": "2025-12-26T22:59:59Z", "art": "Straßenunterhaltung", "lage": "Südtangente zw. AS 3 und AS 4", "tagesbaustelle": "Wanderbaustelle", "verursacher": "Tiefbauamt", "zusatzinfo": "\"kleiner\" Edeltrudtunnel, wechselseitig, beide Fahrtrichtungen betroffen vs. 9:30 Uhr - 11:30 Uhr", "sperrung": "mit Verkehrsbehinderung", "projektnummer": 49247, "vorgangsnummer": "2025V4351", "datenquelle": "Stadt Karlsruhe", "stand": "2025-07-29T22:00:00Z", "index_right": 57.0, "Stadtteil_Nummer": "142", "Stadtteil": "Dammerstock" }, "geometry": { "type": "Point", "coordinates": [ 455804.278489820018876, 5426417.829653490334749 ] } },
{ "type": "Feature", "properties": { "type": "FeatureCollection", "totalFeatures": 270, "numberMatched": 270, "numberReturned": 270, "timeStamp": "2025-10-06T14:15:33.080Z", "crs_type": "name", "crs_properties_name": "urn:ogc:def:crs:EPSG::25832", "feature_type": "Feature", "feature_id": "baustellen_vorschau.102303987", "geometry_name": "geom", "geometry_type": "Polygon", "geometry_coordinates": [ [ [ 455768.74578087, 5428697.58828915 ], [ 455770.78677587, 5428732.85213413 ], [ 455771.86396687, 5428751.78802612 ], [ 455773.11124087, 5428763.18357711 ], [ 455777.62493686, 5428832.02852807 ], [ 455777.91165486, 5428836.95673807 ], [ 455807.22711984, 5428850.70081606 ], [ 455804.64628484, 5428855.75976006 ], [ 455779.18052086, 5428844.07357207 ], [ 455782.03766386, 5428887.07357204 ], [ 455772.22801287, 5428887.68579004 ], [ 455769.79191287, 5428843.93074106 ], [ 455771.89480687, 5428831.93071507 ], [ 455765.81047987, 5428763.70171311 ], [ 455764.69859087, 5428749.52197112 ], [ 455765.67053487, 5428741.40659812 ], [ 455766.70633087, 5428727.91686113 ], [ 455766.48542987, 5428719.03658614 ], [ 455764.67837287, 5428697.94341015 ], [ 455768.74578087, 5428697.58828915 ] ] ], "geometry_x": null, "geometry_y": null, "id": 102303987, "gemeinde": "Karlsruhe", "vorgangszeitraum_von": "2025-10-12T22:00:00Z", "vorgangszeitraum_bis": "2025-12-19T22:59:59Z", "art": "Strom bzw. TK-Versorgung", "lage": "Karlstraße zw. Erbprinzenstraße uz. Stephanienstraße", "tagesbaustelle": null, "verursacher": "Stadtwerke Karlsruhe", "zusatzinfo": "Abwicklung in mehreren Bauabschnitten, Aufteilung nicht vorgenommen. Einmündungnen jederzeit halbseitig frei.", "sperrung": "mit Verkehrsbehinderung", "projektnummer": 50832, "vorgangsnummer": "2025V4410", "datenquelle": "Stadt Karlsruhe", "stand": "2025-07-30T22:00:00Z", "index_right": null, "Stadtteil_Nummer": null, "Stadtteil": null }, "geometry": { "type": "Polygon", "coordinates": [ [ [ 455768.745780870027374, 5428697.588289150036871 ], [ 455770.786775870015845, 5428732.852134129963815 ], [ 455771.863966870005243, 5428751.788026119582355 ], [ 455773.111240870028269, 5428763.183577110059559 ], [ 455777.624936859996524, 5428832.0285280700773 ], [ 455777.911654860014096, 5428836.956738069653511 ], [ 455807.227119839983061, 5428850.7008160604164 ], [ 455804.646284840011504, 5428855.759760060347617 ], [ 455779.180520860012621, 5428844.073572070337832 ], [ 455782.037663860013708, 5428887.073572039604187 ], [ 455772.22801287000766, 5428887.685790039598942 ], [ 455769.791912870015949, 5428843.930741059593856 ], [ 455771.894806870026514, 5428831.930715070106089 ], [ 455765.810479870007839, 5428763.70171311032027 ], [ 455764.698590870015323, 5428749.521971119567752 ], [ 455765.670534870005213, 5428741.406598119996488 ], [ 455766.706330869987141, 5428727.916861129924655 ], [ 455766.485429870022926, 5428719.036586140282452 ], [ 455764.678372870024759, 5428697.943410149775445 ], [ 455768.745780870027374, 5428697.588289150036871 ] ] ] } },
{ "type": "Feature", "properties": { "type": "FeatureCollection", "totalFeatures": 270, "numberMatched": 270, "numberReturned": 270, "timeStamp": "2025-10-06T14:15:33.080Z", "crs_type": "name", "crs_properties_name": "urn:ogc:def:crs:EPSG::25832", "feature_type": "Feature", "feature_id": "baustellen_vorschau.102303989", "geometry_name": "geom", "geometry_type": "Point", "geometry_coordinates": [ 455774.83959186, 5428811.18949508 ], "geometry_x": 455774.83959186001, "geometry_y": 5428811.1894950802, "id": 102303989, "gemeinde": "Karlsruhe", "vorgangszeitraum_von": "2025-10-12T22:00:00Z", "vorgangszeitraum_bis": "2025-12-19T22:59:59Z", "art": "Strom bzw. TK-Versorgung", "lage": "Karlstraße zw. Erbprinzenstraße uz. Stephanienstraße", "tagesbaustelle": null, "verursacher": "Stadtwerke Karlsruhe", "zusatzinfo": "Abwicklung in mehreren Bauabschnitten, Aufteilung nicht vorgenommen. Einmündungnen jederzeit halbseitig frei.", "sperrung": "mit Verkehrsbehinderung", "projektnummer": 50832, "vorgangsnummer": "2025V4410", "datenquelle": "Stadt Karlsruhe", "stand": "2025-07-30T22:00:00Z", "index_right": 14.0, "Stadtteil_Nummer": "021", "Stadtteil": "Östlicher Teil" }, "geometry": { "type": "Point", "coordinates": [ 455774.83959186001448, 5428811.189495080150664 ] } },
{ "type": "Feature", "properties": { "type": "FeatureCollection", "totalFeatures": 270, "numberMatched": 270, "numberReturned": 270, "timeStamp": "2025-10-06T14:15:33.080Z", "crs_type": "name", "crs_properties_name": "urn:ogc:def:crs:EPSG::25832", "feature_type": "Feature", "feature_id": "baustellen_vorschau.102305640", "geometry_name": "geom", "geometry_type": "Polygon", "geometry_coordinates": [ [ [ 453250.59968997, 5429447.92635371 ], [ 453252.32468797, 5429437.35954772 ], [ 453256.39790897, 5429416.88433373 ], [ 453256.17795897, 5429415.06119873 ], [ 453254.89916897, 5429412.98599674 ], [ 453238.31045398, 5429403.23374774 ], [ 453243.07132598, 5429394.98737874 ], [ 453256.96043897, 5429403.01312774 ], [ 453260.77924697, 5429395.34425375 ], [ 453272.72383395, 5429397.78211075 ], [ 453260.91969797, 5429452.68661271 ], [ 453250.59968997, 5429447.92635371 ] ] ], "geometry_x": null, "geometry_y": null, "id": 102305640, "gemeinde": "Karlsruhe", "vorgangszeitraum_von": "2025-10-17T22:00:00Z", "vorgangszeitraum_bis": "2026-01-30T22:59:59Z", "art": "Straßenbau", "lage": "Neugrabenstraße zw. Steubenstraße und Hardtstraße", "tagesbaustelle": null, "verursacher": "Tiefbauamt", "zusatzinfo": null, "sperrung": "mit Vollsperrung", "projektnummer": 19346, "vorgangsnummer": "2025V4606", "datenquelle": "Stadt Karlsruhe", "stand": "2025-09-08T22:00:00Z", "index_right": 64.0, "Stadtteil_Nummer": "081", "Stadtteil": "Alt-Mühlburg" }, "geometry": { "type": "Polygon", "coordinates": [ [ [ 453250.599689970025793, 5429447.926353709772229 ], [ 453252.324687969987281, 5429437.35954772029072 ], [ 453256.397908970015123, 5429416.884333729743958 ], [ 453256.177958970016334, 5429415.061198730021715 ], [ 453254.899168970005121, 5429412.985996739938855 ], [ 453238.310453979996964, 5429403.233747740276158 ], [ 453243.071325980010442, 5429394.987378739751875 ], [ 453256.960438970010728, 5429403.013127739541233 ], [ 453260.779246970021632, 5429395.344253749586642 ], [ 453272.723833950003609, 5429397.782110749743879 ], [ 453260.919697969977278, 5429452.686612710356712 ], [ 453250.599689970025793, 5429447.926353709772229 ] ] ] } },
{ "type": "Feature", "properties": { "type": "FeatureCollection", "totalFeatures": 270, "numberMatched": 270, "numberReturned": 270, "timeStamp": "2025-10-06T14:15:33.080Z", "crs_type": "name", "crs_properties_name": "urn:ogc:def:crs:EPSG::25832", "feature_type": "Feature", "feature_id": "baustellen_vorschau.102305720", "geometry_name": "geom", "geometry_type": "Point", "geometry_coordinates": [ 453258.55055397, 5429418.54274573 ], "geometry_x": 453258.55055396998, "geometry_y": 5429418.5427457299, "id": 102305720, "gemeinde": "Karlsruhe", "vorgangszeitraum_von": "2025-10-17T22:00:00Z", "vorgangszeitraum_bis": "2026-01-30T22:59:59Z", "art": "Straßenbau", "lage": "Neugrabenstraße zw. Steubenstraße und Hardtstraße", "tagesbaustelle": null, "verursacher": "Tiefbauamt", "zusatzinfo": null, "sperrung": "mit Vollsperrung", "projektnummer": 19346, "vorgangsnummer": "2025V4606", "datenquelle": "Stadt Karlsruhe", "stand": "2025-09-08T22:00:00Z", "index_right": 64.0, "Stadtteil_Nummer": "081", "Stadtteil": "Alt-Mühlburg" }, "geometry": { "type": "Point", "coordinates": [ 453258.550553969980683, 5429418.542745729908347 ] } },
{ "type": "Feature", "properties": { "type": "FeatureCollection", "totalFeatures": 270, "numberMatched": 270, "numberReturned": 270, "timeStamp": "2025-10-06T14:15:33.080Z", "crs_type": "name", "crs_properties_name": "urn:ogc:def:crs:EPSG::25832", "feature_type": "Feature", "feature_id": "baustellen_vorschau.102305723", "geometry_name": "geom", "geometry_type": "Polygon", "geometry_coordinates": [ [ [ 453266.16217796, 5429494.71942869 ], [ 453264.18230196, 5429498.49919168 ], [ 453227.64459099, 5429478.8804207 ], [ 453230.88438799, 5429474.9206687 ], [ 453238.80389198, 5429479.2403987 ], [ 453242.04368898, 5429478.7004317 ], [ 453244.74351998, 5429476.1805897 ], [ 453246.54340698, 5429467.9011087 ], [ 453250.86313597, 5429447.92236072 ], [ 453262.56240296, 5429450.62219171 ], [ 453254.82288797, 5429486.97991369 ], [ 453256.26279797, 5429489.31976669 ], [ 453266.16217796, 5429494.71942869 ] ] ], "geometry_x": null, "geometry_y": null, "id": 102305723, "gemeinde": "Karlsruhe", "vorgangszeitraum_von": "2025-10-17T22:00:00Z", "vorgangszeitraum_bis": "2026-01-30T22:59:59Z", "art": "Straßenbau", "lage": "Neugrabenstraße zw. Steubenstraße und Hardtstraße", "tagesbaustelle": null, "verursacher": "Tiefbauamt", "zusatzinfo": null, "sperrung": "mit Vollsperrung", "projektnummer": 19346, "vorgangsnummer": "2025V4607", "datenquelle": "Stadt Karlsruhe", "stand": "2025-09-08T22:00:00Z", "index_right": 64.0, "Stadtteil_Nummer": "081", "Stadtteil": "Alt-Mühlburg" }, "geometry": { "type": "Polygon", "coordinates": [ [ [ 453266.162177959980909, 5429494.71942869015038 ], [ 453264.18230196001241, 5429498.499191679991782 ], [ 453227.644590989977587, 5429478.880420699715614 ], [ 453230.884387989994138, 5429474.920668699778616 ], [ 453238.803891979972832, 5429479.240398700349033 ], [ 453242.043688979989383, 5429478.700431699864566 ], [ 453244.743519979994744, 5429476.180589700117707 ], [ 453246.54340697999578, 5429467.901108699850738 ], [ 453250.863135970022995, 5429447.92236072011292 ], [ 453262.562402959971223, 5429450.622191710397601 ], [ 453254.822887970018201, 5429486.979913690127432 ], [ 453256.262797969975509, 5429489.319766690023243 ], [ 453266.162177959980909, 5429494.71942869015038 ] ] ] } },
{ "type": "Feature", "properties": { "type": "FeatureCollection", "totalFeatures": 270, "numberMatched": 270, "numberReturned": 270, "timeStamp": "2025-10-06T14:15:33.080Z", "crs_type": "name", "crs_properties_name": "urn:ogc:def:crs:EPSG::25832", "feature_type": "Feature", "feature_id": "baustellen_vorschau.102305724", "geometry_name": "geom", "geometry_type": "Point", "geometry_coordinates": [ 453250.89897197, 5429473.1737187 ], "geometry_x": 453250.89897197002, "geometry_y": 5429473.1737187002, "id": 102305724, "gemeinde": "Karlsruhe", "vorgangszeitraum_von": "2025-10-17T22:00:00Z", "vorgangszeitraum_bis": "2026-01-30T22:59:59Z", "art": "Straßenbau", "lage": "Neugrabenstraße zw. Steubenstraße und Hardtstraße", "tagesbaustelle": null, "verursacher": "Tiefbauamt", "zusatzinfo": null, "sperrung": "mit Vollsperrung", "projektnummer": 19346, "vorgangsnummer": "2025V4607", "datenquelle": "Stadt Karlsruhe", "stand": "2025-09-08T22:00:00Z", "index_right": 64.0, "Stadtteil_Nummer": "081", "Stadtteil": "Alt-Mühlburg" }, "geometry": { "type": "Point", "coordinates": [ 453250.898971970018465, 5429473.173718700185418 ] } },
{ "type": "Feature", "properties": { "type": "FeatureCollection", "totalFeatures": 270, "numberMatched": 270, "numberReturned": 270, "timeStamp": "2025-10-06T14:15:33.080Z", "crs_type": "name", "crs_properties_name": "urn:ogc:def:crs:EPSG::25832", "feature_type": "Feature", "feature_id": "baustellen_vorschau.102305970", "geometry_name": "geom", "geometry_type": "LineString", "geometry_coordinates": [ [ 462945.59113687, 5426090.56113366 ], [ 462971.00382285, 5426057.79034468 ], [ 462985.04293084, 5426034.7518077 ], [ 462996.20222283, 5426004.15375071 ], [ 463008.44144482, 5425975.35557873 ], [ 463033.9998228, 5425944.39754475 ], [ 463056.67838278, 5425911.99960177 ], [ 463067.11771977, 5425891.48090478 ], [ 463077.55705676, 5425856.9230988 ], [ 463111.39490773, 5425786.00760184 ], [ 463122.91417672, 5425762.60908785 ], [ 463131.91360471, 5425728.41125887 ], [ 463149.5524847, 5425666.85516791 ], [ 463161.79170769, 5425624.37786494 ], [ 463173.67095368, 5425595.57969395 ], [ 463189.14997067, 5425566.78152197 ] ], "geometry_x": null, "geometry_y": null, "id": 102305970, "gemeinde": "Karlsruhe", "vorgangszeitraum_von": "2025-10-06T22:00:00Z", "vorgangszeitraum_bis": "2025-10-08T21:59:59Z", "art": "Straßenunterhaltung", "lage": "L623 zw. Steinkreuzsstraße und Hohenwettersbacher Straße", "tagesbaustelle": null, "verursacher": "Tiefbauamt", "zusatzinfo": "Nächtliche Vollsperrung vs. ab 0:00 - 5:00 Uhr", "sperrung": "mit Vollsperrung", "projektnummer": 49247, "vorgangsnummer": "2025V4635", "datenquelle": "Stadt Karlsruhe", "stand": "2025-08-13T22:00:00Z", "index_right": 55.0, "Stadtteil_Nummer": "193", "Stadtteil": "Hanggebiet" }, "geometry": { "type": "LineString", "coordinates": [ [ 462945.591136869974434, 5426090.561133660376072 ], [ 462971.003822850005236, 5426057.79034467972815 ], [ 462985.042930839990731, 5426034.751807699911296 ], [ 462996.202222829975653, 5426004.153750710189342 ], [ 463008.441444820025936, 5425975.355578729882836 ], [ 463033.999822799989488, 5425944.397544750012457 ], [ 463056.678382779995445, 5425911.999601770192385 ], [ 463067.117719770001713, 5425891.480904780328274 ], [ 463077.557056760007981, 5425856.923098799772561 ], [ 463111.394907729991246, 5425786.007601840421557 ], [ 463122.914176720019896, 5425762.609087849967182 ], [ 463131.913604710018262, 5425728.411258869804442 ], [ 463149.5524846999906, 5425666.855167910456657 ], [ 463161.79170768999029, 5425624.377864940091968 ], [ 463173.670953680004459, 5425595.579693949781358 ], [ 463189.149970669997856, 5425566.781521970406175 ] ] } },
{ "type": "Feature", "properties": { "type": "FeatureCollection", "totalFeatures": 270, "numberMatched": 270, "numberReturned": 270, "timeStamp": "2025-10-06T14:15:33.080Z", "crs_type": "name", "crs_properties_name": "urn:ogc:def:crs:EPSG::25832", "feature_type": "Feature", "feature_id": "baustellen_vorschau.102305971", "geometry_name": "geom", "geometry_type": "LineString", "geometry_coordinates": [ [ 460746.2495687, 5425573.73991797 ], [ 460772.55505468, 5425549.24860399 ], [ 460791.60385466, 5425523.850204 ], [ 460821.53768364, 5425487.56677502 ], [ 460845.12191162, 5425445.84083305 ], [ 460865.0777976, 5425396.85820408 ], [ 460871.4273976, 5425357.8535181 ], [ 460872.33448359, 5425322.47717512 ], [ 460880.49825459, 5425287.10083314 ], [ 460900.45414057, 5425234.48986117 ], [ 460914.96751156, 5425187.3214042 ], [ 460942.18008354, 5425130.17500423 ], [ 460973.92808351, 5425093.89157525 ], [ 461003.86191148, 5425073.02860426 ], [ 461044.68076845, 5425069.40026127 ], [ 461088.22088341, 5425056.70106127 ], [ 461127.22556838, 5425032.20974729 ], [ 461158.06648335, 5425012.2538613 ], [ 461181.65071133, 5424986.85546131 ], [ 461218.8412253, 5424960.54997533 ], [ 461272.35928326, 5424932.43031835 ], [ 461297.75768324, 5424908.84609036 ], [ 461322.24899722, 5424876.19100438 ], [ 461331.31985421, 5424838.0934044 ], [ 461338.5765402, 5424815.41626141 ], [ 461363.97494018, 5424791.83203343 ], [ 461392.09459716, 5424770.96906144 ], [ 461420.21425413, 5424749.19900445 ], [ 461425.65676813, 5424721.98643347 ], [ 461432.91345412, 5424682.98174749 ], [ 461433.82054012, 5424664.8400335 ] ], "geometry_x": null, "geometry_y": null, "id": 102305971, "gemeinde": "Karlsruhe", "vorgangszeitraum_von": "2025-10-06T22:00:00Z", "vorgangszeitraum_bis": "2025-10-08T21:59:59Z", "art": "Straßenunterhaltung", "lage": "L623 zw. Steinkreuzsstraße und Hohenwettersbacher Straße", "tagesbaustelle": null, "verursacher": "Tiefbauamt", "zusatzinfo": "Nächtliche Vollsperrung vs. ab 0:00 - 5:00 Uhr", "sperrung": "mit Vollsperrung", "projektnummer": 49247, "vorgangsnummer": "2025V4635", "datenquelle": "Stadt Karlsruhe", "stand": "2025-08-13T22:00:00Z", "index_right": null, "Stadtteil_Nummer": null, "Stadtteil": null }, "geometry": { "type": "LineString", "coordinates": [ [ 460746.249568699975498, 5425573.739917970262468 ], [ 460772.555054679978639, 5425549.24860399030149 ], [ 460791.60385466000298, 5425523.850204000249505 ], [ 460821.537683640024625, 5425487.566775020211935 ], [ 460845.121911620022729, 5425445.840833050198853 ], [ 460865.077797600009944, 5425396.858204079791903 ], [ 460871.42739760002587, 5425357.853518100455403 ], [ 460872.334483589977026, 5425322.477175120264292 ], [ 460880.4982545900275, 5425287.100833140313625 ], [ 460900.454140570014715, 5425234.489861169829965 ], [ 460914.967511560011189, 5425187.321404200047255 ], [ 460942.180083539977204, 5425130.175004229880869 ], [ 460973.928083510021679, 5425093.891575249843299 ], [ 461003.861911480023991, 5425073.028604259714484 ], [ 461044.680768450023606, 5425069.400261269882321 ], [ 461088.22088341001654, 5425056.701061270199716 ], [ 461127.225568379973993, 5425032.209747290238738 ], [ 461158.066483350005001, 5425012.253861299715936 ], [ 461181.650711330003105, 5424986.855461309663951 ], [ 461218.841225299984217, 5424960.549975330010056 ], [ 461272.35928326001158, 5424932.430318349972367 ], [ 461297.757683239993639, 5424908.846090359613299 ], [ 461322.248997220012825, 5424876.191004379652441 ], [ 461331.319854210014455, 5424838.093404400162399 ], [ 461338.576540199981537, 5424815.416261410340667 ], [ 461363.974940180021804, 5424791.832033430226147 ], [ 461392.094597160001285, 5424770.969061439856887 ], [ 461420.214254130027257, 5424749.199004449881613 ], [ 461425.656768130022101, 5424721.986433469690382 ], [ 461432.913454119989183, 5424682.981747490353882 ], [ 461433.820540120010264, 5424664.84003350045532 ] ] } },
{ "type": "Feature", "properties": { "type": "FeatureCollection", "totalFeatures": 270, "numberMatched": 270, "numberReturned": 270, "timeStamp": "2025-10-06T14:15:33.080Z", "crs_type": "name", "crs_properties_name": "urn:ogc:def:crs:EPSG::25832", "feature_type": "Feature", "feature_id": "baustellen_vorschau.102305972", "geometry_name": "geom", "geometry_type": "Point", "geometry_coordinates": [ 463086.48465175, 5425838.21313881 ], "geometry_x": 463086.48465175001, "geometry_y": 5425838.2131388104, "id": 102305972, "gemeinde": "Karlsruhe", "vorgangszeitraum_von": "2025-10-06T22:00:00Z", "vorgangszeitraum_bis": "2025-10-08T21:59:59Z", "art": "Straßenunterhaltung", "lage": "L623 zw. Steinkreuzsstraße und Hohenwettersbacher Straße", "tagesbaustelle": null, "verursacher": "Tiefbauamt", "zusatzinfo": "Nächtliche Vollsperrung vs. ab 0:00 - 5:00 Uhr", "sperrung": "mit Vollsperrung", "projektnummer": 49247, "vorgangsnummer": "2025V4635", "datenquelle": "Stadt Karlsruhe", "stand": "2025-08-13T22:00:00Z", "index_right": 55.0, "Stadtteil_Nummer": "193", "Stadtteil": "Hanggebiet" }, "geometry": { "type": "Point", "coordinates": [ 463086.484651750011835, 5425838.213138810358942 ] } },
{ "type": "Feature", "properties": { "type": "FeatureCollection", "totalFeatures": 270, "numberMatched": 270, "numberReturned": 270, "timeStamp": "2025-10-06T14:15:33.080Z", "crs_type": "name", "crs_properties_name": "urn:ogc:def:crs:EPSG::25832", "feature_type": "Feature", "feature_id": "baustellen_vorschau.102305973", "geometry_name": "geom", "geometry_type": "Point", "geometry_coordinates": [ 461063.53899843, 5425063.89994427 ], "geometry_x": 461063.53899843001, "geometry_y": 5425063.89994427, "id": 102305973, "gemeinde": "Karlsruhe", "vorgangszeitraum_von": "2025-10-06T22:00:00Z", "vorgangszeitraum_bis": "2025-10-08T21:59:59Z", "art": "Straßenunterhaltung", "lage": "L623 zw. Steinkreuzsstraße und Hohenwettersbacher Straße", "tagesbaustelle": null, "verursacher": "Tiefbauamt", "zusatzinfo": "Nächtliche Vollsperrung vs. ab 0:00 - 5:00 Uhr", "sperrung": "mit Vollsperrung", "projektnummer": 49247, "vorgangsnummer": "2025V4635", "datenquelle": "Stadt Karlsruhe", "stand": "2025-08-13T22:00:00Z", "index_right": 27.0, "Stadtteil_Nummer": "194", "Stadtteil": "Bergwald" }, "geometry": { "type": "Point", "coordinates": [ 461063.538998430012725, 5425063.899944270029664 ] } },
{ "type": "Feature", "properties": { "type": "FeatureCollection", "totalFeatures": 270, "numberMatched": 270, "numberReturned": 270, "timeStamp": "2025-10-06T14:15:33.080Z", "crs_type": "name", "crs_properties_name": "urn:ogc:def:crs:EPSG::25832", "feature_type": "Feature", "feature_id": "baustellen_vorschau.102307732", "geometry_name": "geom", "geometry_type": "Polygon", "geometry_coordinates": [ [ [ 460466.94555695, 5427542.46479382 ], [ 460467.84549995, 5427540.93489082 ], [ 460469.19541394, 5427539.85495882 ], [ 460469.64538594, 5427537.51510782 ], [ 460469.91536794, 5427535.89521082 ], [ 460469.73537994, 5427534.45530182 ], [ 460472.70519094, 5427533.10538782 ], [ 460474.77505994, 5427535.35524482 ], [ 460484.13446593, 5427548.85438781 ], [ 460480.26471094, 5427550.92425581 ], [ 460476.21496794, 5427548.58440481 ], [ 460471.89524294, 5427548.94438181 ], [ 460466.94555695, 5427542.46479382 ] ] ], "geometry_x": null, "geometry_y": null, "id": 102307732, "gemeinde": "Karlsruhe", "vorgangszeitraum_von": "2025-10-06T22:00:00Z", "vorgangszeitraum_bis": "2026-01-16T22:59:59Z", "art": "Gas bzw. Wasserversorgung", "lage": "Raiherwiesenstraße Höhe Bleichstraße", "tagesbaustelle": null, "verursacher": "Stadtwerke Karlsruhe", "zusatzinfo": "1-streifige Verkehrsführung, Aufteilung nicht vorgenommen", "sperrung": "mit Verkehrsbehinderung", "projektnummer": 41073, "vorgangsnummer": "2025V4854", "datenquelle": "Stadt Karlsruhe", "stand": "2025-08-27T22:00:00Z", "index_right": 67.0, "Stadtteil_Nummer": "191", "Stadtteil": "Alt-Durlach" }, "geometry": { "type": "Polygon", "coordinates": [ [ [ 460466.945556949998718, 5427542.46479381993413 ], [ 460467.845499949995428, 5427540.934890819713473 ], [ 460469.195413940004073, 5427539.854958820156753 ], [ 460469.645385939977132, 5427537.51510781981051 ], [ 460469.915367939975113, 5427535.895210820250213 ], [ 460469.735379940015264, 5427534.455301820300519 ], [ 460472.705190940003376, 5427533.105387819930911 ], [ 460474.775059940002393, 5427535.355244820006192 ], [ 460484.134465929993894, 5427548.854387810453773 ], [ 460480.264710940013174, 5427550.924255809746683 ], [ 460476.21496794000268, 5427548.584404810331762 ], [ 460471.895242939994205, 5427548.944381809793413 ], [ 460466.945556949998718, 5427542.46479381993413 ] ] ] } },
{ "type": "Feature", "properties": { "type": "FeatureCollection", "totalFeatures": 270, "numberMatched": 270, "numberReturned": 270, "timeStamp": "2025-10-06T14:15:33.080Z", "crs_type": "name", "crs_properties_name": "urn:ogc:def:crs:EPSG::25832", "feature_type": "Feature", "feature_id": "baustellen_vorschau.102307733", "geometry_name": "geom", "geometry_type": "Point", "geometry_coordinates": [ 460474.76787094, 5427542.95722682 ], "geometry_x": 460474.76787093998, "geometry_y": 5427542.9572268203, "id": 102307733, "gemeinde": "Karlsruhe", "vorgangszeitraum_von": "2025-10-06T22:00:00Z", "vorgangszeitraum_bis": "2026-01-16T22:59:59Z", "art": "Gas bzw. Wasserversorgung", "lage": "Raiherwiesenstraße Höhe Bleichstraße", "tagesbaustelle": null, "verursacher": "Stadtwerke Karlsruhe", "zusatzinfo": "1-streifige Verkehrsführung, Aufteilung nicht vorgenommen", "sperrung": "mit Verkehrsbehinderung", "projektnummer": 41073, "vorgangsnummer": "2025V4854", "datenquelle": "Stadt Karlsruhe", "stand": "2025-08-27T22:00:00Z", "index_right": 67.0, "Stadtteil_Nummer": "191", "Stadtteil": "Alt-Durlach" }, "geometry": { "type": "Point", "coordinates": [ 460474.767870939977001, 5427542.957226820290089 ] } },
{ "type": "Feature", "properties": { "type": "FeatureCollection", "totalFeatures": 270, "numberMatched": 270, "numberReturned": 270, "timeStamp": "2025-10-06T14:15:33.080Z", "crs_type": "name", "crs_properties_name": "urn:ogc:def:crs:EPSG::25832", "feature_type": "Feature", "feature_id": "baustellen_vorschau.102307787", "geometry_name": "geom", "geometry_type": "Polygon", "geometry_coordinates": [ [ [ 449384.30207822, 5431748.22529336 ], [ 449380.90050722, 5431751.40009336 ], [ 449334.63913626, 5431755.02843636 ], [ 449306.06593628, 5431759.11032236 ], [ 449260.25810732, 5431766.82055035 ], [ 449249.82662133, 5431773.85046535 ], [ 449200.84399337, 5431784.05517935 ], [ 449157.0771074, 5431791.31186534 ], [ 449077.25356447, 5431807.18586533 ], [ 449076.80002147, 5431800.60949334 ], [ 449159.3448214, 5431783.60163634 ], [ 449246.65182133, 5431766.14023636 ], [ 449296.76830729, 5431756.38906536 ], [ 449344.39030725, 5431750.49300836 ], [ 449384.30207822, 5431748.22529336 ] ] ], "geometry_x": null, "geometry_y": null, "id": 102307787, "gemeinde": "Karlsruhe", "vorgangszeitraum_von": "2025-11-09T23:00:00Z", "vorgangszeitraum_bis": "2025-11-13T22:59:59Z", "art": "Bauwerksprüfung", "lage": "Rheinbrücke zw. AS 11 und Maximiliansau", "tagesbaustelle": "Stationäre Baustelle", "verursacher": "Land  Baden - Württemberg", "zusatzinfo": "1-streifige Verkehrsführung in Fahrtrichtung Landau", "sperrung": "mit Verkehrsbehinderung", "projektnummer": 31303, "vorgangsnummer": "2025V4862", "datenquelle": "Stadt Karlsruhe", "stand": "2025-09-30T22:00:00Z", "index_right": null, "Stadtteil_Nummer": null, "Stadtteil": null }, "geometry": { "type": "Polygon", "coordinates": [ [ [ 449384.30207822000375, 5431748.225293359719217 ], [ 449380.900507220008876, 5431751.400093359872699 ], [ 449334.639136260026135, 5431755.02843635994941 ], [ 449306.065936280007008, 5431759.11032235994935 ], [ 449260.258107319998089, 5431766.820550349541008 ], [ 449249.826621329993941, 5431773.850465349853039 ], [ 449200.843993370013777, 5431784.055179350078106 ], [ 449157.07710739999311, 5431791.31186533998698 ], [ 449077.253564469981939, 5431807.185865329578519 ], [ 449076.800021470000502, 5431800.609493340365589 ], [ 449159.344821400009096, 5431783.601636339910328 ], [ 449246.651821330015082, 5431766.140236360020936 ], [ 449296.768307289981749, 5431756.389065359719098 ], [ 449344.390307250025216, 5431750.493008360266685 ], [ 449384.30207822000375, 5431748.225293359719217 ] ] ] } },
{ "type": "Feature", "properties": { "type": "FeatureCollection", "totalFeatures": 270, "numberMatched": 270, "numberReturned": 270, "timeStamp": "2025-10-06T14:15:33.080Z", "crs_type": "name", "crs_properties_name": "urn:ogc:def:crs:EPSG::25832", "feature_type": "Feature", "feature_id": "baustellen_vorschau.102307788", "geometry_name": "geom", "geometry_type": "Point", "geometry_coordinates": [ 449207.51034636, 5431778.06070935 ], "geometry_x": 449207.51034635998, "geometry_y": 5431778.0607093498, "id": 102307788, "gemeinde": "Karlsruhe", "vorgangszeitraum_von": "2025-11-09T23:00:00Z", "vorgangszeitraum_bis": "2025-11-13T22:59:59Z", "art": "Bauwerksprüfung", "lage": "Rheinbrücke zw. AS 11 und Maximiliansau", "tagesbaustelle": "Stationäre Baustelle", "verursacher": "Land  Baden - Württemberg", "zusatzinfo": "1-streifige Verkehrsführung in Fahrtrichtung Landau", "sperrung": "mit Verkehrsbehinderung", "projektnummer": 31303, "vorgangsnummer": "2025V4862", "datenquelle": "Stadt Karlsruhe", "stand": "2025-09-30T22:00:00Z", "index_right": 39.0, "Stadtteil_Nummer": "102", "Stadtteil": "Neu-Knielingen" }, "geometry": { "type": "Point", "coordinates": [ 449207.510346359980758, 5431778.060709349811077 ] } },
{ "type": "Feature", "properties": { "type": "FeatureCollection", "totalFeatures": 270, "numberMatched": 270, "numberReturned": 270, "timeStamp": "2025-10-06T14:15:33.080Z", "crs_type": "name", "crs_properties_name": "urn:ogc:def:crs:EPSG::25832", "feature_type": "Feature", "feature_id": "baustellen_vorschau.102307832", "geometry_name": "geom", "geometry_type": "Polygon", "geometry_coordinates": [ [ [ 456720.35651407, 5427424.6293789 ], [ 456719.92794207, 5427414.3436649 ], [ 456717.64222807, 5427411.62937891 ], [ 456720.21365707, 5427332.77223595 ], [ 456727.21365706, 5427332.62937895 ], [ 456724.49937106, 5427419.6293789 ], [ 456726.07080006, 5427422.7722359 ], [ 456727.64222806, 5427424.6293789 ], [ 456720.35651407, 5427424.6293789 ] ] ], "geometry_x": null, "geometry_y": null, "id": 102307832, "gemeinde": "Karlsruhe", "vorgangszeitraum_von": "2025-10-12T22:00:00Z", "vorgangszeitraum_bis": "2025-12-19T22:59:59Z", "art": "Fernwärmeversorgung", "lage": "Marienstraße zw. Nebeniusstraße und Winterstraße", "tagesbaustelle": null, "verursacher": "Stadtwerke Karlsruhe", "zusatzinfo": "Abwicklung in zwei Bauabschnitten", "sperrung": "mit Vollsperrung", "projektnummer": 43895, "vorgangsnummer": "2023V5962", "datenquelle": "Stadt Karlsruhe", "stand": "2025-09-30T22:00:00Z", "index_right": 16.0, "Stadtteil_Nummer": "032", "Stadtteil": "Südlicher Teil" }, "geometry": { "type": "Polygon", "coordinates": [ [ [ 456720.356514070008416, 5427424.629378899931908 ], [ 456719.927942070004065, 5427414.343664900399745 ], [ 456717.64222807000624, 5427411.629378910176456 ], [ 456720.213657070009504, 5427332.77223595045507 ], [ 456727.213657059997786, 5427332.629378950223327 ], [ 456724.49937105999561, 5427419.629378899931908 ], [ 456726.070800059998874, 5427422.772235900163651 ], [ 456727.642228059994522, 5427424.629378899931908 ], [ 456720.356514070008416, 5427424.629378899931908 ] ] ] } },
{ "type": "Feature", "properties": { "type": "FeatureCollection", "totalFeatures": 270, "numberMatched": 270, "numberReturned": 270, "timeStamp": "2025-10-06T14:15:33.080Z", "crs_type": "name", "crs_properties_name": "urn:ogc:def:crs:EPSG::25832", "feature_type": "Feature", "feature_id": "baustellen_vorschau.102307833", "geometry_name": "geom", "geometry_type": "Point", "geometry_coordinates": [ 456722.45823407, 5427377.28272292 ], "geometry_x": 456722.45823406999, "geometry_y": 5427377.2827229202, "id": 102307833, "gemeinde": "Karlsruhe", "vorgangszeitraum_von": "2025-10-12T22:00:00Z", "vorgangszeitraum_bis": "2025-12-19T22:59:59Z", "art": "Fernwärmeversorgung", "lage": "Marienstraße zw. Nebeniusstraße und Winterstraße", "tagesbaustelle": null, "verursacher": "Stadtwerke Karlsruhe", "zusatzinfo": "Abwicklung in zwei Bauabschnitten", "sperrung": "mit Vollsperrung", "projektnummer": 43895, "vorgangsnummer": "2023V5962", "datenquelle": "Stadt Karlsruhe", "stand": "2025-09-30T22:00:00Z", "index_right": 16.0, "Stadtteil_Nummer": "032", "Stadtteil": "Südlicher Teil" }, "geometry": { "type": "Point", "coordinates": [ 456722.458234069985338, 5427377.282722920179367 ] } },
{ "type": "Feature", "properties": { "type": "FeatureCollection", "totalFeatures": 270, "numberMatched": 270, "numberReturned": 270, "timeStamp": "2025-10-06T14:15:33.080Z", "crs_type": "name", "crs_properties_name": "urn:ogc:def:crs:EPSG::25832", "feature_type": "Feature", "feature_id": "baustellen_vorschau.102308258", "geometry_name": "geom", "geometry_type": "Polygon", "geometry_coordinates": [ [ [ 463158.39816071, 5428455.39152727 ], [ 463156.26063071, 5428442.48062828 ], [ 463152.67813071, 5428430.96082829 ], [ 463149.18753072, 5428418.00822829 ], [ 463145.56823072, 5428402.9258283 ], [ 463142.20840072, 5428388.64424931 ], [ 463143.26177472, 5428379.07610432 ], [ 463143.97597272, 5428371.98601232 ], [ 463144.87003072, 5428360.34462833 ], [ 463146.88558772, 5428361.46807533 ], [ 463148.58348072, 5428362.41446033 ], [ 463151.66903071, 5428364.11852832 ], [ 463156.63825671, 5428366.90409432 ], [ 463158.43399771, 5428367.90501932 ], [ 463153.22720971, 5428372.31225832 ], [ 463150.99097671, 5428379.63350032 ], [ 463150.65558471, 5428386.96001131 ], [ 463150.36153971, 5428393.38329731 ], [ 463150.41593071, 5428399.9102283 ], [ 463153.43303071, 5428410.3750283 ], [ 463154.82303071, 5428410.4811283 ], [ 463162.18123071, 5428439.39652828 ], [ 463166.0200307, 5428454.61722827 ], [ 463158.39816071, 5428455.39152727 ] ] ], "geometry_x": null, "geometry_y": null, "id": 102308258, "gemeinde": "Karlsruhe", "vorgangszeitraum_von": "2025-10-26T23:00:00Z", "vorgangszeitraum_bis": "2025-11-28T22:59:59Z", "art": "Straßenbau", "lage": "Schultheiß-Kiefer-Straße zw. Friedrichstraße und Rauhausplatz/ Niddaplatz", "tagesbaustelle": null, "verursacher": "Tiefbauamt", "zusatzinfo": null, "sperrung": "mit Vollsperrung", "projektnummer": 19218, "vorgangsnummer": "2025V4935", "datenquelle": "Stadt Karlsruhe", "stand": "2025-09-01T22:00:00Z", "index_right": 51.0, "Stadtteil_Nummer": "201", "Stadtteil": "Nördlich der Pfinz" }, "geometry": { "type": "Polygon", "coordinates": [ [ [ 463158.398160709999502, 5428455.3915272699669 ], [ 463156.260630709992256, 5428442.480628279969096 ], [ 463152.67813070997363, 5428430.960828290320933 ], [ 463149.18753072002437, 5428418.00822828989476 ], [ 463145.568230720004067, 5428402.92582830041647 ], [ 463142.208400719973724, 5428388.644249309785664 ], [ 463143.261774719983805, 5428379.076104319654405 ], [ 463143.975972720014397, 5428371.986012320034206 ], [ 463144.870030720019713, 5428360.34462833032012 ], [ 463146.885587720025796, 5428361.468075330369174 ], [ 463148.583480720000807, 5428362.414460330270231 ], [ 463151.669030710007064, 5428364.118528320454061 ], [ 463156.638256710022688, 5428366.904094319790602 ], [ 463158.433997710002586, 5428367.905019319616258 ], [ 463153.227209709992167, 5428372.312258319929242 ], [ 463150.9909767099889, 5428379.633500319905579 ], [ 463150.655584710009862, 5428386.960011309944093 ], [ 463150.361539710022043, 5428393.383297310210764 ], [ 463150.415930709976237, 5428399.91022829990834 ], [ 463153.433030709973536, 5428410.375028300099075 ], [ 463154.823030709987506, 5428410.481128299608827 ], [ 463162.181230710004456, 5428439.396528280340135 ], [ 463166.020030700019561, 5428454.617228269577026 ], [ 463158.398160709999502, 5428455.3915272699669 ] ] ] } },
{ "type": "Feature", "properties": { "type": "FeatureCollection", "totalFeatures": 270, "numberMatched": 270, "numberReturned": 270, "timeStamp": "2025-10-06T14:15:33.080Z", "crs_type": "name", "crs_properties_name": "urn:ogc:def:crs:EPSG::25832", "feature_type": "Feature", "feature_id": "baustellen_vorschau.102308259", "geometry_name": "geom", "geometry_type": "Point", "geometry_coordinates": [ 463152.11771571, 5428406.1835883 ], "geometry_x": 463152.11771571002, "geometry_y": 5428406.1835882999, "id": 102308259, "gemeinde": "Karlsruhe", "vorgangszeitraum_von": "2025-10-26T23:00:00Z", "vorgangszeitraum_bis": "2025-11-28T22:59:59Z", "art": "Straßenbau", "lage": "Schultheiß-Kiefer-Straße zw. Friedrichstraße und Rauhausplatz/ Niddaplatz", "tagesbaustelle": null, "verursacher": "Tiefbauamt", "zusatzinfo": null, "sperrung": "mit Vollsperrung", "projektnummer": 19218, "vorgangsnummer": "2025V4935", "datenquelle": "Stadt Karlsruhe", "stand": "2025-09-01T22:00:00Z", "index_right": 51.0, "Stadtteil_Nummer": "201", "Stadtteil": "Nördlich der Pfinz" }, "geometry": { "type": "Point", "coordinates": [ 463152.117715710017364, 5428406.183588299900293 ] } },
{ "type": "Feature", "properties": { "type": "FeatureCollection", "totalFeatures": 270, "numberMatched": 270, "numberReturned": 270, "timeStamp": "2025-10-06T14:15:33.080Z", "crs_type": "name", "crs_properties_name": "urn:ogc:def:crs:EPSG::25832", "feature_type": "Feature", "feature_id": "baustellen_vorschau.102308373", "geometry_name": "geom", "geometry_type": "Polygon", "geometry_coordinates": [ [ [ 455878.36454179, 5430295.01241021 ], [ 455882.65025579, 5430237.29812424 ], [ 455876.93596979, 5430226.44098125 ], [ 455868.0788268, 5430219.86955325 ], [ 455859.5073988, 5430214.15526725 ], [ 455840.07882682, 5430200.72669626 ], [ 455849.50739881, 5430186.15526727 ], [ 455882.93596978, 5430204.72669626 ], [ 455888.65025578, 5430200.72669626 ], [ 455892.36454178, 5430167.58383928 ], [ 455913.50739876, 5430174.44098128 ], [ 455914.65025576, 5430206.15526726 ], [ 455923.50739875, 5430219.29812425 ], [ 455940.07882674, 5430230.72669624 ], [ 455956.07882672, 5430242.44098124 ], [ 455953.50739873, 5430263.01241022 ], [ 455928.36454175, 5430253.58383923 ], [ 455914.07882676, 5430254.72669623 ], [ 455905.22168377, 5430263.01241022 ], [ 455900.65025577, 5430297.5838392 ], [ 455878.36454179, 5430295.01241021 ] ] ], "geometry_x": null, "geometry_y": null, "id": 102308373, "gemeinde": "Karlsruhe", "vorgangszeitraum_von": "2025-10-25T22:00:00Z", "vorgangszeitraum_bis": "2025-10-26T22:59:59Z", "art": "Strom bzw. TK-Versorgung", "lage": "Adenauerring/ Willy-Brandt-Allee", "tagesbaustelle": null, "verursacher": "Tiefbauamt", "zusatzinfo": "Signaltechnische Arbeiten im Kreuzungsbereich, vs. 9:00 Uhr - 12:00 Uhr", "sperrung": "mit Verkehrsbehinderung", "projektnummer": 49247, "vorgangsnummer": "2025V4949", "datenquelle": "Stadt Karlsruhe", "stand": "2025-09-01T22:00:00Z", "index_right": null, "Stadtteil_Nummer": null, "Stadtteil": null }, "geometry": { "type": "Polygon", "coordinates": [ [ [ 455878.364541789982468, 5430295.012410210445523 ], [ 455882.650255789980292, 5430237.298124239780009 ], [ 455876.935969789978117, 5430226.4409812502563 ], [ 455868.078826799988747, 5430219.869553250260651 ], [ 455859.507398799993098, 5430214.155267249792814 ], [ 455840.078826820012182, 5430200.726696260273457 ], [ 455849.507398810004815, 5430186.155267270281911 ], [ 455882.935969780024607, 5430204.726696260273457 ], [ 455888.650255780026782, 5430200.726696260273457 ], [ 455892.364541780028958, 5430167.583839279599488 ], [ 455913.507398760004435, 5430174.440981280058622 ], [ 455914.650255760003347, 5430206.155267260037363 ], [ 455923.507398749992717, 5430219.298124250024557 ], [ 455940.078826739976648, 5430230.72669623978436 ], [ 455956.078826720011421, 5430242.440981240011752 ], [ 455953.507398730027489, 5430263.012410219758749 ], [ 455928.364541749993805, 5430253.583839230239391 ], [ 455914.078826760000084, 5430254.726696229539812 ], [ 455905.221683770010713, 5430263.012410219758749 ], [ 455900.650255770015065, 5430297.583839200437069 ], [ 455878.364541789982468, 5430295.012410210445523 ] ] ] } },
{ "type": "Feature", "properties": { "type": "FeatureCollection", "totalFeatures": 270, "numberMatched": 270, "numberReturned": 270, "timeStamp": "2025-10-06T14:15:33.080Z", "crs_type": "name", "crs_properties_name": "urn:ogc:def:crs:EPSG::25832", "feature_type": "Feature", "feature_id": "baustellen_vorschau.102308374", "geometry_name": "geom", "geometry_type": "Point", "geometry_coordinates": [ 455899.88241577, 5430230.63088224 ], "geometry_x": 455899.88241576997, "geometry_y": 5430230.6308822399, "id": 102308374, "gemeinde": "Karlsruhe", "vorgangszeitraum_von": "2025-10-25T22:00:00Z", "vorgangszeitraum_bis": "2025-10-26T22:59:59Z", "art": "Strom bzw. TK-Versorgung", "lage": "Adenauerring/ Willy-Brandt-Allee", "tagesbaustelle": null, "verursacher": "Tiefbauamt", "zusatzinfo": "Signaltechnische Arbeiten im Kreuzungsbereich, vs. 9:00 Uhr - 12:00 Uhr", "sperrung": "mit Verkehrsbehinderung", "projektnummer": 49247, "vorgangsnummer": "2025V4949", "datenquelle": "Stadt Karlsruhe", "stand": "2025-09-01T22:00:00Z", "index_right": 11.0, "Stadtteil_Nummer": "272", "Stadtteil": "Amerikanersiedlung" }, "geometry": { "type": "Point", "coordinates": [ 455899.882415769970976, 5430230.630882239900529 ] } },
{ "type": "Feature", "properties": { "type": "FeatureCollection", "totalFeatures": 270, "numberMatched": 270, "numberReturned": 270, "timeStamp": "2025-10-06T14:15:33.080Z", "crs_type": "name", "crs_properties_name": "urn:ogc:def:crs:EPSG::25832", "feature_type": "Feature", "feature_id": "baustellen_vorschau.102308376", "geometry_name": "geom", "geometry_type": "Polygon", "geometry_coordinates": [ [ [ 460302.85811007, 5425053.09603628 ], [ 460323.11335705, 5425078.52319026 ], [ 460318.11335705, 5425082.09461926 ], [ 460299.14382407, 5425056.95317927 ], [ 460302.85811007, 5425053.09603628 ] ] ], "geometry_x": null, "geometry_y": null, "id": 102308376, "gemeinde": "Karlsruhe", "vorgangszeitraum_von": "2025-10-26T23:00:00Z", "vorgangszeitraum_bis": "2025-11-09T22:59:59Z", "art": "Bauliche Sondernutzung", "lage": "Hangstraße zw. Siebenmannstraße und Maiblumenstraße", "tagesbaustelle": null, "verursacher": "Privat", "zusatzinfo": "vs 1 Woche", "sperrung": "mit Vollsperrung", "projektnummer": 52549, "vorgangsnummer": "2025V4951", "datenquelle": "Stadt Karlsruhe", "stand": "2025-09-01T22:00:00Z", "index_right": 20.0, "Stadtteil_Nummer": "231", "Stadtteil": "Wolfertsweier" }, "geometry": { "type": "Polygon", "coordinates": [ [ [ 460302.858110069995746, 5425053.096036279574037 ], [ 460323.113357049995102, 5425078.523190259933472 ], [ 460318.113357049995102, 5425082.094619260169566 ], [ 460299.14382406999357, 5425056.953179270029068 ], [ 460302.858110069995746, 5425053.096036279574037 ] ] ] } },
{ "type": "Feature", "properties": { "type": "FeatureCollection", "totalFeatures": 270, "numberMatched": 270, "numberReturned": 270, "timeStamp": "2025-10-06T14:15:33.080Z", "crs_type": "name", "crs_properties_name": "urn:ogc:def:crs:EPSG::25832", "feature_type": "Feature", "feature_id": "baustellen_vorschau.102308377", "geometry_name": "geom", "geometry_type": "Point", "geometry_coordinates": [ 460311.05937506, 5425067.96632827 ], "geometry_x": 460311.05937506002, "geometry_y": 5425067.9663282698, "id": 102308377, "gemeinde": "Karlsruhe", "vorgangszeitraum_von": "2025-10-26T23:00:00Z", "vorgangszeitraum_bis": "2025-11-09T22:59:59Z", "art": "Bauliche Sondernutzung", "lage": "Hangstraße zw. Siebenmannstraße und Maiblumenstraße", "tagesbaustelle": null, "verursacher": "Privat", "zusatzinfo": "vs 1 Woche", "sperrung": "mit Vollsperrung", "projektnummer": 52549, "vorgangsnummer": "2025V4951", "datenquelle": "Stadt Karlsruhe", "stand": "2025-09-01T22:00:00Z", "index_right": 20.0, "Stadtteil_Nummer": "231", "Stadtteil": "Wolfertsweier" }, "geometry": { "type": "Point", "coordinates": [ 460311.05937506002374, 5425067.966328269802034 ] } },
{ "type": "Feature", "properties": { "type": "FeatureCollection", "totalFeatures": 270, "numberMatched": 270, "numberReturned": 270, "timeStamp": "2025-10-06T14:15:33.080Z", "crs_type": "name", "crs_properties_name": "urn:ogc:def:crs:EPSG::25832", "feature_type": "Feature", "feature_id": "baustellen_vorschau.102308766", "geometry_name": "geom", "geometry_type": "Polygon", "geometry_coordinates": [ [ [ 461599.44537598, 5424493.7058426 ], [ 461602.86515898, 5424486.14632261 ], [ 461613.66447297, 5424457.70812762 ], [ 461617.53422797, 5424452.03848762 ], [ 461622.93388496, 5424449.15867063 ], [ 461625.81370196, 5424443.39903663 ], [ 461632.11330196, 5424426.84008764 ], [ 461637.78294195, 5424428.01001364 ], [ 461630.22342196, 5424450.50858563 ], [ 461626.26367296, 5424456.98817362 ], [ 461627.52359296, 5424457.97811062 ], [ 461616.27430797, 5424488.3961796 ], [ 461614.29443297, 5424490.2860596 ], [ 461601.96521598, 5424495.3257396 ], [ 461599.44537598, 5424493.7058426 ] ] ], "geometry_x": null, "geometry_y": null, "id": 102308766, "gemeinde": "Karlsruhe", "vorgangszeitraum_von": "2026-02-01T23:00:00Z", "vorgangszeitraum_bis": "2026-04-06T21:59:59Z", "art": "Haltestellenumbau mit Straßenumgestaltung", "lage": "K9652/ Tiefentalstraße zw. Straße des Roten Kreuzes und Am Lustgarten", "tagesbaustelle": null, "verursacher": "Tiefbauamt", "zusatzinfo": "1-streifige Verkehrsführung mit Lichtsignal", "sperrung": "mit Verkehrsbehinderung", "projektnummer": 31032, "vorgangsnummer": "2025V5000", "datenquelle": "Stadt Karlsruhe", "stand": "2025-09-02T22:00:00Z", "index_right": null, "Stadtteil_Nummer": null, "Stadtteil": null }, "geometry": { "type": "Polygon", "coordinates": [ [ [ 461599.445375979994424, 5424493.705842600204051 ], [ 461602.865158980013803, 5424486.146322609856725 ], [ 461613.66447297000559, 5424457.708127619698644 ], [ 461617.534227969998028, 5424452.038487619720399 ], [ 461622.933884960017167, 5424449.158670630306005 ], [ 461625.813701960025355, 5424443.399036630056798 ], [ 461632.113301959994715, 5424426.840087640099227 ], [ 461637.782941950019449, 5424428.01001363992691 ], [ 461630.223421960021369, 5424450.508585629984736 ], [ 461626.263672959990799, 5424456.988173619844019 ], [ 461627.52359295997303, 5424457.978110619820654 ], [ 461616.274307970015798, 5424488.396179599687457 ], [ 461614.294432969996706, 5424490.286059600301087 ], [ 461601.965215980017092, 5424495.325739599764347 ], [ 461599.445375979994424, 5424493.705842600204051 ] ] ] } },
{ "type": "Feature", "properties": { "type": "FeatureCollection", "totalFeatures": 270, "numberMatched": 270, "numberReturned": 270, "timeStamp": "2025-10-06T14:15:33.080Z", "crs_type": "name", "crs_properties_name": "urn:ogc:def:crs:EPSG::25832", "feature_type": "Feature", "feature_id": "baustellen_vorschau.102308767", "geometry_name": "geom", "geometry_type": "Point", "geometry_coordinates": [ 461618.25279497, 5424465.41350162 ], "geometry_x": 461618.25279497, "geometry_y": 5424465.4135016203, "id": 102308767, "gemeinde": "Karlsruhe", "vorgangszeitraum_von": "2026-02-01T23:00:00Z", "vorgangszeitraum_bis": "2026-04-06T21:59:59Z", "art": "Haltestellenumbau mit Straßenumgestaltung", "lage": "K9652/ Tiefentalstraße zw. Straße des Roten Kreuzes und Am Lustgarten", "tagesbaustelle": null, "verursacher": "Tiefbauamt", "zusatzinfo": "1-streifige Verkehrsführung mit Lichtsignal", "sperrung": "mit Verkehrsbehinderung", "projektnummer": 31032, "vorgangsnummer": "2025V5000", "datenquelle": "Stadt Karlsruhe", "stand": "2025-09-02T22:00:00Z", "index_right": 19.0, "Stadtteil_Nummer": "221", "Stadtteil": "Hohenwettersbach" }, "geometry": { "type": "Point", "coordinates": [ 461618.25279497000156, 5424465.413501620292664 ] } },
{ "type": "Feature", "properties": { "type": "FeatureCollection", "totalFeatures": 270, "numberMatched": 270, "numberReturned": 270, "timeStamp": "2025-10-06T14:15:33.080Z", "crs_type": "name", "crs_properties_name": "urn:ogc:def:crs:EPSG::25832", "feature_type": "Feature", "feature_id": "baustellen_vorschau.102308770", "geometry_name": "geom", "geometry_type": "Polygon", "geometry_coordinates": [ [ [ 461632.11330196, 5424490.4660476 ], [ 461632.20329596, 5424492.5359166 ], [ 461629.59346196, 5424492.4459226 ], [ 461625.18374196, 5424491.9059566 ], [ 461614.02444997, 5424490.1060706 ], [ 461611.68459897, 5424489.1161336 ], [ 461611.77459297, 5424486.14632261 ], [ 461612.49454797, 5424483.17651061 ], [ 461614.02444997, 5424478.94677961 ], [ 461617.44423297, 5424471.74723661 ], [ 461623.47384996, 5424461.21790562 ], [ 461628.06355896, 5424454.46833362 ], [ 461632.83325596, 5424442.40909963 ], [ 461638.23291295, 5424425.67016264 ], [ 461642.46264495, 5424427.29005964 ], [ 461626.35366796, 5424476.96690561 ], [ 461624.28379896, 5424484.79640761 ], [ 461624.37379296, 5424486.86627661 ], [ 461625.81370196, 5424488.84615061 ], [ 461627.43359896, 5424490.1060706 ], [ 461629.41347296, 5424490.6460366 ], [ 461632.11330196, 5424490.4660476 ] ] ], "geometry_x": null, "geometry_y": null, "id": 102308770, "gemeinde": "Karlsruhe", "vorgangszeitraum_von": "2026-04-06T22:00:00Z", "vorgangszeitraum_bis": "2026-05-29T21:59:59Z", "art": "Haltestellenumbau mit Straßenumgestaltung", "lage": "K9652/ Tiefentalstraße zw. Zweibrückener Straße und Rehbuckel", "tagesbaustelle": null, "verursacher": "Tiefbauamt", "zusatzinfo": "1-streifige Verkehrsführung mit Lichtsignal", "sperrung": "mit Verkehrsbehinderung", "projektnummer": 31032, "vorgangsnummer": "2025V5001", "datenquelle": "Stadt Karlsruhe", "stand": "2025-09-02T22:00:00Z", "index_right": null, "Stadtteil_Nummer": null, "Stadtteil": null }, "geometry": { "type": "Polygon", "coordinates": [ [ [ 461632.113301959994715, 5424490.46604759991169 ], [ 461632.203295959974639, 5424492.535916600376368 ], [ 461629.593461959972046, 5424492.445922600105405 ], [ 461625.183741959976032, 5424491.905956599861383 ], [ 461614.02444996999111, 5424490.106070600450039 ], [ 461611.684598969994113, 5424489.116133599542081 ], [ 461611.774592969974037, 5424486.146322609856725 ], [ 461612.494547970010899, 5424483.176510609686375 ], [ 461614.02444996999111, 5424478.946779609657824 ], [ 461617.444232970010489, 5424471.747236610390246 ], [ 461623.473849960020743, 5424461.217905620113015 ], [ 461628.063558959984221, 5424454.468333619646728 ], [ 461632.833255960023962, 5424442.409099630080163 ], [ 461638.232912949984893, 5424425.670162639580667 ], [ 461642.462644950021058, 5424427.290059640072286 ], [ 461626.353667959978338, 5424476.966905609704554 ], [ 461624.283798959979322, 5424484.796407610177994 ], [ 461624.373792960017454, 5424486.866276609711349 ], [ 461625.813701960025355, 5424488.846150609664619 ], [ 461627.433598959993105, 5424490.106070600450039 ], [ 461629.413472960004583, 5424490.646036599762738 ], [ 461632.113301959994715, 5424490.46604759991169 ] ] ] } },
{ "type": "Feature", "properties": { "type": "FeatureCollection", "totalFeatures": 270, "numberMatched": 270, "numberReturned": 270, "timeStamp": "2025-10-06T14:15:33.080Z", "crs_type": "name", "crs_properties_name": "urn:ogc:def:crs:EPSG::25832", "feature_type": "Feature", "feature_id": "baustellen_vorschau.102308771", "geometry_name": "geom", "geometry_type": "Point", "geometry_coordinates": [ 461625.93060096, 5424466.40579262 ], "geometry_x": 461625.93060095998, "geometry_y": 5424466.40579262, "id": 102308771, "gemeinde": "Karlsruhe", "vorgangszeitraum_von": "2026-04-06T22:00:00Z", "vorgangszeitraum_bis": "2026-05-29T21:59:59Z", "art": "Haltestellenumbau mit Straßenumgestaltung", "lage": "K9652/ Tiefentalstraße zw. Zweibrückener Straße und Rehbuckel", "tagesbaustelle": null, "verursacher": "Tiefbauamt", "zusatzinfo": "1-streifige Verkehrsführung mit Lichtsignal", "sperrung": "mit Verkehrsbehinderung", "projektnummer": 31032, "vorgangsnummer": "2025V5001", "datenquelle": "Stadt Karlsruhe", "stand": "2025-09-02T22:00:00Z", "index_right": 19.0, "Stadtteil_Nummer": "221", "Stadtteil": "Hohenwettersbach" }, "geometry": { "type": "Point", "coordinates": [ 461625.930600959982257, 5424466.405792620033026 ] } },
{ "type": "Feature", "properties": { "type": "FeatureCollection", "totalFeatures": 270, "numberMatched": 270, "numberReturned": 270, "timeStamp": "2025-10-06T14:15:33.080Z", "crs_type": "name", "crs_properties_name": "urn:ogc:def:crs:EPSG::25832", "feature_type": "Feature", "feature_id": "baustellen_vorschau.102309276", "geometry_name": "geom", "geometry_type": "Polygon", "geometry_coordinates": [ [ [ 456616.06589816, 5428658.34070217 ], [ 456631.37335615, 5428610.7741962 ], [ 456631.40912315, 5428602.4228162 ], [ 456623.85304616, 5428603.0706262 ], [ 456623.77632116, 5428599.6621162 ], [ 456635.68212115, 5428599.3219502 ], [ 456637.32625614, 5428593.25566221 ], [ 456641.45108414, 5428594.72894721 ], [ 456620.86920216, 5428659.96777417 ], [ 456616.06589816, 5428658.34070217 ] ] ], "geometry_x": null, "geometry_y": null, "id": 102309276, "gemeinde": "Karlsruhe", "vorgangszeitraum_von": "2026-01-11T23:00:00Z", "vorgangszeitraum_bis": "2026-03-31T21:59:59Z", "art": "Fernwärmeversorgung", "lage": "Adlerstraße zw. Zähringerstraße u. Kaiserstraße", "tagesbaustelle": null, "verursacher": "Stadtwerke Karlsruhe", "zusatzinfo": "Abwicklung in mehreren Bauabschnitten", "sperrung": "mit Sperrung in eine Fahrtrichtung", "projektnummer": 34637, "vorgangsnummer": "2025V5076", "datenquelle": "Stadt Karlsruhe", "stand": "2025-09-10T22:00:00Z", "index_right": 15.0, "Stadtteil_Nummer": "012", "Stadtteil": "Südwestlicher Teil" }, "geometry": { "type": "Polygon", "coordinates": [ [ [ 456616.065898159984499, 5428658.340702169574797 ], [ 456631.373356149997562, 5428610.774196200072765 ], [ 456631.409123149991501, 5428602.422816200181842 ], [ 456623.853046160016675, 5428603.070626200176775 ], [ 456623.776321160024963, 5428599.662116199731827 ], [ 456635.682121150020976, 5428599.321950200013816 ], [ 456637.326256140018813, 5428593.255662210285664 ], [ 456641.451084139989689, 5428594.728947210125625 ], [ 456620.869202159985434, 5428659.967774170450866 ], [ 456616.065898159984499, 5428658.340702169574797 ] ] ] } },
{ "type": "Feature", "properties": { "type": "FeatureCollection", "totalFeatures": 270, "numberMatched": 270, "numberReturned": 270, "timeStamp": "2025-10-06T14:15:33.080Z", "crs_type": "name", "crs_properties_name": "urn:ogc:def:crs:EPSG::25832", "feature_type": "Feature", "feature_id": "baustellen_vorschau.102309277", "geometry_name": "geom", "geometry_type": "Point", "geometry_coordinates": [ 456628.79703315, 5428624.24397219 ], "geometry_x": 456628.79703314998, "geometry_y": 5428624.2439721897, "id": 102309277, "gemeinde": "Karlsruhe", "vorgangszeitraum_von": "2026-01-11T23:00:00Z", "vorgangszeitraum_bis": "2026-03-31T21:59:59Z", "art": "Fernwärmeversorgung", "lage": "Adlerstraße zw. Zähringerstraße u. Kaiserstraße", "tagesbaustelle": null, "verursacher": "Stadtwerke Karlsruhe", "zusatzinfo": "Abwicklung in mehreren Bauabschnitten", "sperrung": "mit Sperrung in eine Fahrtrichtung", "projektnummer": 34637, "vorgangsnummer": "2025V5076", "datenquelle": "Stadt Karlsruhe", "stand": "2025-09-10T22:00:00Z", "index_right": 15.0, "Stadtteil_Nummer": "012", "Stadtteil": "Südwestlicher Teil" }, "geometry": { "type": "Point", "coordinates": [ 456628.797033149981871, 5428624.243972189724445 ] } },
{ "type": "Feature", "properties": { "type": "FeatureCollection", "totalFeatures": 270, "numberMatched": 270, "numberReturned": 270, "timeStamp": "2025-10-06T14:15:33.080Z", "crs_type": "name", "crs_properties_name": "urn:ogc:def:crs:EPSG::25832", "feature_type": "Feature", "feature_id": "baustellen_vorschau.102309603", "geometry_name": "geom", "geometry_type": "Polygon", "geometry_coordinates": [ [ [ 460323.11335705, 5425078.52319026 ], [ 460318.38334105, 5425082.58958726 ], [ 460285.94810708, 5425044.40295628 ], [ 460290.41131108, 5425040.39814229 ], [ 460323.11335705, 5425078.52319026 ] ] ], "geometry_x": null, "geometry_y": null, "id": 102309603, "gemeinde": "Karlsruhe", "vorgangszeitraum_von": "2025-10-26T23:00:00Z", "vorgangszeitraum_bis": "2025-10-31T22:59:59Z", "art": "Bauliche Sondernutzung", "lage": "Hangstraße zw. Siebenmannstraße und Maiblumenstraße", "tagesbaustelle": null, "verursacher": "Privat", "zusatzinfo": null, "sperrung": "mit Vollsperrung", "projektnummer": 52880, "vorgangsnummer": "2025V5088", "datenquelle": "Stadt Karlsruhe", "stand": "2025-09-07T22:00:00Z", "index_right": 20.0, "Stadtteil_Nummer": "231", "Stadtteil": "Wolfertsweier" }, "geometry": { "type": "Polygon", "coordinates": [ [ [ 460323.113357049995102, 5425078.523190259933472 ], [ 460318.383341050008312, 5425082.589587260037661 ], [ 460285.948107080010232, 5425044.402956279926002 ], [ 460290.411311079980806, 5425040.398142290301621 ], [ 460323.113357049995102, 5425078.523190259933472 ] ] ] } },
{ "type": "Feature", "properties": { "type": "FeatureCollection", "totalFeatures": 270, "numberMatched": 270, "numberReturned": 270, "timeStamp": "2025-10-06T14:15:33.080Z", "crs_type": "name", "crs_properties_name": "urn:ogc:def:crs:EPSG::25832", "feature_type": "Feature", "feature_id": "baustellen_vorschau.102309604", "geometry_name": "geom", "geometry_type": "Point", "geometry_coordinates": [ 460304.57281507, 5425061.60388627 ], "geometry_x": 460304.57281506999, "geometry_y": 5425061.60388627, "id": 102309604, "gemeinde": "Karlsruhe", "vorgangszeitraum_von": "2025-10-26T23:00:00Z", "vorgangszeitraum_bis": "2025-10-31T22:59:59Z", "art": "Bauliche Sondernutzung", "lage": "Hangstraße zw. Siebenmannstraße und Maiblumenstraße", "tagesbaustelle": null, "verursacher": "Privat", "zusatzinfo": null, "sperrung": "mit Vollsperrung", "projektnummer": 52880, "vorgangsnummer": "2025V5088", "datenquelle": "Stadt Karlsruhe", "stand": "2025-09-07T22:00:00Z", "index_right": 20.0, "Stadtteil_Nummer": "231", "Stadtteil": "Wolfertsweier" }, "geometry": { "type": "Point", "coordinates": [ 460304.572815069986973, 5425061.603886269964278 ] } },
{ "type": "Feature", "properties": { "type": "FeatureCollection", "totalFeatures": 270, "numberMatched": 270, "numberReturned": 270, "timeStamp": "2025-10-06T14:15:33.080Z", "crs_type": "name", "crs_properties_name": "urn:ogc:def:crs:EPSG::25832", "feature_type": "Feature", "feature_id": "baustellen_vorschau.102309653", "geometry_name": "geom", "geometry_type": "Polygon", "geometry_coordinates": [ [ [ 453922.64029841, 5428907.77319703 ], [ 453921.82833841, 5428906.04042803 ], [ 453921.66853841, 5428905.21032803 ], [ 453921.95773841, 5428904.58612803 ], [ 453922.56273841, 5428904.18642803 ], [ 453923.23380941, 5428903.98819403 ], [ 453945.06897439, 5428900.31651803 ], [ 453966.93182237, 5428897.93871404 ], [ 453988.58973735, 5428895.76816804 ], [ 454010.36205034, 5428893.85642404 ], [ 454033.70076032, 5428892.27142304 ], [ 454064.32826929, 5428889.66165104 ], [ 454101.44464426, 5428886.75313604 ], [ 454138.31537123, 5428883.69622905 ], [ 454170.9191162, 5428881.35405805 ], [ 454193.04450118, 5428880.50393605 ], [ 454203.18608818, 5428880.24460205 ], [ 454213.78003017, 5428880.45512205 ], [ 454239.30401215, 5428881.37179905 ], [ 454243.70932514, 5428881.57791504 ], [ 454244.19433814, 5428882.01152805 ], [ 454244.42845914, 5428882.47137705 ], [ 454244.33480714, 5428883.01313604 ], [ 454244.00682214, 5428883.32099105 ], [ 454238.95249615, 5428885.77080004 ], [ 454198.28629318, 5428889.00365104 ], [ 454122.59180324, 5428895.18855904 ], [ 454050.1968943, 5428900.47607904 ], [ 453992.72737935, 5428905.45557903 ], [ 453948.58164939, 5428908.62773103 ], [ 453932.4908534, 5428908.77351503 ], [ 453923.88757241, 5428908.05666803 ], [ 453922.64029841, 5428907.77319703 ] ] ], "geometry_x": null, "geometry_y": null, "id": 102309653, "gemeinde": "Karlsruhe", "vorgangszeitraum_von": "2025-11-16T23:00:00Z", "vorgangszeitraum_bis": "2025-12-19T22:59:59Z", "art": "Straßenbau", "lage": "Anliegerstraße Kaiserallee zw. Blücherstraße und Händelstraße", "tagesbaustelle": null, "verursacher": "Gartenbauamt", "zusatzinfo": "Parkplätze Abschnittsweise gesperrt", "sperrung": "mit Verkehrsbehinderung", "projektnummer": 52885, "vorgangsnummer": "2025V5096", "datenquelle": "Stadt Karlsruhe", "stand": "2025-09-08T22:00:00Z", "index_right": 8.0, "Stadtteil_Nummer": "051", "Stadtteil": "Mittlerer Teil" }, "geometry": { "type": "Polygon", "coordinates": [ [ [ 453922.640298410027754, 5428907.773197029717267 ], [ 453921.828338410006836, 5428906.040428030304611 ], [ 453921.668538409983739, 5428905.210328030399978 ], [ 453921.957738409982994, 5428904.586128029972315 ], [ 453922.562738410022575, 5428904.186428030021489 ], [ 453923.233809410012327, 5428903.988194029778242 ], [ 453945.068974389985669, 5428900.316518030129373 ], [ 453966.931822369981091, 5428897.938714040443301 ], [ 453988.589737350004725, 5428895.768168039619923 ], [ 454010.362050339987036, 5428893.856424040161073 ], [ 454033.70076032000361, 5428892.271423039957881 ], [ 454064.328269289981108, 5428889.661651040427387 ], [ 454101.444644259987399, 5428886.753136039711535 ], [ 454138.315371230011806, 5428883.696229049935937 ], [ 454170.919116200006101, 5428881.354058049619198 ], [ 454193.044501180003863, 5428880.503936050459743 ], [ 454203.18608817999484, 5428880.244602049700916 ], [ 454213.780030169989914, 5428880.455122049897909 ], [ 454239.304012149979826, 5428881.371799049898982 ], [ 454243.70932513999287, 5428881.577915039844811 ], [ 454244.194338140019681, 5428882.011528049595654 ], [ 454244.428459140006453, 5428882.471377049572766 ], [ 454244.334807139995974, 5428883.01313604041934 ], [ 454244.006822140014265, 5428883.320991050451994 ], [ 454238.952496149984654, 5428885.770800040103495 ], [ 454198.286293180019129, 5428889.003651039674878 ], [ 454122.591803240007721, 5428895.188559040427208 ], [ 454050.19689429999562, 5428900.476079040206969 ], [ 453992.727379349991679, 5428905.455579030327499 ], [ 453948.581649389991071, 5428908.627731029875576 ], [ 453932.490853400027845, 5428908.773515029810369 ], [ 453923.887572409992572, 5428908.056668030098081 ], [ 453922.640298410027754, 5428907.773197029717267 ] ] ] } },
{ "type": "Feature", "properties": { "type": "FeatureCollection", "totalFeatures": 270, "numberMatched": 270, "numberReturned": 270, "timeStamp": "2025-10-06T14:15:33.080Z", "crs_type": "name", "crs_properties_name": "urn:ogc:def:crs:EPSG::25832", "feature_type": "Feature", "feature_id": "baustellen_vorschau.102309838", "geometry_name": "geom", "geometry_type": "Point", "geometry_coordinates": [ 454079.97051328, 5428893.65578404 ], "geometry_x": 454079.97051328002, "geometry_y": 5428893.6557840398, "id": 102309838, "gemeinde": "Karlsruhe", "vorgangszeitraum_von": "2025-11-16T23:00:00Z", "vorgangszeitraum_bis": "2025-12-19T22:59:59Z", "art": "Straßenbau", "lage": "Anliegerstraße Kaiserallee zw. Blücherstraße und Händelstraße", "tagesbaustelle": null, "verursacher": "Gartenbauamt", "zusatzinfo": "Parkplätze Abschnittsweise gesperrt", "sperrung": "mit Verkehrsbehinderung", "projektnummer": 52885, "vorgangsnummer": "2025V5096", "datenquelle": "Stadt Karlsruhe", "stand": "2025-09-08T22:00:00Z", "index_right": 8.0, "Stadtteil_Nummer": "051", "Stadtteil": "Mittlerer Teil" }, "geometry": { "type": "Point", "coordinates": [ 454079.970513280015439, 5428893.655784039758146 ] } },
{ "type": "Feature", "properties": { "type": "FeatureCollection", "totalFeatures": 270, "numberMatched": 270, "numberReturned": 270, "timeStamp": "2025-10-06T14:15:33.080Z", "crs_type": "name", "crs_properties_name": "urn:ogc:def:crs:EPSG::25832", "feature_type": "Feature", "feature_id": "baustellen_vorschau.102309897", "geometry_name": "geom", "geometry_type": "Polygon", "geometry_coordinates": [ [ [ 463022.91240783, 5429250.6858828 ], [ 463018.26954983, 5429256.9001678 ], [ 463009.26954984, 5429256.2573108 ], [ 463010.05526484, 5429241.25731081 ], [ 463022.91240783, 5429250.6858828 ] ] ], "geometry_x": null, "geometry_y": null, "id": 102309897, "gemeinde": "Karlsruhe", "vorgangszeitraum_von": "2026-03-29T22:00:00Z", "vorgangszeitraum_bis": "2026-05-31T21:59:59Z", "art": "Gas bzw. Wasserversorgung", "lage": "Bruchwaldstraße zw. Werrabronner Straße und B3/ Beunstraße", "tagesbaustelle": null, "verursacher": "Stadtwerke Karlsruhe", "zusatzinfo": null, "sperrung": "mit Vollsperrung", "projektnummer": 35679, "vorgangsnummer": "2025V5142", "datenquelle": "Stadt Karlsruhe", "stand": "2025-09-08T22:00:00Z", "index_right": 51.0, "Stadtteil_Nummer": "201", "Stadtteil": "Nördlich der Pfinz" }, "geometry": { "type": "Polygon", "coordinates": [ [ [ 463022.912407830008306, 5429250.685882800258696 ], [ 463018.269549830001779, 5429256.900167799554765 ], [ 463009.269549840013497, 5429256.257310800254345 ], [ 463010.055264840018936, 5429241.257310809567571 ], [ 463022.912407830008306, 5429250.685882800258696 ] ] ] } },
{ "type": "Feature", "properties": { "type": "FeatureCollection", "totalFeatures": 270, "numberMatched": 270, "numberReturned": 270, "timeStamp": "2025-10-06T14:15:33.080Z", "crs_type": "name", "crs_properties_name": "urn:ogc:def:crs:EPSG::25832", "feature_type": "Feature", "feature_id": "baustellen_vorschau.102309900", "geometry_name": "geom", "geometry_type": "Polygon", "geometry_coordinates": [ [ [ 455014.34363648, 5426650.75421536 ], [ 455009.12521949, 5426652.44371335 ], [ 454986.02693751, 5426581.0180294 ], [ 454982.68063751, 5426566.55462941 ], [ 454976.66873751, 5426545.38842942 ], [ 454972.54195652, 5426534.70343243 ], [ 454964.89588652, 5426517.25043943 ], [ 454970.34530352, 5426514.74089544 ], [ 454983.32589351, 5426546.05827342 ], [ 454990.3165375, 5426565.34932941 ], [ 454990.8430115, 5426572.5648684 ], [ 454992.5853925, 5426571.7963224 ], [ 454994.0305375, 5426575.0726294 ], [ 454993.0428375, 5426576.0693294 ], [ 454992.1225375, 5426577.6665294 ], [ 454991.6885375, 5426579.6918294 ], [ 455014.34363648, 5426650.75421536 ] ] ], "geometry_x": null, "geometry_y": null, "id": 102309900, "gemeinde": "Karlsruhe", "vorgangszeitraum_von": "2026-02-28T23:00:00Z", "vorgangszeitraum_bis": "2026-05-31T21:59:59Z", "art": "Haltestellenumbau mit Straßenumgestaltung", "lage": "Litzenhardtsatrße zw. St.-Florian-Straße und Breite Straße", "tagesbaustelle": null, "verursacher": "Tiefbauamt", "zusatzinfo": "Abwicklung in mehreren Bauabschnitten, Aufteilung nicht vorgenommen, Dauer der Vollsperrung ca. 5 Wochen", "sperrung": "mit Vollsperrung", "projektnummer": 35548, "vorgangsnummer": "2021V5742", "datenquelle": "Stadt Karlsruhe", "stand": "2025-09-08T22:00:00Z", "index_right": 0.0, "Stadtteil_Nummer": "132", "Stadtteil": "Bulach" }, "geometry": { "type": "Polygon", "coordinates": [ [ [ 455014.343636479985435, 5426650.754215359687805 ], [ 455009.125219489971641, 5426652.443713350221515 ], [ 454986.026937510003336, 5426581.018029400147498 ], [ 454982.680637510027736, 5426566.554629409685731 ], [ 454976.668737509986386, 5426545.38842942006886 ], [ 454972.541956519999076, 5426534.703432429581881 ], [ 454964.895886519982014, 5426517.250439429655671 ], [ 454970.345303519978188, 5426514.740895439870656 ], [ 454983.325893510016613, 5426546.058273419737816 ], [ 454990.316537500009872, 5426565.349329410120845 ], [ 454990.84301150002284, 5426572.564868399873376 ], [ 454992.585392499982845, 5426571.796322399750352 ], [ 454994.030537499987986, 5426575.072629399597645 ], [ 454993.042837499990128, 5426576.069329399615526 ], [ 454992.122537499992177, 5426577.666529400274158 ], [ 454991.688537499983795, 5426579.691829400137067 ], [ 455014.343636479985435, 5426650.754215359687805 ] ] ] } },
{ "type": "Feature", "properties": { "type": "FeatureCollection", "totalFeatures": 270, "numberMatched": 270, "numberReturned": 270, "timeStamp": "2025-10-06T14:15:33.080Z", "crs_type": "name", "crs_properties_name": "urn:ogc:def:crs:EPSG::25832", "feature_type": "Feature", "feature_id": "baustellen_vorschau.102309905", "geometry_name": "geom", "geometry_type": "Point", "geometry_coordinates": [ 454990.1264005, 5426581.8746854 ], "geometry_x": 454990.12640050001, "geometry_y": 5426581.8746854002, "id": 102309905, "gemeinde": "Karlsruhe", "vorgangszeitraum_von": "2026-02-28T23:00:00Z", "vorgangszeitraum_bis": "2026-05-31T21:59:59Z", "art": "Haltestellenumbau mit Straßenumgestaltung", "lage": "Litzenhardtsatrße zw. St.-Florian-Straße und Breite Straße", "tagesbaustelle": null, "verursacher": "Tiefbauamt", "zusatzinfo": "Abwicklung in mehreren Bauabschnitten, Aufteilung nicht vorgenommen, Dauer der Vollsperrung ca. 5 Wochen", "sperrung": "mit Vollsperrung", "projektnummer": 35548, "vorgangsnummer": "2021V5742", "datenquelle": "Stadt Karlsruhe", "stand": "2025-09-08T22:00:00Z", "index_right": 0.0, "Stadtteil_Nummer": "132", "Stadtteil": "Bulach" }, "geometry": { "type": "Point", "coordinates": [ 454990.126400500012096, 5426581.874685400165617 ] } },
{ "type": "Feature", "properties": { "type": "FeatureCollection", "totalFeatures": 270, "numberMatched": 270, "numberReturned": 270, "timeStamp": "2025-10-06T14:15:33.080Z", "crs_type": "name", "crs_properties_name": "urn:ogc:def:crs:EPSG::25832", "feature_type": "Feature", "feature_id": "baustellen_vorschau.102310152", "geometry_name": "geom", "geometry_type": "Polygon", "geometry_coordinates": [ [ [ 456080.32516464, 5433223.56460047 ], [ 456086.10099364, 5433222.84343047 ], [ 456090.06221763, 5433254.16490145 ], [ 456081.41634564, 5433255.38944145 ], [ 456066.43033665, 5433256.12072545 ], [ 456040.89753667, 5433257.67242545 ], [ 456017.19373669, 5433258.21522545 ], [ 455992.61043671, 5433257.80642545 ], [ 455964.82703674, 5433256.72952545 ], [ 455939.51742676, 5433254.75231145 ], [ 455902.27732779, 5433250.98618145 ], [ 455891.7445618, 5433250.22895545 ], [ 455889.7062098, 5433251.58178945 ], [ 455886.2776568, 5433248.79848845 ], [ 455887.1705138, 5433245.94134545 ], [ 455888.6883708, 5433244.15563145 ], [ 455892.1580758, 5433243.76309945 ], [ 455895.1099368, 5433245.84032545 ], [ 455916.63061978, 5433248.12359645 ], [ 455942.17248276, 5433250.83350145 ], [ 455972.70103673, 5433252.87262545 ], [ 456006.7192367, 5433253.93362545 ], [ 456034.93353668, 5433253.69862545 ], [ 456079.07973664, 5433251.02352545 ], [ 456081.66708664, 5433250.13515445 ], [ 456082.76327264, 5433248.79666945 ], [ 456083.20823664, 5433247.12482545 ], [ 456080.32516464, 5433223.56460047 ] ] ], "geometry_x": null, "geometry_y": null, "id": 102310152, "gemeinde": "Karlsruhe", "vorgangszeitraum_von": "2025-11-02T23:00:00Z", "vorgangszeitraum_bis": "2026-05-29T21:59:59Z", "art": "Kanalbau", "lage": "Lärchenweg zwischen Donauschwabenstraße und Zehntwaldstraße", "tagesbaustelle": null, "verursacher": "Tiefbauamt", "zusatzinfo": "Aufteilung nicht vorgenommen", "sperrung": "mit Vollsperrung", "projektnummer": 51233, "vorgangsnummer": "2025V5157", "datenquelle": "Stadt Karlsruhe", "stand": "2025-09-08T22:00:00Z", "index_right": 48.0, "Stadtteil_Nummer": "263", "Stadtteil": "Kirchfeld" }, "geometry": { "type": "Polygon", "coordinates": [ [ [ 456080.325164639973082, 5433223.56460046954453 ], [ 456086.100993640022352, 5433222.843430469743907 ], [ 456090.062217629980296, 5433254.164901450276375 ], [ 456081.41634564002743, 5433255.389441450126469 ], [ 456066.430336649995297, 5433256.120725450105965 ], [ 456040.897536669974215, 5433257.672425449825823 ], [ 456017.193736689980142, 5433258.215225449763238 ], [ 455992.61043671000516, 5433257.806425450369716 ], [ 455964.827036740025505, 5433256.729525449685752 ], [ 455939.517426759994123, 5433254.752311450429261 ], [ 455902.277327789983246, 5433250.986181450076401 ], [ 455891.744561799976509, 5433250.228955449536443 ], [ 455889.706209799973294, 5433251.58178944978863 ], [ 455886.277656799997203, 5433248.798488450236619 ], [ 455887.170513799996115, 5433245.941345449537039 ], [ 455888.688370799995027, 5433244.155631450004876 ], [ 455892.158075799990911, 5433243.763099449686706 ], [ 455895.109936800028663, 5433245.840325449593365 ], [ 455916.630619779985864, 5433248.123596450313926 ], [ 455942.172482759982813, 5433250.833501449786127 ], [ 455972.701036730024498, 5433252.872625449672341 ], [ 456006.719236699980684, 5433253.933625450357795 ], [ 456034.933536680007819, 5433253.698625450022519 ], [ 456079.079736639978364, 5433251.023525450378656 ], [ 456081.667086640023626, 5433250.135154450312257 ], [ 456082.763272640004288, 5433248.796669449657202 ], [ 456083.20823664002819, 5433247.12482544966042 ], [ 456080.325164639973082, 5433223.56460046954453 ] ] ] } },
{ "type": "Feature", "properties": { "type": "FeatureCollection", "totalFeatures": 270, "numberMatched": 270, "numberReturned": 270, "timeStamp": "2025-10-06T14:15:33.080Z", "crs_type": "name", "crs_properties_name": "urn:ogc:def:crs:EPSG::25832", "feature_type": "Feature", "feature_id": "baustellen_vorschau.102310153", "geometry_name": "geom", "geometry_type": "Point", "geometry_coordinates": [ 456002.80346071, 5433255.89207145 ], "geometry_x": 456002.80346070998, "geometry_y": 5433255.8920714501, "id": 102310153, "gemeinde": "Karlsruhe", "vorgangszeitraum_von": "2025-11-02T23:00:00Z", "vorgangszeitraum_bis": "2026-05-29T21:59:59Z", "art": "Kanalbau", "lage": "Lärchenweg zwischen Donauschwabenstraße und Zehntwaldstraße", "tagesbaustelle": null, "verursacher": "Tiefbauamt", "zusatzinfo": "Aufteilung nicht vorgenommen", "sperrung": "mit Vollsperrung", "projektnummer": 51233, "vorgangsnummer": "2025V5157", "datenquelle": "Stadt Karlsruhe", "stand": "2025-09-08T22:00:00Z", "index_right": 48.0, "Stadtteil_Nummer": "263", "Stadtteil": "Kirchfeld" }, "geometry": { "type": "Point", "coordinates": [ 456002.803460709983483, 5433255.892071450129151 ] } },
{ "type": "Feature", "properties": { "type": "FeatureCollection", "totalFeatures": 270, "numberMatched": 270, "numberReturned": 270, "timeStamp": "2025-10-06T14:15:33.080Z", "crs_type": "name", "crs_properties_name": "urn:ogc:def:crs:EPSG::25832", "feature_type": "Feature", "feature_id": "baustellen_vorschau.102310515", "geometry_name": "geom", "geometry_type": "Polygon", "geometry_coordinates": [ [ [ 455666.71427995, 5427609.05300879 ], [ 455666.14735095, 5427601.1160088 ], [ 455662.51900895, 5427598.2813658 ], [ 455661.04499395, 5427586.1490948 ], [ 455659.91113695, 5427584.6750808 ], [ 455607.98048, 5427588.8703518 ], [ 455574.53169402, 5427591.3648378 ], [ 455553.32856604, 5427592.4986948 ], [ 455553.32856604, 5427591.8183808 ], [ 455626.12219398, 5427586.0357088 ], [ 455659.91113695, 5427583.42783781 ], [ 455657.87019395, 5427561.31762382 ], [ 455659.57097995, 5427561.31762382 ], [ 455661.49853695, 5427583.65460881 ], [ 455662.63239395, 5427586.9427948 ], [ 455663.99302295, 5427597.7144378 ], [ 455666.14735095, 5427599.4152238 ], [ 455667.50797995, 5427600.7758518 ], [ 455667.73475095, 5427609.27978079 ], [ 455666.71427995, 5427609.05300879 ] ] ], "geometry_x": null, "geometry_y": null, "id": 102310515, "gemeinde": "Karlsruhe", "vorgangszeitraum_von": "2025-10-13T22:00:00Z", "vorgangszeitraum_bis": "2025-11-13T22:59:59Z", "art": "Strom bzw. TK-Versorgung", "lage": "Vorholzstraße zw. Hirschstraße und Karlstraße", "tagesbaustelle": null, "verursacher": "Stadtwerke Karlsruhe", "zusatzinfo": "Aufteilung nicht vorgenommen", "sperrung": "mit Verkehrsbehinderung", "projektnummer": 52948, "vorgangsnummer": "2025V5200", "datenquelle": "Stadt Karlsruhe", "stand": "2025-09-11T22:00:00Z", "index_right": 6.0, "Stadtteil_Nummer": "042", "Stadtteil": "Mittlerer Teil" }, "geometry": { "type": "Polygon", "coordinates": [ [ [ 455666.714279950014316, 5427609.053008790127933 ], [ 455666.14735094999196, 5427601.116008800454438 ], [ 455662.519008949981071, 5427598.281365799717605 ], [ 455661.044993949995842, 5427586.149094800464809 ], [ 455659.911136950016953, 5427584.675080800428987 ], [ 455607.980480000027455, 5427588.870351799763739 ], [ 455574.531694020028226, 5427591.3648378001526 ], [ 455553.328566040028818, 5427592.49869479984045 ], [ 455553.328566040028818, 5427591.818380800075829 ], [ 455626.122193979972508, 5427586.035708799958229 ], [ 455659.911136950016953, 5427583.427837809547782 ], [ 455657.870193950016983, 5427561.317623820155859 ], [ 455659.570979950018227, 5427561.317623820155859 ], [ 455661.498536949977279, 5427583.654608810320497 ], [ 455662.632393950014375, 5427586.942794799804688 ], [ 455663.993022950016893, 5427597.714437800459564 ], [ 455666.14735094999196, 5427599.415223799645901 ], [ 455667.507979949994478, 5427600.775851800106466 ], [ 455667.734750950010493, 5427609.27978079020977 ], [ 455666.714279950014316, 5427609.053008790127933 ] ] ] } },
{ "type": "Feature", "properties": { "type": "FeatureCollection", "totalFeatures": 270, "numberMatched": 270, "numberReturned": 270, "timeStamp": "2025-10-06T14:15:33.080Z", "crs_type": "name", "crs_properties_name": "urn:ogc:def:crs:EPSG::25832", "feature_type": "Feature", "feature_id": "baustellen_vorschau.102310516", "geometry_name": "geom", "geometry_type": "Point", "geometry_coordinates": [ 455628.11734998, 5427586.6876928 ], "geometry_x": 455628.11734997999, "geometry_y": 5427586.6876927996, "id": 102310516, "gemeinde": "Karlsruhe", "vorgangszeitraum_von": "2025-10-13T22:00:00Z", "vorgangszeitraum_bis": "2025-11-13T22:59:59Z", "art": "Strom bzw. TK-Versorgung", "lage": "Vorholzstraße zw. Hirschstraße und Karlstraße", "tagesbaustelle": null, "verursacher": "Stadtwerke Karlsruhe", "zusatzinfo": "Aufteilung nicht vorgenommen", "sperrung": "mit Verkehrsbehinderung", "projektnummer": 52948, "vorgangsnummer": "2025V5200", "datenquelle": "Stadt Karlsruhe", "stand": "2025-09-11T22:00:00Z", "index_right": 6.0, "Stadtteil_Nummer": "042", "Stadtteil": "Mittlerer Teil" }, "geometry": { "type": "Point", "coordinates": [ 455628.117349979991559, 5427586.687692799605429 ] } },
{ "type": "Feature", "properties": { "type": "FeatureCollection", "totalFeatures": 270, "numberMatched": 270, "numberReturned": 270, "timeStamp": "2025-10-06T14:15:33.080Z", "crs_type": "name", "crs_properties_name": "urn:ogc:def:crs:EPSG::25832", "feature_type": "Feature", "feature_id": "baustellen_vorschau.102310545", "geometry_name": "geom", "geometry_type": "Polygon", "geometry_coordinates": [ [ [ 455516.72626108, 5428748.68475312 ], [ 455512.86911808, 5428697.68475315 ], [ 455520.72626108, 5428696.82761115 ], [ 455525.29768907, 5428748.11332512 ], [ 455516.72626108, 5428748.68475312 ] ] ], "geometry_x": null, "geometry_y": null, "id": 102310545, "gemeinde": "Karlsruhe", "vorgangszeitraum_von": "2026-03-01T23:00:00Z", "vorgangszeitraum_bis": "2026-04-04T21:59:59Z", "art": "Fernwärmeversorgung", "lage": "Hirschstraße zw. Kaiserstraße und Amalienstraße", "tagesbaustelle": null, "verursacher": "Stadtwerke Karlsruhe", "zusatzinfo": null, "sperrung": "mit Vollsperrung", "projektnummer": 22993, "vorgangsnummer": "2025V5209", "datenquelle": "Stadt Karlsruhe", "stand": "2025-09-11T22:00:00Z", "index_right": 43.0, "Stadtteil_Nummer": "022", "Stadtteil": "Westlicher Teil" }, "geometry": { "type": "Polygon", "coordinates": [ [ [ 455516.726261080009863, 5428748.684753119945526 ], [ 455512.869118080008775, 5428697.684753149747849 ], [ 455520.726261080009863, 5428696.827611150220037 ], [ 455525.297689069993794, 5428748.113325119949877 ], [ 455516.726261080009863, 5428748.684753119945526 ] ] ] } },
{ "type": "Feature", "properties": { "type": "FeatureCollection", "totalFeatures": 270, "numberMatched": 270, "numberReturned": 270, "timeStamp": "2025-10-06T14:15:33.080Z", "crs_type": "name", "crs_properties_name": "urn:ogc:def:crs:EPSG::25832", "feature_type": "Feature", "feature_id": "baustellen_vorschau.102310546", "geometry_name": "geom", "geometry_type": "Point", "geometry_coordinates": [ 455518.93877608, 5428723.18304413 ], "geometry_x": 455518.93877607997, "geometry_y": 5428723.18304413, "id": 102310546, "gemeinde": "Karlsruhe", "vorgangszeitraum_von": "2026-03-01T23:00:00Z", "vorgangszeitraum_bis": "2026-04-04T21:59:59Z", "art": "Fernwärmeversorgung", "lage": "Hirschstraße zw. Kaiserstraße und Amalienstraße", "tagesbaustelle": null, "verursacher": "Stadtwerke Karlsruhe", "zusatzinfo": null, "sperrung": "mit Vollsperrung", "projektnummer": 22993, "vorgangsnummer": "2025V5209", "datenquelle": "Stadt Karlsruhe", "stand": "2025-09-11T22:00:00Z", "index_right": 43.0, "Stadtteil_Nummer": "022", "Stadtteil": "Westlicher Teil" }, "geometry": { "type": "Point", "coordinates": [ 455518.93877607997274, 5428723.183044129982591 ] } },
{ "type": "Feature", "properties": { "type": "FeatureCollection", "totalFeatures": 270, "numberMatched": 270, "numberReturned": 270, "timeStamp": "2025-10-06T14:15:33.080Z", "crs_type": "name", "crs_properties_name": "urn:ogc:def:crs:EPSG::25832", "feature_type": "Feature", "feature_id": "baustellen_vorschau.102310547", "geometry_name": "geom", "geometry_type": "Polygon", "geometry_coordinates": [ [ [ 455503.88445809, 5428757.24888811 ], [ 455516.39366408, 5428756.07896211 ], [ 455516.75364108, 5428755.35900812 ], [ 455517.11361808, 5428754.45906512 ], [ 455517.20361308, 5428749.41938512 ], [ 455525.75307007, 5428748.69943112 ], [ 455526.56301807, 5428754.54905912 ], [ 455529.08285807, 5428755.35900812 ], [ 455534.12253807, 5428755.08902512 ], [ 455534.21253307, 5428758.50880811 ], [ 455530.97273807, 5428761.38862511 ], [ 455510.00407009, 5428762.91852811 ], [ 455503.88445809, 5428757.24888811 ] ] ], "geometry_x": null, "geometry_y": null, "id": 102310547, "gemeinde": "Karlsruhe", "vorgangszeitraum_von": "2026-03-01T23:00:00Z", "vorgangszeitraum_bis": "2026-04-04T21:59:59Z", "art": "Fernwärmeversorgung", "lage": "Hirschstraße zw. Kaiserstraße und Amalienstraße", "tagesbaustelle": null, "verursacher": "Stadtwerke Karlsruhe", "zusatzinfo": "Kaiserstraße Höhe Hirschstraße = Engstelle", "sperrung": "mit Vollsperrung", "projektnummer": 22993, "vorgangsnummer": "2025V5208", "datenquelle": "Stadt Karlsruhe", "stand": "2025-09-11T22:00:00Z", "index_right": 43.0, "Stadtteil_Nummer": "022", "Stadtteil": "Westlicher Teil" }, "geometry": { "type": "Polygon", "coordinates": [ [ [ 455503.884458090004046, 5428757.24888810981065 ], [ 455516.39366408000933, 5428756.078962109982967 ], [ 455516.75364107999485, 5428755.359008120372891 ], [ 455517.11361807998037, 5428754.459065119735897 ], [ 455517.203613080026116, 5428749.419385120272636 ], [ 455525.753070070000831, 5428748.699431120418012 ], [ 455526.563018070010003, 5428754.549059120006859 ], [ 455529.082858069974463, 5428755.359008120372891 ], [ 455534.1225380700198, 5428755.089025120250881 ], [ 455534.212533070007339, 5428758.508808109909296 ], [ 455530.972738070006017, 5428761.388625109568238 ], [ 455510.004070090013556, 5428762.918528109788895 ], [ 455503.884458090004046, 5428757.24888810981065 ] ] ] } },
{ "type": "Feature", "properties": { "type": "FeatureCollection", "totalFeatures": 270, "numberMatched": 270, "numberReturned": 270, "timeStamp": "2025-10-06T14:15:33.080Z", "crs_type": "name", "crs_properties_name": "urn:ogc:def:crs:EPSG::25832", "feature_type": "Feature", "feature_id": "baustellen_vorschau.102310548", "geometry_name": "geom", "geometry_type": "Point", "geometry_coordinates": [ 455520.56957308, 5428757.14559212 ], "geometry_x": 455520.56957307999, "geometry_y": 5428757.1455921195, "id": 102310548, "gemeinde": "Karlsruhe", "vorgangszeitraum_von": "2026-03-01T23:00:00Z", "vorgangszeitraum_bis": "2026-04-04T21:59:59Z", "art": "Fernwärmeversorgung", "lage": "Hirschstraße zw. Kaiserstraße und Amalienstraße", "tagesbaustelle": null, "verursacher": "Stadtwerke Karlsruhe", "zusatzinfo": "Kaiserstraße Höhe Hirschstraße = Engstelle", "sperrung": "mit Vollsperrung", "projektnummer": 22993, "vorgangsnummer": "2025V5208", "datenquelle": "Stadt Karlsruhe", "stand": "2025-09-11T22:00:00Z", "index_right": 43.0, "Stadtteil_Nummer": "022", "Stadtteil": "Westlicher Teil" }, "geometry": { "type": "Point", "coordinates": [ 455520.569573079992551, 5428757.145592119544744 ] } },
{ "type": "Feature", "properties": { "type": "FeatureCollection", "totalFeatures": 270, "numberMatched": 270, "numberReturned": 270, "timeStamp": "2025-10-06T14:15:33.080Z", "crs_type": "name", "crs_properties_name": "urn:ogc:def:crs:EPSG::25832", "feature_type": "Feature", "feature_id": "baustellen_vorschau.102310557", "geometry_name": "geom", "geometry_type": "Polygon", "geometry_coordinates": [ [ [ 450112.98941558, 5428640.7221182 ], [ 450119.91603258, 5428639.6087502 ], [ 450125.77746157, 5428680.06514118 ], [ 450118.81891358, 5428681.09022018 ], [ 450112.98941558, 5428640.7221182 ] ] ], "geometry_x": null, "geometry_y": null, "id": 102310557, "gemeinde": "Karlsruhe", "vorgangszeitraum_von": "2025-10-14T22:00:00Z", "vorgangszeitraum_bis": "2025-10-17T21:59:59Z", "art": "Kraneinsatz", "lage": "Hohleichweg zw. Industriestraße und August-Kutterer-Straße", "tagesbaustelle": null, "verursacher": "Privat", "zusatzinfo": null, "sperrung": "mit Vollsperrung", "projektnummer": 52852, "vorgangsnummer": "2025V5212", "datenquelle": "Stadt Karlsruhe", "stand": "2025-09-14T22:00:00Z", "index_right": 42.0, "Stadtteil_Nummer": "091", "Stadtteil": "Alt-Daxlanden" }, "geometry": { "type": "Polygon", "coordinates": [ [ [ 450112.989415579999331, 5428640.722118199802935 ], [ 450119.916032580018509, 5428639.608750199899077 ], [ 450125.7774615699891, 5428680.065141179598868 ], [ 450118.818913579976652, 5428681.090220180340111 ], [ 450112.989415579999331, 5428640.722118199802935 ] ] ] } },
{ "type": "Feature", "properties": { "type": "FeatureCollection", "totalFeatures": 270, "numberMatched": 270, "numberReturned": 270, "timeStamp": "2025-10-06T14:15:33.080Z", "crs_type": "name", "crs_properties_name": "urn:ogc:def:crs:EPSG::25832", "feature_type": "Feature", "feature_id": "baustellen_vorschau.102310558", "geometry_name": "geom", "geometry_type": "Point", "geometry_coordinates": [ 450119.37807658, 5428660.38044819 ], "geometry_x": 450119.37807658, "geometry_y": 5428660.3804481896, "id": 102310558, "gemeinde": "Karlsruhe", "vorgangszeitraum_von": "2025-10-14T22:00:00Z", "vorgangszeitraum_bis": "2025-10-17T21:59:59Z", "art": "Kraneinsatz", "lage": "Hohleichweg zw. Industriestraße und August-Kutterer-Straße", "tagesbaustelle": null, "verursacher": "Privat", "zusatzinfo": null, "sperrung": "mit Vollsperrung", "projektnummer": 52852, "vorgangsnummer": "2025V5212", "datenquelle": "Stadt Karlsruhe", "stand": "2025-09-14T22:00:00Z", "index_right": 42.0, "Stadtteil_Nummer": "091", "Stadtteil": "Alt-Daxlanden" }, "geometry": { "type": "Point", "coordinates": [ 450119.378076580003835, 5428660.380448189564049 ] } },
{ "type": "Feature", "properties": { "type": "FeatureCollection", "totalFeatures": 270, "numberMatched": 270, "numberReturned": 270, "timeStamp": "2025-10-06T14:15:33.080Z", "crs_type": "name", "crs_properties_name": "urn:ogc:def:crs:EPSG::25832", "feature_type": "Feature", "feature_id": "baustellen_vorschau.102310612", "geometry_name": "geom", "geometry_type": "MultiPolygon", "geometry_coordinates": [ [ [ [ 455203.08483734, 5428616.0603282 ], [ 455356.65623721, 5428606.2031282 ], [ 455357.37053721, 5428610.0603282 ], [ 455203.37053734, 5428620.9174282 ], [ 455203.08483734, 5428616.0603282 ] ] ], [ [ [ 455286.79903727, 5428606.48882821 ], [ 455286.94193727, 5428603.34602821 ], [ 455295.51333726, 5428602.20312821 ], [ 455295.79903726, 5428605.7745282 ], [ 455286.79903727, 5428606.48882821 ] ] ], [ [ [ 455308.29903725, 5428601.48882821 ], [ 455316.87053725, 5428600.34602821 ], [ 455316.58483725, 5428604.06032821 ], [ 455308.29903725, 5428604.7745282 ], [ 455308.29903725, 5428601.48882821 ] ] ] ], "geometry_x": null, "geometry_y": null, "id": 102310612, "gemeinde": "Karlsruhe", "vorgangszeitraum_von": "2026-09-18T22:00:00Z", "vorgangszeitraum_bis": "2026-10-10T21:59:59Z", "art": "Fernwärmeversorgung", "lage": "Belfortstraße zw. Leopoldstraße und Reinhold-Frank-Straße", "tagesbaustelle": null, "verursacher": "Stadtwerke Karlsruhe", "zusatzinfo": "Restarbeiten", "sperrung": "mit Verkehrsbehinderung", "projektnummer": 40847, "vorgangsnummer": "2025V5175", "datenquelle": "Stadt Karlsruhe", "stand": "2025-09-11T22:00:00Z", "index_right": 43.0, "Stadtteil_Nummer": "022", "Stadtteil": "Westlicher Teil" }, "geometry": { "type": "MultiPolygon", "coordinates": [ [ [ [ 455203.084837339993101, 5428616.06032820045948 ], [ 455356.65623720997246, 5428606.203128200024366 ], [ 455357.370537210023031, 5428610.06032820045948 ], [ 455203.370537340000737, 5428620.917428200133145 ], [ 455203.084837339993101, 5428616.06032820045948 ] ] ], [ [ [ 455286.799037270015106, 5428606.488828210160136 ], [ 455286.941937269992195, 5428603.346028209663928 ], [ 455295.513337259995751, 5428602.203128210268915 ], [ 455295.799037260003388, 5428605.774528199806809 ], [ 455286.799037270015106, 5428606.488828210160136 ] ] ], [ [ [ 455308.29903724999167, 5428601.488828210160136 ], [ 455316.870537250011694, 5428600.346028209663928 ], [ 455316.584837250004057, 5428604.060328209772706 ], [ 455308.29903724999167, 5428604.774528199806809 ], [ 455308.29903724999167, 5428601.488828210160136 ] ] ] ] } },
{ "type": "Feature", "properties": { "type": "FeatureCollection", "totalFeatures": 270, "numberMatched": 270, "numberReturned": 270, "timeStamp": "2025-10-06T14:15:33.080Z", "crs_type": "name", "crs_properties_name": "urn:ogc:def:crs:EPSG::25832", "feature_type": "Feature", "feature_id": "baustellen_vorschau.102310613", "geometry_name": "geom", "geometry_type": "Point", "geometry_coordinates": [ 455279.26577728, 5428612.7040502 ], "geometry_x": 455279.26577727997, "geometry_y": 5428612.7040502001, "id": 102310613, "gemeinde": "Karlsruhe", "vorgangszeitraum_von": "2026-09-18T22:00:00Z", "vorgangszeitraum_bis": "2026-10-10T21:59:59Z", "art": "Fernwärmeversorgung", "lage": "Belfortstraße zw. Leopoldstraße und Reinhold-Frank-Straße", "tagesbaustelle": null, "verursacher": "Stadtwerke Karlsruhe", "zusatzinfo": "Restarbeiten", "sperrung": "mit Verkehrsbehinderung", "projektnummer": 40847, "vorgangsnummer": "2025V5175", "datenquelle": "Stadt Karlsruhe", "stand": "2025-09-11T22:00:00Z", "index_right": 43.0, "Stadtteil_Nummer": "022", "Stadtteil": "Westlicher Teil" }, "geometry": { "type": "Point", "coordinates": [ 455279.265777279972099, 5428612.70405020006001 ] } },
{ "type": "Feature", "properties": { "type": "FeatureCollection", "totalFeatures": 270, "numberMatched": 270, "numberReturned": 270, "timeStamp": "2025-10-06T14:15:33.080Z", "crs_type": "name", "crs_properties_name": "urn:ogc:def:crs:EPSG::25832", "feature_type": "Feature", "feature_id": "baustellen_vorschau.102310673", "geometry_name": "geom", "geometry_type": "Polygon", "geometry_coordinates": [ [ [ 454632.79630482, 5428737.75945613 ], [ 454614.29071483, 5428551.06890624 ], [ 454621.40183782, 5428550.24242824 ], [ 454641.53657681, 5428736.76035613 ], [ 454632.79630482, 5428737.75945613 ] ] ], "geometry_x": null, "geometry_y": null, "id": 102310673, "gemeinde": "Karlsruhe", "vorgangszeitraum_von": "2026-03-12T23:00:00Z", "vorgangszeitraum_bis": "2026-04-13T21:59:59Z", "art": "Gleisbau", "lage": "Schillerstraße zw. Kaiserallee u. Sophienstraße", "tagesbaustelle": null, "verursacher": "Verkehrsbetriebe Karlsruhe", "zusatzinfo": null, "sperrung": "mit Vollsperrung", "projektnummer": 52655, "vorgangsnummer": "2025V5222", "datenquelle": "Stadt Karlsruhe", "stand": "2025-09-14T22:00:00Z", "index_right": 34.0, "Stadtteil_Nummer": "052", "Stadtteil": "Südlicher Teil" }, "geometry": { "type": "Polygon", "coordinates": [ [ [ 454632.796304819989018, 5428737.759456129744649 ], [ 454614.290714829985518, 5428551.068906240165234 ], [ 454621.401837820012588, 5428550.24242824036628 ], [ 454641.536576810001861, 5428736.760356130078435 ], [ 454632.796304819989018, 5428737.759456129744649 ] ] ] } },
{ "type": "Feature", "properties": { "type": "FeatureCollection", "totalFeatures": 270, "numberMatched": 270, "numberReturned": 270, "timeStamp": "2025-10-06T14:15:33.080Z", "crs_type": "name", "crs_properties_name": "urn:ogc:def:crs:EPSG::25832", "feature_type": "Feature", "feature_id": "baustellen_vorschau.102310709", "geometry_name": "geom", "geometry_type": "Point", "geometry_coordinates": [ 454627.83704182, 5428647.15118618 ], "geometry_x": 454627.83704181999, "geometry_y": 5428647.1511861803, "id": 102310709, "gemeinde": "Karlsruhe", "vorgangszeitraum_von": "2026-03-12T23:00:00Z", "vorgangszeitraum_bis": "2026-04-13T21:59:59Z", "art": "Gleisbau", "lage": "Schillerstraße zw. Kaiserallee u. Sophienstraße", "tagesbaustelle": null, "verursacher": "Verkehrsbetriebe Karlsruhe", "zusatzinfo": null, "sperrung": "mit Vollsperrung", "projektnummer": 52655, "vorgangsnummer": "2025V5222", "datenquelle": "Stadt Karlsruhe", "stand": "2025-09-14T22:00:00Z", "index_right": 34.0, "Stadtteil_Nummer": "052", "Stadtteil": "Südlicher Teil" }, "geometry": { "type": "Point", "coordinates": [ 454627.83704181999201, 5428647.151186180301011 ] } },
{ "type": "Feature", "properties": { "type": "FeatureCollection", "totalFeatures": 270, "numberMatched": 270, "numberReturned": 270, "timeStamp": "2025-10-06T14:15:33.080Z", "crs_type": "name", "crs_properties_name": "urn:ogc:def:crs:EPSG::25832", "feature_type": "Feature", "feature_id": "baustellen_vorschau.102310754", "geometry_name": "geom", "geometry_type": "Polygon", "geometry_coordinates": [ [ [ 453147.65589905, 5428769.64249511 ], [ 453139.75979806, 5428763.36929112 ], [ 453210.378071, 5428688.99649116 ], [ 453216.192315, 5428694.38972516 ], [ 453147.65589905, 5428769.64249511 ] ] ], "geometry_x": null, "geometry_y": null, "id": 102310754, "gemeinde": "Karlsruhe", "vorgangszeitraum_von": "2026-04-12T22:00:00Z", "vorgangszeitraum_bis": "2026-05-10T21:59:59Z", "art": "Gleisbau", "lage": "B 10 Südtangente AS 6 Abfahrt von Osten zur B 36 Lameystraße, Michelinstraße u. Mühlburg Rheinstraße", "tagesbaustelle": null, "verursacher": "Verkehrsbetriebe Karlsruhe", "zusatzinfo": null, "sperrung": "mit Sperrung in eine Fahrtrichtung", "projektnummer": 46474, "vorgangsnummer": "2025V5234", "datenquelle": "Stadt Karlsruhe", "stand": "2025-09-14T22:00:00Z", "index_right": 25.0, "Stadtteil_Nummer": "084", "Stadtteil": "Mühlburger Feld" }, "geometry": { "type": "Polygon", "coordinates": [ [ [ 453147.655899050005246, 5428769.642495109699667 ], [ 453139.759798059996683, 5428763.3692911202088 ], [ 453210.378070999984629, 5428688.99649116024375 ], [ 453216.192315, 5428694.389725159853697 ], [ 453147.655899050005246, 5428769.642495109699667 ] ] ] } },
{ "type": "Feature", "properties": { "type": "FeatureCollection", "totalFeatures": 270, "numberMatched": 270, "numberReturned": 270, "timeStamp": "2025-10-06T14:15:33.080Z", "crs_type": "name", "crs_properties_name": "urn:ogc:def:crs:EPSG::25832", "feature_type": "Feature", "feature_id": "baustellen_vorschau.102310755", "geometry_name": "geom", "geometry_type": "Point", "geometry_coordinates": [ 453177.12336303, 5428730.56866314 ], "geometry_x": 453177.12336303003, "geometry_y": 5428730.5686631398, "id": 102310755, "gemeinde": "Karlsruhe", "vorgangszeitraum_von": "2026-04-12T22:00:00Z", "vorgangszeitraum_bis": "2026-05-10T21:59:59Z", "art": "Gleisbau", "lage": "B 10 Südtangente AS 6 Abfahrt von Osten zur B 36 Lameystraße, Michelinstraße u. Mühlburg Rheinstraße", "tagesbaustelle": null, "verursacher": "Verkehrsbetriebe Karlsruhe", "zusatzinfo": null, "sperrung": "mit Sperrung in eine Fahrtrichtung", "projektnummer": 46474, "vorgangsnummer": "2025V5234", "datenquelle": "Stadt Karlsruhe", "stand": "2025-09-14T22:00:00Z", "index_right": 25.0, "Stadtteil_Nummer": "084", "Stadtteil": "Mühlburger Feld" }, "geometry": { "type": "Point", "coordinates": [ 453177.123363030026667, 5428730.568663139827549 ] } },
{ "type": "Feature", "properties": { "type": "FeatureCollection", "totalFeatures": 270, "numberMatched": 270, "numberReturned": 270, "timeStamp": "2025-10-06T14:15:33.080Z", "crs_type": "name", "crs_properties_name": "urn:ogc:def:crs:EPSG::25832", "feature_type": "Feature", "feature_id": "baustellen_vorschau.102310762", "geometry_name": "geom", "geometry_type": "Polygon", "geometry_coordinates": [ [ [ 453186.48183902, 5428607.40382821 ], [ 453194.69034201, 5428600.46235022 ], [ 453206.106358, 5428591.24207722 ], [ 453242.26177097, 5428566.46235024 ], [ 453254.91193896, 5428561.40312824 ], [ 453241.04153898, 5428572.49712823 ], [ 453217.82483899, 5428588.90292822 ], [ 453208.555239, 5428595.55272822 ], [ 453203.20093901, 5428600.44182822 ], [ 453194.16893901, 5428611.05732821 ], [ 453186.48183902, 5428607.40382821 ] ] ], "geometry_x": null, "geometry_y": null, "id": 102310762, "gemeinde": "Karlsruhe", "vorgangszeitraum_von": "2026-04-12T22:00:00Z", "vorgangszeitraum_bis": "2026-05-10T21:59:59Z", "art": "Gleisbau", "lage": "B 10 Südtangente AS 6 Abfahrt von Osten zur B 36 Lameystraße, Michelinstraße u. Mühlburg Rheinstraße", "tagesbaustelle": null, "verursacher": "Verkehrsbetriebe Karlsruhe", "zusatzinfo": null, "sperrung": "mit Sperrung in eine Fahrtrichtung", "projektnummer": 46474, "vorgangsnummer": "2025V5234", "datenquelle": "Stadt Karlsruhe", "stand": "2025-09-14T22:00:00Z", "index_right": 25.0, "Stadtteil_Nummer": "084", "Stadtteil": "Mühlburger Feld" }, "geometry": { "type": "Polygon", "coordinates": [ [ [ 453186.481839019979816, 5428607.403828210197389 ], [ 453194.690342009998858, 5428600.462350220419466 ], [ 453206.1063580000191, 5428591.242077220231295 ], [ 453242.261770970013458, 5428566.462350239977241 ], [ 453254.91193896002369, 5428561.403128240257502 ], [ 453241.041538979974575, 5428572.49712822958827 ], [ 453217.824838989996351, 5428588.902928220108151 ], [ 453208.555239, 5428595.552728219889104 ], [ 453203.200939010013826, 5428600.441828220151365 ], [ 453194.168939010007307, 5428611.05732821021229 ], [ 453186.481839019979816, 5428607.403828210197389 ] ] ] } },
{ "type": "Feature", "properties": { "type": "FeatureCollection", "totalFeatures": 270, "numberMatched": 270, "numberReturned": 270, "timeStamp": "2025-10-06T14:15:33.080Z", "crs_type": "name", "crs_properties_name": "urn:ogc:def:crs:EPSG::25832", "feature_type": "Feature", "feature_id": "baustellen_vorschau.102310763", "geometry_name": "geom", "geometry_type": "Point", "geometry_coordinates": [ 453215.992547, 5428588.08656622 ], "geometry_x": 453215.992547, "geometry_y": 5428588.08656622, "id": 102310763, "gemeinde": "Karlsruhe", "vorgangszeitraum_von": "2026-04-12T22:00:00Z", "vorgangszeitraum_bis": "2026-05-10T21:59:59Z", "art": "Gleisbau", "lage": "B 10 Südtangente AS 6 Abfahrt von Osten zur B 36 Lameystraße, Michelinstraße u. Mühlburg Rheinstraße", "tagesbaustelle": null, "verursacher": "Verkehrsbetriebe Karlsruhe", "zusatzinfo": null, "sperrung": "mit Sperrung in eine Fahrtrichtung", "projektnummer": 46474, "vorgangsnummer": "2025V5234", "datenquelle": "Stadt Karlsruhe", "stand": "2025-09-14T22:00:00Z", "index_right": 25.0, "Stadtteil_Nummer": "084", "Stadtteil": "Mühlburger Feld" }, "geometry": { "type": "Point", "coordinates": [ 453215.992547, 5428588.086566220037639 ] } },
{ "type": "Feature", "properties": { "type": "FeatureCollection", "totalFeatures": 270, "numberMatched": 270, "numberReturned": 270, "timeStamp": "2025-10-06T14:15:33.080Z", "crs_type": "name", "crs_properties_name": "urn:ogc:def:crs:EPSG::25832", "feature_type": "Feature", "feature_id": "baustellen_vorschau.102310771", "geometry_name": "geom", "geometry_type": "Polygon", "geometry_coordinates": [ [ [ 453190.43943902, 5428857.24992806 ], [ 453201.69753901, 5428868.26272806 ], [ 453190.54173902, 5428881.58462805 ], [ 453181.64955403, 5428876.53094405 ], [ 453164.72098204, 5428860.74523006 ], [ 453143.72098206, 5428845.17380207 ], [ 453128.72098207, 5428834.60237308 ], [ 453120.62963808, 5428831.36670008 ], [ 453113.29058908, 5428829.34790908 ], [ 453107.35061509, 5428828.77633408 ], [ 453099.98043909, 5428829.13772808 ], [ 453097.0781251, 5428830.17380208 ], [ 453092.8638391, 5428832.81665908 ], [ 453078.59338811, 5428844.55055707 ], [ 453046.74747214, 5428877.57244805 ], [ 453014.28661117, 5428911.29240603 ], [ 452989.43526819, 5428935.88808702 ], [ 452978.0988012, 5428924.12393303 ], [ 453003.62406918, 5428898.29592304 ], [ 453027.79126416, 5428872.88349706 ], [ 453061.86383913, 5428837.45951607 ], [ 453089.4430661, 5428810.00710909 ], [ 453101.09431509, 5428801.7890941 ], [ 453105.00669709, 5428799.8166591 ], [ 453110.25254609, 5428798.7109371 ], [ 453118.93526808, 5428798.2452301 ], [ 453127.88173907, 5428798.1210281 ], [ 453133.29241107, 5428798.6023731 ], [ 453148.33131305, 5428812.03338109 ], [ 453187.00669702, 5428849.60237307 ], [ 453190.43943902, 5428857.24992806 ] ] ], "geometry_x": null, "geometry_y": null, "id": 102310771, "gemeinde": "Karlsruhe", "vorgangszeitraum_von": "2026-05-10T22:00:00Z", "vorgangszeitraum_bis": "2026-06-19T21:59:59Z", "art": "Gleisbau", "lage": "Rheinstraße zw. Rheinstraße u. B 36 Michelinstraße, B 10 Südtangente AS 6 von Osten kommend zur B 36 Lameystraße", "tagesbaustelle": null, "verursacher": "Verkehrsbetriebe Karlsruhe", "zusatzinfo": null, "sperrung": "mit Sperrung in eine Fahrtrichtung", "projektnummer": 46474, "vorgangsnummer": "2025V5235", "datenquelle": "Stadt Karlsruhe", "stand": "2025-09-14T22:00:00Z", "index_right": null, "Stadtteil_Nummer": null, "Stadtteil": null }, "geometry": { "type": "Polygon", "coordinates": [ [ [ 453190.439439020003192, 5428857.249928059987724 ], [ 453201.697539010026958, 5428868.262728059664369 ], [ 453190.541739019972738, 5428881.584628050215542 ], [ 453181.649554029980209, 5428876.53094405028969 ], [ 453164.720982039987575, 5428860.745230060070753 ], [ 453143.720982060011011, 5428845.173802070319653 ], [ 453128.720982070022728, 5428834.602373080328107 ], [ 453120.629638080019504, 5428831.366700080223382 ], [ 453113.290589080017526, 5428829.347909079864621 ], [ 453107.350615089992061, 5428828.776334079913795 ], [ 453099.980439089995343, 5428829.137728080153465 ], [ 453097.078125100000761, 5428830.173802079632878 ], [ 453092.863839099998586, 5428832.816659079864621 ], [ 453078.593388109991793, 5428844.550557070411742 ], [ 453046.747472140006721, 5428877.572448049671948 ], [ 453014.286611169984099, 5428911.292406029999256 ], [ 452989.435268189990893, 5428935.888087020255625 ], [ 452978.098801199987065, 5428924.123933030292392 ], [ 453003.624069179990329, 5428898.295923040248454 ], [ 453027.791264160012361, 5428872.883497060276568 ], [ 453061.863839129975531, 5428837.459516069851816 ], [ 453089.443066100007854, 5428810.007109089754522 ], [ 453101.094315089983866, 5428801.789094099774957 ], [ 453105.006697089993395, 5428799.816659100353718 ], [ 453110.252546089992393, 5428798.710937100462615 ], [ 453118.935268079978414, 5428798.245230100117624 ], [ 453127.88173906999873, 5428798.121028100140393 ], [ 453133.292411070025992, 5428798.602373099885881 ], [ 453148.331313050002791, 5428812.033381089568138 ], [ 453187.006697020027786, 5428849.602373070083559 ], [ 453190.439439020003192, 5428857.249928059987724 ] ] ] } },
{ "type": "Feature", "properties": { "type": "FeatureCollection", "totalFeatures": 270, "numberMatched": 270, "numberReturned": 270, "timeStamp": "2025-10-06T14:15:33.080Z", "crs_type": "name", "crs_properties_name": "urn:ogc:def:crs:EPSG::25832", "feature_type": "Feature", "feature_id": "baustellen_vorschau.102310772", "geometry_name": "geom", "geometry_type": "Point", "geometry_coordinates": [ 453090.2548931, 5428822.34091708 ], "geometry_x": 453090.25489310001, "geometry_y": 5428822.3409170797, "id": 102310772, "gemeinde": "Karlsruhe", "vorgangszeitraum_von": "2026-05-10T22:00:00Z", "vorgangszeitraum_bis": "2026-06-19T21:59:59Z", "art": "Gleisbau", "lage": "Rheinstraße zw. Rheinstraße u. B 36 Michelinstraße, B 10 Südtangente AS 6 von Osten kommend zur B 36 Lameystraße", "tagesbaustelle": null, "verursacher": "Verkehrsbetriebe Karlsruhe", "zusatzinfo": null, "sperrung": "mit Sperrung in eine Fahrtrichtung", "projektnummer": 46474, "vorgangsnummer": "2025V5235", "datenquelle": "Stadt Karlsruhe", "stand": "2025-09-14T22:00:00Z", "index_right": 64.0, "Stadtteil_Nummer": "081", "Stadtteil": "Alt-Mühlburg" }, "geometry": { "type": "Point", "coordinates": [ 453090.254893100005575, 5428822.34091707970947 ] } },
{ "type": "Feature", "properties": { "type": "FeatureCollection", "totalFeatures": 270, "numberMatched": 270, "numberReturned": 270, "timeStamp": "2025-10-06T14:15:33.080Z", "crs_type": "name", "crs_properties_name": "urn:ogc:def:crs:EPSG::25832", "feature_type": "Feature", "feature_id": "baustellen_vorschau.102310776", "geometry_name": "geom", "geometry_type": "Polygon", "geometry_coordinates": [ [ [ 452956.26983921, 5428714.59022815 ], [ 452975.9533142, 5428717.46100315 ], [ 453012.71149017, 5428727.24856914 ], [ 453050.50003914, 5428734.55462814 ], [ 453076.19343911, 5428743.95372813 ], [ 453093.2579391, 5428753.60232812 ], [ 453123.59903907, 5428779.48312811 ], [ 453129.63593907, 5428776.67462811 ], [ 453140.08743906, 5428766.77022812 ], [ 453151.81263905, 5428753.92982812 ], [ 453162.06579404, 5428764.55497312 ], [ 453141.45698106, 5428785.91856311 ], [ 453137.57447906, 5428794.2620301 ], [ 453138.55871406, 5428799.9270021 ], [ 453141.38697206, 5428805.99858209 ], [ 453165.46736504, 5428829.18483008 ], [ 453201.75079401, 5428865.01471606 ], [ 453201.69753901, 5428868.26272806 ], [ 453190.44103902, 5428881.61812805 ], [ 453183.82014803, 5428879.21917305 ], [ 453162.63814804, 5428861.86174406 ], [ 453144.79365506, 5428845.08454207 ], [ 453136.39315906, 5428839.17171607 ], [ 453123.99568307, 5428832.59892308 ], [ 453120.32229208, 5428831.74231608 ], [ 453115.94183908, 5428829.84792808 ], [ 453109.01733909, 5428828.80152808 ], [ 453100.51893909, 5428829.20372808 ], [ 453093.5558791, 5428831.61219608 ], [ 453088.6128951, 5428834.53944508 ], [ 453034.97618815, 5428889.80031804 ], [ 453024.61005316, 5428880.40308705 ], [ 453027.62746216, 5428873.05573905 ], [ 453057.35287513, 5428841.26733308 ], [ 453069.30160612, 5428826.10788708 ], [ 453075.15848512, 5428817.57124209 ], [ 453078.50420811, 5428811.51282909 ], [ 453079.85033911, 5428804.95642809 ], [ 453079.99943911, 5428796.9565281 ], [ 453078.73193911, 5428790.2915281 ], [ 453078.51743911, 5428787.38322811 ], [ 453075.53109111, 5428778.59294711 ], [ 453069.65848512, 5428772.28552711 ], [ 453052.01562813, 5428760.49981312 ], [ 453035.15848515, 5428752.64267013 ], [ 453015.44419916, 5428745.35695613 ], [ 452970.1953962, 5428729.88538814 ], [ 452953.06063922, 5428720.74052815 ], [ 452956.26983921, 5428714.59022815 ] ] ], "geometry_x": null, "geometry_y": null, "id": 102310776, "gemeinde": "Karlsruhe", "vorgangszeitraum_von": "2026-06-19T22:00:00Z", "vorgangszeitraum_bis": "2026-07-22T21:59:59Z", "art": "Gleisbau", "lage": "Am Entenfang: Rheinstraße zur B 36 Michelinstraße gesperrt, B 10 Südtangente AS 6 Abfahrt von Osten zur B 36 Lameystraße gesperrt, B 36 Lameystraße zur Rheinstraße gesperrt, B 36 Michelinstraße zur B 36 Lameystraße u. Rheinstraße gesperrt", "tagesbaustelle": null, "verursacher": "Verkehrsbetriebe Karlsruhe", "zusatzinfo": null, "sperrung": "mit Sperrung in eine Fahrtrichtung", "projektnummer": 46474, "vorgangsnummer": "2025V5236", "datenquelle": "Stadt Karlsruhe", "stand": "2025-09-14T22:00:00Z", "index_right": null, "Stadtteil_Nummer": null, "Stadtteil": null }, "geometry": { "type": "Polygon", "coordinates": [ [ [ 452956.269839210028294, 5428714.590228149667382 ], [ 452975.953314199985471, 5428717.461003149859607 ], [ 453012.711490169982426, 5428727.248569140210748 ], [ 453050.500039139995351, 5428734.554628140293062 ], [ 453076.193439110007603, 5428743.953728130087256 ], [ 453093.257939099974465, 5428753.602328119799495 ], [ 453123.59903907001717, 5428779.483128109946847 ], [ 453129.635939070023596, 5428776.674628109671175 ], [ 453140.087439059978351, 5428766.770228119567037 ], [ 453151.812639050011057, 5428753.929828120395541 ], [ 453162.065794039983302, 5428764.554973119869828 ], [ 453141.456981059978716, 5428785.918563109822571 ], [ 453137.57447906001471, 5428794.26203010044992 ], [ 453138.558714059996419, 5428799.927002100273967 ], [ 453141.386972060019616, 5428805.998582090251148 ], [ 453165.467365039978176, 5428829.184830079786479 ], [ 453201.750794010004029, 5428865.01471605990082 ], [ 453201.697539010026958, 5428868.262728059664369 ], [ 453190.44103902002098, 5428881.618128050118685 ], [ 453183.82014803000493, 5428879.219173049554229 ], [ 453162.638148039986845, 5428861.861744060181081 ], [ 453144.793655059998855, 5428845.084542069584131 ], [ 453136.393159059982281, 5428839.171716069802642 ], [ 453123.995683069981169, 5428832.598923079669476 ], [ 453120.322292079974432, 5428831.742316080257297 ], [ 453115.941839080012869, 5428829.847928079776466 ], [ 453109.017339090001769, 5428828.801528080366552 ], [ 453100.518939090019558, 5428829.203728079795837 ], [ 453093.555879099993035, 5428831.612196080386639 ], [ 453088.612895100028254, 5428834.539445079863071 ], [ 453034.97618815000169, 5428889.800318039953709 ], [ 453024.610053159995005, 5428880.403087049722672 ], [ 453027.627462160016876, 5428873.05573904979974 ], [ 453057.352875130018219, 5428841.26733308006078 ], [ 453069.301606120017823, 5428826.107887079939246 ], [ 453075.158485119987745, 5428817.571242090314627 ], [ 453078.504208109981846, 5428811.512829089537263 ], [ 453079.850339110009372, 5428804.956428090110421 ], [ 453079.999439109989908, 5428796.956528100185096 ], [ 453078.731939109973609, 5428790.291528100147843 ], [ 453078.517439109971747, 5428787.383228110149503 ], [ 453075.531091110024136, 5428778.592947109602392 ], [ 453069.658485119987745, 5428772.285527110099792 ], [ 453052.01562813000055, 5428760.499813119880855 ], [ 453035.158485150022898, 5428752.642670130357146 ], [ 453015.444199159974232, 5428745.356956129893661 ], [ 452970.195396199997049, 5428729.885388139635324 ], [ 452953.060639219998848, 5428720.740528150461614 ], [ 452956.269839210028294, 5428714.590228149667382 ] ] ] } },
{ "type": "Feature", "properties": { "type": "FeatureCollection", "totalFeatures": 270, "numberMatched": 270, "numberReturned": 270, "timeStamp": "2025-10-06T14:15:33.080Z", "crs_type": "name", "crs_properties_name": "urn:ogc:def:crs:EPSG::25832", "feature_type": "Feature", "feature_id": "baustellen_vorschau.102310777", "geometry_name": "geom", "geometry_type": "Point", "geometry_coordinates": [ 453094.1013041, 5428800.2296561 ], "geometry_x": 453094.10130410001, "geometry_y": 5428800.2296561003, "id": 102310777, "gemeinde": "Karlsruhe", "vorgangszeitraum_von": "2026-06-19T22:00:00Z", "vorgangszeitraum_bis": "2026-07-22T21:59:59Z", "art": "Gleisbau", "lage": "Am Entenfang: Rheinstraße zur B 36 Michelinstraße gesperrt, B 10 Südtangente AS 6 Abfahrt von Osten zur B 36 Lameystraße gesperrt, B 36 Lameystraße zur Rheinstraße gesperrt, B 36 Michelinstraße zur B 36 Lameystraße u. Rheinstraße gesperrt", "tagesbaustelle": null, "verursacher": "Verkehrsbetriebe Karlsruhe", "zusatzinfo": null, "sperrung": "mit Sperrung in eine Fahrtrichtung", "projektnummer": 46474, "vorgangsnummer": "2025V5236", "datenquelle": "Stadt Karlsruhe", "stand": "2025-09-14T22:00:00Z", "index_right": 64.0, "Stadtteil_Nummer": "081", "Stadtteil": "Alt-Mühlburg" }, "geometry": { "type": "Point", "coordinates": [ 453094.101304100011475, 5428800.229656100273132 ] } },
{ "type": "Feature", "properties": { "type": "FeatureCollection", "totalFeatures": 270, "numberMatched": 270, "numberReturned": 270, "timeStamp": "2025-10-06T14:15:33.080Z", "crs_type": "name", "crs_properties_name": "urn:ogc:def:crs:EPSG::25832", "feature_type": "Feature", "feature_id": "baustellen_vorschau.102310926", "geometry_name": "geom", "geometry_type": "LineString", "geometry_coordinates": [ [ 454132.22297226, 5432567.41147086 ], [ 454133.47024626, 5432566.22089086 ], [ 454132.10958326, 5432565.03031086 ], [ 454136.81520926, 5432560.55146187 ], [ 454136.75851526, 5432553.29459387 ], [ 454135.56793526, 5432553.29459387 ] ], "geometry_x": null, "geometry_y": null, "id": 102310926, "gemeinde": "Karlsruhe", "vorgangszeitraum_von": "2025-12-31T23:00:00Z", "vorgangszeitraum_bis": "2026-02-28T22:59:59Z", "art": "Fernwärmeversorgung", "lage": "Oberfeldsraße zw. Pralistraße und Welschneureuter Straße", "tagesbaustelle": null, "verursacher": "Stadtwerke Karlsruhe", "zusatzinfo": null, "sperrung": "mit Verkehrsbehinderung", "projektnummer": 47814, "vorgangsnummer": "2025V5276", "datenquelle": "Stadt Karlsruhe", "stand": "2025-09-14T22:00:00Z", "index_right": 47.0, "Stadtteil_Nummer": "261", "Stadtteil": "Südlicher Teil" }, "geometry": { "type": "LineString", "coordinates": [ [ 454132.222972259973176, 5432567.411470860242844 ], [ 454133.470246259996202, 5432566.220890860073268 ], [ 454132.109583260025829, 5432565.030310859903693 ], [ 454136.815209259977564, 5432560.551461869850755 ], [ 454136.758515260007698, 5432553.294593869708478 ], [ 454135.567935260012746, 5432553.294593869708478 ] ] } },
{ "type": "Feature", "properties": { "type": "FeatureCollection", "totalFeatures": 270, "numberMatched": 270, "numberReturned": 270, "timeStamp": "2025-10-06T14:15:33.080Z", "crs_type": "name", "crs_properties_name": "urn:ogc:def:crs:EPSG::25832", "feature_type": "Feature", "feature_id": "baustellen_vorschau.102310927", "geometry_name": "geom", "geometry_type": "Point", "geometry_coordinates": [ 454135.96438026, 5432561.36128687 ], "geometry_x": 454135.96438025997, "geometry_y": 5432561.3612868702, "id": 102310927, "gemeinde": "Karlsruhe", "vorgangszeitraum_von": "2025-12-31T23:00:00Z", "vorgangszeitraum_bis": "2026-02-28T22:59:59Z", "art": "Fernwärmeversorgung", "lage": "Oberfeldsraße zw. Pralistraße und Welschneureuter Straße", "tagesbaustelle": null, "verursacher": "Stadtwerke Karlsruhe", "zusatzinfo": null, "sperrung": "mit Verkehrsbehinderung", "projektnummer": 47814, "vorgangsnummer": "2025V5276", "datenquelle": "Stadt Karlsruhe", "stand": "2025-09-14T22:00:00Z", "index_right": 47.0, "Stadtteil_Nummer": "261", "Stadtteil": "Südlicher Teil" }, "geometry": { "type": "Point", "coordinates": [ 454135.96438025997486, 5432561.361286870203912 ] } },
{ "type": "Feature", "properties": { "type": "FeatureCollection", "totalFeatures": 270, "numberMatched": 270, "numberReturned": 270, "timeStamp": "2025-10-06T14:15:33.080Z", "crs_type": "name", "crs_properties_name": "urn:ogc:def:crs:EPSG::25832", "feature_type": "Feature", "feature_id": "baustellen_vorschau.102310932", "geometry_name": "geom", "geometry_type": "Polygon", "geometry_coordinates": [ [ [ 455019.76330349, 5428503.20118627 ], [ 455019.25305449, 5428498.60894927 ], [ 455027.24694849, 5428497.70184127 ], [ 455029.74149748, 5428498.38217227 ], [ 455031.04546648, 5428501.61374627 ], [ 455033.02976648, 5428514.65343226 ], [ 455028.55091748, 5428515.27706926 ], [ 455027.36033749, 5428507.45325826 ], [ 455026.85008849, 5428503.54135226 ], [ 455025.88628649, 5428502.86102127 ], [ 455019.76330349, 5428503.20118627 ] ] ], "geometry_x": null, "geometry_y": null, "id": 102310932, "gemeinde": "Karlsruhe", "vorgangszeitraum_von": "2026-07-26T22:00:00Z", "vorgangszeitraum_bis": "2026-08-28T21:59:59Z", "art": "Fernwärmeversorgung", "lage": "Lessingstraße Einmündungsbereich Sophienstraße", "tagesbaustelle": null, "verursacher": "Stadtwerke Karlsruhe", "zusatzinfo": null, "sperrung": "mit Verkehrsbehinderung", "projektnummer": 45180, "vorgangsnummer": "2025V5275", "datenquelle": "Stadt Karlsruhe", "stand": "2025-09-14T22:00:00Z", "index_right": 34.0, "Stadtteil_Nummer": "052", "Stadtteil": "Südlicher Teil" }, "geometry": { "type": "Polygon", "coordinates": [ [ [ 455019.763303490006365, 5428503.201186270453036 ], [ 455019.253054490021896, 5428498.608949270099401 ], [ 455027.246948489977513, 5428497.701841269619763 ], [ 455029.741497480019461, 5428498.382172269746661 ], [ 455031.045466480019968, 5428501.613746269606054 ], [ 455033.02976647997275, 5428514.653432260267437 ], [ 455028.550917480024509, 5428515.277069260366261 ], [ 455027.360337489983067, 5428507.453258260153234 ], [ 455026.850088489998598, 5428503.541352259926498 ], [ 455025.886286490014754, 5428502.861021270044148 ], [ 455019.763303490006365, 5428503.201186270453036 ] ] ] } },
{ "type": "Feature", "properties": { "type": "FeatureCollection", "totalFeatures": 270, "numberMatched": 270, "numberReturned": 270, "timeStamp": "2025-10-06T14:15:33.080Z", "crs_type": "name", "crs_properties_name": "urn:ogc:def:crs:EPSG::25832", "feature_type": "Feature", "feature_id": "baustellen_vorschau.102310933", "geometry_name": "geom", "geometry_type": "Point", "geometry_coordinates": [ 455027.49454749, 5428504.81247727 ], "geometry_x": 455027.49454748997, "geometry_y": 5428504.8124772701, "id": 102310933, "gemeinde": "Karlsruhe", "vorgangszeitraum_von": "2026-07-26T22:00:00Z", "vorgangszeitraum_bis": "2026-08-28T21:59:59Z", "art": "Fernwärmeversorgung", "lage": "Lessingstraße Einmündungsbereich Sophienstraße", "tagesbaustelle": null, "verursacher": "Stadtwerke Karlsruhe", "zusatzinfo": null, "sperrung": "mit Verkehrsbehinderung", "projektnummer": 45180, "vorgangsnummer": "2025V5275", "datenquelle": "Stadt Karlsruhe", "stand": "2025-09-14T22:00:00Z", "index_right": 34.0, "Stadtteil_Nummer": "052", "Stadtteil": "Südlicher Teil" }, "geometry": { "type": "Point", "coordinates": [ 455027.494547489972319, 5428504.812477270141244 ] } },
{ "type": "Feature", "properties": { "type": "FeatureCollection", "totalFeatures": 270, "numberMatched": 270, "numberReturned": 270, "timeStamp": "2025-10-06T14:15:33.080Z", "crs_type": "name", "crs_properties_name": "urn:ogc:def:crs:EPSG::25832", "feature_type": "Feature", "feature_id": "baustellen_vorschau.102310942", "geometry_name": "geom", "geometry_type": "LineString", "geometry_coordinates": [ [ 457787.74442419, 5429174.07862486 ], [ 457786.70871019, 5429173.75719586 ], [ 457786.88728119, 5429172.36433886 ], [ 457778.6015672, 5429171.07862486 ] ], "geometry_x": null, "geometry_y": null, "id": 102310942, "gemeinde": "Karlsruhe", "vorgangszeitraum_von": "2026-03-31T22:00:00Z", "vorgangszeitraum_bis": "2026-05-31T21:59:59Z", "art": "Fernwärmeversorgung", "lage": "Parkstraße zw. Edelsheimer Straße und Kornblumenstraße", "tagesbaustelle": null, "verursacher": "Stadtwerke Karlsruhe", "zusatzinfo": "Aufteilung nicht vorgenommen", "sperrung": "mit Verkehrsbehinderung", "projektnummer": 49914, "vorgangsnummer": "2025V5280", "datenquelle": "Stadt Karlsruhe", "stand": "2025-09-17T22:00:00Z", "index_right": null, "Stadtteil_Nummer": null, "Stadtteil": null }, "geometry": { "type": "LineString", "coordinates": [ [ 457787.744424190022983, 5429174.07862486038357 ], [ 457786.708710190025158, 5429173.757195860147476 ], [ 457786.887281190021895, 5429172.364338859915733 ], [ 457778.60156719997758, 5429171.07862486038357 ] ] } },
{ "type": "Feature", "properties": { "type": "FeatureCollection", "totalFeatures": 270, "numberMatched": 270, "numberReturned": 270, "timeStamp": "2025-10-06T14:15:33.080Z", "crs_type": "name", "crs_properties_name": "urn:ogc:def:crs:EPSG::25832", "feature_type": "Feature", "feature_id": "baustellen_vorschau.102310943", "geometry_name": "geom", "geometry_type": "Point", "geometry_coordinates": [ 457783.75151319, 5429171.87775386 ], "geometry_x": 457783.75151318999, "geometry_y": 5429171.8777538603, "id": 102310943, "gemeinde": "Karlsruhe", "vorgangszeitraum_von": "2026-03-31T22:00:00Z", "vorgangszeitraum_bis": "2026-05-31T21:59:59Z", "art": "Fernwärmeversorgung", "lage": "Parkstraße zw. Edelsheimer Straße und Kornblumenstraße", "tagesbaustelle": null, "verursacher": "Stadtwerke Karlsruhe", "zusatzinfo": "Aufteilung nicht vorgenommen", "sperrung": "mit Verkehrsbehinderung", "projektnummer": 49914, "vorgangsnummer": "2025V5280", "datenquelle": "Stadt Karlsruhe", "stand": "2025-09-17T22:00:00Z", "index_right": 65.0, "Stadtteil_Nummer": "071", "Stadtteil": "Nördlicher Teil" }, "geometry": { "type": "Point", "coordinates": [ 457783.751513189985417, 5429171.877753860317171 ] } },
{ "type": "Feature", "properties": { "type": "FeatureCollection", "totalFeatures": 270, "numberMatched": 270, "numberReturned": 270, "timeStamp": "2025-10-06T14:15:33.080Z", "crs_type": "name", "crs_properties_name": "urn:ogc:def:crs:EPSG::25832", "feature_type": "Feature", "feature_id": "baustellen_vorschau.102310948", "geometry_name": "geom", "geometry_type": "Polygon", "geometry_coordinates": [ [ [ 455067.83965645, 5428774.37838911 ], [ 455066.33488146, 5428764.50002911 ], [ 455064.66998746, 5428753.07075512 ], [ 455061.07021646, 5428729.71723813 ], [ 455057.69543046, 5428707.89362415 ], [ 455053.01572747, 5428677.47555516 ], [ 455048.60600747, 5428646.96749218 ], [ 455044.46627047, 5428619.5192352 ], [ 455040.91149648, 5428596.66068621 ], [ 455036.63676748, 5428568.80745523 ], [ 455034.47690448, 5428554.27337824 ], [ 455030.74214148, 5428530.28990125 ], [ 455028.13230749, 5428512.38103826 ], [ 455032.49703048, 5428511.75107826 ], [ 455034.29745348, 5428524.80589825 ], [ 455041.24634447, 5428570.58632923 ], [ 455046.06103847, 5428601.49936621 ], [ 455050.06578447, 5428628.67764119 ], [ 455055.06046746, 5428661.66054617 ], [ 455059.74017046, 5428693.92349816 ], [ 455065.63479646, 5428733.25100113 ], [ 455069.18957045, 5428755.79456912 ], [ 455071.93439645, 5428773.74842911 ], [ 455067.83965645, 5428774.37838911 ] ] ], "geometry_x": null, "geometry_y": null, "id": 102310948, "gemeinde": "Karlsruhe", "vorgangszeitraum_von": "2026-01-04T23:00:00Z", "vorgangszeitraum_bis": "2026-07-26T21:59:59Z", "art": "Fernwärmeversorgung", "lage": "Lessingstraße zw. Sophienstraße u. Kaiserallee", "tagesbaustelle": null, "verursacher": "Stadtwerke Karlsruhe", "zusatzinfo": null, "sperrung": "mit Verkehrsbehinderung", "projektnummer": 45180, "vorgangsnummer": "2025V5274", "datenquelle": "Stadt Karlsruhe", "stand": "2025-09-14T22:00:00Z", "index_right": 34.0, "Stadtteil_Nummer": "052", "Stadtteil": "Südlicher Teil" }, "geometry": { "type": "Polygon", "coordinates": [ [ [ 455067.839656450028997, 5428774.37838910985738 ], [ 455066.334881460003089, 5428764.500029110349715 ], [ 455064.669987460016273, 5428753.070755120366812 ], [ 455061.070216459978838, 5428729.717238130047917 ], [ 455057.695430459978525, 5428707.893624150194228 ], [ 455053.015727469988633, 5428677.475555160082877 ], [ 455048.606007469992619, 5428646.967492179945111 ], [ 455044.4662704700022, 5428619.519235200248659 ], [ 455040.911496479995549, 5428596.660686209797859 ], [ 455036.636767479998525, 5428568.807455229572952 ], [ 455034.476904480019584, 5428554.273378239944577 ], [ 455030.742141479975544, 5428530.289901250042021 ], [ 455028.132307489984669, 5428512.381038259714842 ], [ 455032.497030480008107, 5428511.75107826013118 ], [ 455034.297453480015974, 5428524.805898250080645 ], [ 455041.246344470011536, 5428570.586329230107367 ], [ 455046.061038470012136, 5428601.499366209842265 ], [ 455050.065784470003564, 5428628.677641189657152 ], [ 455055.060467460018117, 5428661.660546169616282 ], [ 455059.740170460019726, 5428693.923498160205781 ], [ 455065.6347964599845, 5428733.251001129858196 ], [ 455069.189570449991152, 5428755.794569119811058 ], [ 455071.934396450000349, 5428773.748429110273719 ], [ 455067.839656450028997, 5428774.37838910985738 ] ] ] } },
{ "type": "Feature", "properties": { "type": "FeatureCollection", "totalFeatures": 270, "numberMatched": 270, "numberReturned": 270, "timeStamp": "2025-10-06T14:15:33.080Z", "crs_type": "name", "crs_properties_name": "urn:ogc:def:crs:EPSG::25832", "feature_type": "Feature", "feature_id": "baustellen_vorschau.102310949", "geometry_name": "geom", "geometry_type": "Point", "geometry_coordinates": [ 455049.80228647, 5428641.40814419 ], "geometry_x": 455049.80228647002, "geometry_y": 5428641.40814419, "id": 102310949, "gemeinde": "Karlsruhe", "vorgangszeitraum_von": "2026-01-04T23:00:00Z", "vorgangszeitraum_bis": "2026-07-26T21:59:59Z", "art": "Fernwärmeversorgung", "lage": "Lessingstraße zw. Sophienstraße u. Kaiserallee", "tagesbaustelle": null, "verursacher": "Stadtwerke Karlsruhe", "zusatzinfo": null, "sperrung": "mit Verkehrsbehinderung", "projektnummer": 45180, "vorgangsnummer": "2025V5274", "datenquelle": "Stadt Karlsruhe", "stand": "2025-09-14T22:00:00Z", "index_right": 34.0, "Stadtteil_Nummer": "052", "Stadtteil": "Südlicher Teil" }, "geometry": { "type": "Point", "coordinates": [ 455049.802286470017862, 5428641.408144189976156 ] } },
{ "type": "Feature", "properties": { "type": "FeatureCollection", "totalFeatures": 270, "numberMatched": 270, "numberReturned": 270, "timeStamp": "2025-10-06T14:15:33.080Z", "crs_type": "name", "crs_properties_name": "urn:ogc:def:crs:EPSG::25832", "feature_type": "Feature", "feature_id": "baustellen_vorschau.102310954", "geometry_name": "geom", "geometry_type": "Polygon", "geometry_coordinates": [ [ [ 455056.68124746, 5428791.92227909 ], [ 455032.89553348, 5428793.38656409 ], [ 455032.14553348, 5428784.9937071 ], [ 455056.18124746, 5428783.1365641 ], [ 455062.71696246, 5428782.4937071 ], [ 455068.93124745, 5428781.6365641 ], [ 455068.71696245, 5428778.6365641 ], [ 455068.07410545, 5428774.10085011 ], [ 455076.93124745, 5428772.85085011 ], [ 455077.93124745, 5428781.3508501 ], [ 455078.46696245, 5428785.2079931 ], [ 455079.03839044, 5428786.6008501 ], [ 455080.60981944, 5428787.4937071 ], [ 455082.03839044, 5428787.9937071 ], [ 455083.82410544, 5428788.1008501 ], [ 455091.00267643, 5428787.7437071 ], [ 455088.21696244, 5428788.1365641 ], [ 455086.57410544, 5428788.7794211 ], [ 455085.10981944, 5428789.4579931 ], [ 455083.53839044, 5428790.5651361 ], [ 455056.68124746, 5428791.92227909 ] ] ], "geometry_x": null, "geometry_y": null, "id": 102310954, "gemeinde": "Karlsruhe", "vorgangszeitraum_von": "2025-11-09T23:00:00Z", "vorgangszeitraum_bis": "2026-01-04T22:59:59Z", "art": "Fernwärmeversorgung", "lage": "Lessingstraße Einmündungsbereich Kaiserallee", "tagesbaustelle": null, "verursacher": "Stadtwerke Karlsruhe", "zusatzinfo": null, "sperrung": "mit Vollsperrung", "projektnummer": 45180, "vorgangsnummer": "2025V5273", "datenquelle": "Stadt Karlsruhe", "stand": "2025-09-14T22:00:00Z", "index_right": 34.0, "Stadtteil_Nummer": "052", "Stadtteil": "Südlicher Teil" }, "geometry": { "type": "Polygon", "coordinates": [ [ [ 455056.681247460015584, 5428791.922279089689255 ], [ 455032.895533479982987, 5428793.386564089916646 ], [ 455032.145533479982987, 5428784.993707099929452 ], [ 455056.181247460015584, 5428783.136564100161195 ], [ 455062.716962460021023, 5428782.493707099929452 ], [ 455068.931247450003866, 5428781.636564100161195 ], [ 455068.716962450009305, 5428778.636564100161195 ], [ 455068.074105450010393, 5428774.100850109942257 ], [ 455076.931247450003866, 5428772.850850109942257 ], [ 455077.931247450003866, 5428781.350850099697709 ], [ 455078.466962450009305, 5428785.207993100397289 ], [ 455079.038390439993236, 5428786.600850099697709 ], [ 455080.6098194399965, 5428787.493707099929452 ], [ 455082.038390439993236, 5428787.993707099929452 ], [ 455083.824105439998675, 5428788.100850099697709 ], [ 455091.002676429983694, 5428787.743707099929452 ], [ 455088.216962439997587, 5428788.136564100161195 ], [ 455086.574105439998675, 5428788.779421100392938 ], [ 455085.1098194399965, 5428789.457993100397289 ], [ 455083.538390439993236, 5428790.565136100165546 ], [ 455056.681247460015584, 5428791.922279089689255 ] ] ] } },
{ "type": "Feature", "properties": { "type": "FeatureCollection", "totalFeatures": 270, "numberMatched": 270, "numberReturned": 270, "timeStamp": "2025-10-06T14:15:33.080Z", "crs_type": "name", "crs_properties_name": "urn:ogc:def:crs:EPSG::25832", "feature_type": "Feature", "feature_id": "baustellen_vorschau.102310955", "geometry_name": "geom", "geometry_type": "Point", "geometry_coordinates": [ 455059.60002746, 5428786.1581241 ], "geometry_x": 455059.60002746002, "geometry_y": 5428786.1581241004, "id": 102310955, "gemeinde": "Karlsruhe", "vorgangszeitraum_von": "2025-11-09T23:00:00Z", "vorgangszeitraum_bis": "2026-01-04T22:59:59Z", "art": "Fernwärmeversorgung", "lage": "Lessingstraße Einmündungsbereich Kaiserallee", "tagesbaustelle": null, "verursacher": "Stadtwerke Karlsruhe", "zusatzinfo": null, "sperrung": "mit Vollsperrung", "projektnummer": 45180, "vorgangsnummer": "2025V5273", "datenquelle": "Stadt Karlsruhe", "stand": "2025-09-14T22:00:00Z", "index_right": 34.0, "Stadtteil_Nummer": "052", "Stadtteil": "Südlicher Teil" }, "geometry": { "type": "Point", "coordinates": [ 455059.600027460022829, 5428786.158124100416899 ] } },
{ "type": "Feature", "properties": { "type": "FeatureCollection", "totalFeatures": 270, "numberMatched": 270, "numberReturned": 270, "timeStamp": "2025-10-06T14:15:33.080Z", "crs_type": "name", "crs_properties_name": "urn:ogc:def:crs:EPSG::25832", "feature_type": "Feature", "feature_id": "baustellen_vorschau.102311293", "geometry_name": "geom", "geometry_type": "Polygon", "geometry_coordinates": [ [ [ 455417.67621615, 5427610.59812079 ], [ 455417.51019015, 5427606.25760379 ], [ 455418.90304815, 5427606.11474679 ], [ 455420.76019015, 5427605.50760379 ], [ 455422.43876215, 5427604.79331779 ], [ 455423.72447615, 5427604.00760379 ], [ 455425.01019015, 5427602.7933178 ], [ 455426.26019015, 5427600.8647468 ], [ 455426.93876215, 5427599.4004608 ], [ 455427.36733315, 5427597.6504608 ], [ 455427.33161915, 5427595.5433178 ], [ 455434.29590514, 5427595.1147468 ], [ 455434.43876214, 5427596.6861748 ], [ 455435.04590514, 5427598.4361748 ], [ 455435.72447614, 5427599.8647468 ], [ 455436.51019014, 5427600.8290318 ], [ 455438.01019014, 5427602.07903179 ], [ 455439.08161914, 5427602.75760379 ], [ 455440.47447614, 5427603.29331779 ], [ 455441.79590513, 5427603.6147468 ], [ 455443.68876213, 5427603.97188879 ], [ 455445.76019013, 5427604.00760379 ], [ 455450.65304813, 5427603.54331779 ], [ 455459.01718812, 5427602.91488079 ], [ 455459.33216812, 5427607.36959779 ], [ 455446.01301313, 5427608.49452679 ], [ 455443.44817613, 5427608.94449779 ], [ 455441.51329913, 5427609.57445779 ], [ 455440.11838814, 5427610.47440079 ], [ 455439.12845014, 5427611.28434879 ], [ 455438.18351014, 5427612.22928879 ], [ 455437.46355614, 5427613.30922079 ], [ 455436.92359014, 5427614.29915779 ], [ 455436.42862214, 5427615.69406879 ], [ 455436.11364214, 5427616.86399479 ], [ 455436.11364214, 5427618.39389779 ], [ 455436.15863914, 5427620.23878079 ], [ 455436.33862814, 5427621.49870078 ], [ 455436.47361914, 5427622.48863778 ], [ 455436.60861014, 5427625.00847778 ], [ 455429.76904514, 5427625.50344678 ], [ 455429.72404814, 5427623.70356078 ], [ 455429.49906214, 5427620.73374879 ], [ 455428.96193014, 5427618.38383479 ], [ 455427.67621615, 5427615.52669179 ], [ 455426.03335915, 5427613.45526379 ], [ 455423.60478815, 5427611.81240679 ], [ 455422.10478815, 5427610.88383479 ], [ 455419.53335915, 5427610.59812079 ], [ 455417.67621615, 5427610.59812079 ] ] ], "geometry_x": null, "geometry_y": null, "id": 102311293, "gemeinde": "Karlsruhe", "vorgangszeitraum_von": "2026-07-15T22:00:00Z", "vorgangszeitraum_bis": "2026-08-31T21:59:59Z", "art": "Fernwärmeversorgung", "lage": "Kreuzungsbereich Hirsch- / Vorholzstraße", "tagesbaustelle": null, "verursacher": "Stadtwerke Karlsruhe", "zusatzinfo": null, "sperrung": "mit Vollsperrung", "projektnummer": 46948, "vorgangsnummer": "2025V5288", "datenquelle": "Stadt Karlsruhe", "stand": "2025-09-15T22:00:00Z", "index_right": 6.0, "Stadtteil_Nummer": "042", "Stadtteil": "Mittlerer Teil" }, "geometry": { "type": "Polygon", "coordinates": [ [ [ 455417.676216149993706, 5427610.598120789974928 ], [ 455417.510190150002018, 5427606.257603789679706 ], [ 455418.903048150008544, 5427606.114746790379286 ], [ 455420.760190150002018, 5427605.507603789679706 ], [ 455422.438762150006369, 5427604.793317790143192 ], [ 455423.724476150004193, 5427604.007603789679706 ], [ 455425.010190150002018, 5427602.79331780038774 ], [ 455426.260190150002018, 5427600.864746799692512 ], [ 455426.938762150006369, 5427599.400460800155997 ], [ 455427.367333150003105, 5427597.650460800155997 ], [ 455427.331619150005281, 5427595.54331780038774 ], [ 455434.295905139995739, 5427595.114746799692512 ], [ 455434.438762139994651, 5427596.68617479968816 ], [ 455435.045905139995739, 5427598.43617479968816 ], [ 455435.724476139992476, 5427599.864746799692512 ], [ 455436.5101901399903, 5427600.829031799919903 ], [ 455438.0101901399903, 5427602.079031789675355 ], [ 455439.081619139993563, 5427602.757603789679706 ], [ 455440.474476139992476, 5427603.293317790143192 ], [ 455441.795905129984021, 5427603.614746799692512 ], [ 455443.688762129982933, 5427603.971888789907098 ], [ 455445.760190129978582, 5427604.007603789679706 ], [ 455450.653048129985109, 5427603.543317790143192 ], [ 455459.017188119993079, 5427602.91488078981638 ], [ 455459.332168120017741, 5427607.36959778983146 ], [ 455446.01301312999567, 5427608.494526790454984 ], [ 455443.448176130012143, 5427608.944497790187597 ], [ 455441.513299130019732, 5427609.574457789771259 ], [ 455440.118388139992021, 5427610.474400790408254 ], [ 455439.128450140007772, 5427611.284348789602518 ], [ 455438.183510139991995, 5427612.229288790374994 ], [ 455437.463556140020955, 5427613.309220789931715 ], [ 455436.923590140009765, 5427614.29915778990835 ], [ 455436.428622140025254, 5427615.694068790413439 ], [ 455436.113642140000593, 5427616.863994790241122 ], [ 455436.113642140000593, 5427618.393897790461779 ], [ 455436.158639140019659, 5427620.238780790008605 ], [ 455436.338628139987122, 5427621.498700779862702 ], [ 455436.473619139986113, 5427622.488637779839337 ], [ 455436.608610139985103, 5427625.008477780036628 ], [ 455429.769045140012167, 5427625.503446780145168 ], [ 455429.724048139993101, 5427623.703560779802501 ], [ 455429.499062140006572, 5427620.733748789876699 ], [ 455428.961930139979813, 5427618.383834790438414 ], [ 455427.676216149993706, 5427615.526691789738834 ], [ 455426.033359149994794, 5427613.455263789743185 ], [ 455423.604788149998058, 5427611.812406790442765 ], [ 455422.104788149998058, 5427610.883834790438414 ], [ 455419.533359149994794, 5427610.598120789974928 ], [ 455417.676216149993706, 5427610.598120789974928 ] ] ] } },
{ "type": "Feature", "properties": { "type": "FeatureCollection", "totalFeatures": 270, "numberMatched": 270, "numberReturned": 270, "timeStamp": "2025-10-06T14:15:33.080Z", "crs_type": "name", "crs_properties_name": "urn:ogc:def:crs:EPSG::25832", "feature_type": "Feature", "feature_id": "baustellen_vorschau.102311294", "geometry_name": "geom", "geometry_type": "Point", "geometry_coordinates": [ 455434.61097814, 5427608.50283179 ], "geometry_x": 455434.61097813997, "geometry_y": 5427608.5028317897, "id": 102311294, "gemeinde": "Karlsruhe", "vorgangszeitraum_von": "2026-07-15T22:00:00Z", "vorgangszeitraum_bis": "2026-08-31T21:59:59Z", "art": "Fernwärmeversorgung", "lage": "Kreuzungsbereich Hirsch- / Vorholzstraße", "tagesbaustelle": null, "verursacher": "Stadtwerke Karlsruhe", "zusatzinfo": null, "sperrung": "mit Vollsperrung", "projektnummer": 46948, "vorgangsnummer": "2025V5288", "datenquelle": "Stadt Karlsruhe", "stand": "2025-09-15T22:00:00Z", "index_right": 6.0, "Stadtteil_Nummer": "042", "Stadtteil": "Mittlerer Teil" }, "geometry": { "type": "Point", "coordinates": [ 455434.610978139971849, 5427608.502831789664924 ] } },
{ "type": "Feature", "properties": { "type": "FeatureCollection", "totalFeatures": 270, "numberMatched": 270, "numberReturned": 270, "timeStamp": "2025-10-06T14:15:33.080Z", "crs_type": "name", "crs_properties_name": "urn:ogc:def:crs:EPSG::25832", "feature_type": "Feature", "feature_id": "baustellen_vorschau.102311078", "geometry_name": "geom", "geometry_type": "MultiLineString", "geometry_coordinates": [ [ [ 464167.53764583, 5422461.62537078 ], [ 464172.35641683, 5422461.96551878 ], [ 464168.89823983, 5422465.14023878 ], [ 464172.46979983, 5422461.90882778 ], [ 464176.09805083, 5422457.48689578 ], [ 464176.26812583, 5422455.55938778 ], [ 464167.36757083, 5422455.78615279 ], [ 464176.26812583, 5422455.50269578 ], [ 464176.55158283, 5422450.91069078 ], [ 464170.88243983, 5422446.14861079 ] ], [ [ 464176.49489083, 5422451.56264178 ], [ 464177.77044882, 5422451.67602478 ], [ 464178.53578282, 5422452.46970479 ], [ 464187.66310282, 5422451.16580179 ], [ 464190.15752581, 5422450.71227079 ], [ 464193.24720881, 5422453.15000179 ], [ 464193.50231981, 5422453.46180479 ], [ 464237.04133678, 5422446.82890779 ], [ 464237.49486878, 5422449.20994779 ], [ 464237.04133678, 5422446.82890779 ], [ 464255.57943376, 5422443.85260779 ], [ 464270.91446575, 5422441.27314779 ], [ 464272.19002275, 5422437.90000779 ], [ 464277.32059674, 5422436.62445079 ], [ 464279.38983374, 5422436.1709188 ], [ 464283.04643074, 5422436.14257279 ], [ 464283.49996274, 5422439.20391079 ], [ 464277.74578274, 5422444.78801579 ], [ 464283.30154274, 5422451.90279078 ] ], [ [ 464282.98973974, 5422436.14257279 ], [ 464287.52505373, 5422435.06543579 ], [ 464291.66352873, 5422433.53476779 ], [ 464291.66352873, 5422431.9757528 ], [ 464301.01761372, 5422428.5459218 ], [ 464311.70394871, 5422424.4074478 ], [ 464321.6796507, 5422419.7798588 ], [ 464337.50107969, 5422412.95843081 ], [ 464340.60822269, 5422411.35128781 ], [ 464339.78679369, 5422410.42271581 ], [ 464339.25107969, 5422404.81557281 ] ], [ [ 464340.42965069, 5422411.42271581 ], [ 464350.32250868, 5422406.17271581 ], [ 464361.00107967, 5422400.49414482 ], [ 464362.89393667, 5422400.60128782 ], [ 464364.57250867, 5422399.45843082 ], [ 464369.10822267, 5422392.38700182 ], [ 464367.57250867, 5422381.24414482 ], [ 464366.60822267, 5422372.13700183 ], [ 464364.17965067, 5422363.24414484 ], [ 464362.07250867, 5422361.49414484 ], [ 464360.67965067, 5422351.20843084 ], [ 464359.53679367, 5422341.56557285 ], [ 464360.03679367, 5422331.99414486 ], [ 464360.42965067, 5422324.56557286 ], [ 464362.71536567, 5422315.56557286 ], [ 464368.07250867, 5422297.74414487 ], [ 464373.57250866, 5422284.38700188 ], [ 464383.71536565, 5422262.1727159 ], [ 464409.82250863, 5422274.63700189 ], [ 464422.92965062, 5422280.60128788 ], [ 464460.50107959, 5422286.85128788 ], [ 464461.46536559, 5422288.10128788 ], [ 464460.39393659, 5422296.85128788 ] ], [ [ 464460.35822259, 5422296.81557288 ], [ 464458.28679359, 5422318.52985886 ], [ 464457.57250859, 5422329.99414486 ], [ 464453.67965059, 5422337.24414485 ], [ 464447.7153656, 5422344.99414485 ], [ 464436.64393661, 5422353.85128784 ], [ 464424.28679362, 5422362.77985884 ], [ 464396.71536564, 5422380.85128783 ], [ 464377.60822266, 5422392.02985882 ], [ 464377.50107966, 5422392.63700182 ], [ 464372.82250866, 5422395.02985882 ], [ 464369.07250867, 5422392.38700182 ] ], [ [ 464383.75179665, 5422262.1929989 ], [ 464369.19822566, 5422257.4429989 ], [ 464352.14146868, 5422250.9774389 ], [ 464336.07748869, 5422246.16274491 ], [ 464318.75358871, 5422244.90282491 ], [ 464282.12591374, 5422243.32792491 ] ], [ [ 464282.97214574, 5422436.0962048 ], [ 464276.59435974, 5422430.9089388 ], [ 464274.92196274, 5422417.2179588 ], [ 464273.41963975, 5422401.91127281 ], [ 464272.28581075, 5422388.95728182 ], [ 464270.84017975, 5422369.08693583 ], [ 464269.05439975, 5422350.60553084 ], [ 464267.55207675, 5422332.09577886 ], [ 464265.73795075, 5422312.65061887 ], [ 464265.17103675, 5422307.94523087 ], [ 464268.20402875, 5422303.97683087 ], [ 464267.66545975, 5422288.55676188 ], [ 464267.69380575, 5422275.31931289 ], [ 464264.71750575, 5422273.05165589 ], [ 464266.41824875, 5422254.6552879 ] ], [ [ 464276.21047074, 5422427.6605048 ], [ 464273.33047075, 5422427.9530048 ] ], [ [ 464272.43810875, 5422390.08915282 ], [ 464270.05310875, 5422390.22415282 ] ], [ [ 464263.07810875, 5422377.80415283 ], [ 464271.31310875, 5422376.04915283 ] ], [ [ 464269.64810875, 5422356.69915284 ], [ 464267.44310875, 5422356.96915284 ] ], [ [ 464289.26810873, 5422314.89415287 ], [ 464266.85810875, 5422325.06415286 ] ], [ [ 464267.71310875, 5422283.43915288 ], [ 464289.08810873, 5422282.35915288 ] ], [ [ 464267.62310875, 5422282.31415288 ], [ 464260.19810876, 5422282.53915288 ] ], [ [ 464264.83310875, 5422271.91915289 ], [ 464260.69310875, 5422271.91915289 ] ], [ [ 464336.96810869, 5422246.40415291 ], [ 464336.02310869, 5422248.9241529 ] ], [ [ 464373.72428566, 5422284.33725588 ], [ 464381.00999965, 5422287.19439888 ] ], [ [ 464354.86714268, 5422307.55154187 ], [ 464364.72428567, 5422308.83725587 ] ], [ [ 464371.29571366, 5422319.62297086 ], [ 464362.29571367, 5422317.05154186 ] ], [ [ 464366.79571367, 5422301.83725587 ], [ 464372.22428566, 5422303.69439887 ] ], [ [ 464359.65285667, 5422338.83725585 ], [ 464369.22428566, 5422338.62297085 ] ], [ [ 464361.08142867, 5422353.48011284 ], [ 464366.50999967, 5422352.62297084 ] ], [ [ 464365.72428567, 5422369.05154183 ], [ 464357.72428567, 5422370.90868483 ] ] ], "geometry_x": null, "geometry_y": null, "id": 102311078, "gemeinde": "Karlsruhe", "vorgangszeitraum_von": "2026-02-28T23:00:00Z", "vorgangszeitraum_bis": "2027-11-30T22:59:59Z", "art": "Gas bzw. Wasserversorgung", "lage": "Gänsbergstr., Eichwaldstr., Wiesentalstr. u. Höhenstr", "tagesbaustelle": null, "verursacher": "Stadtwerke Karlsruhe", "zusatzinfo": "Aufteilung nicht vorgenommen", "sperrung": "mit Verkehrsbehinderung", "projektnummer": 46170, "vorgangsnummer": "2025V5298", "datenquelle": "Stadt Karlsruhe", "stand": "2025-09-15T22:00:00Z", "index_right": 24.0, "Stadtteil_Nummer": "211", "Stadtteil": "Stupferich" }, "geometry": { "type": "MultiLineString", "coordinates": [ [ [ 464167.537645830016118, 5422461.625370780006051 ], [ 464172.356416829978116, 5422461.965518780052662 ], [ 464168.898239829984959, 5422465.140238779596984 ], [ 464172.469799829996191, 5422461.908827779814601 ], [ 464176.098050830012653, 5422457.486895780079067 ], [ 464176.268125829985365, 5422455.559387779794633 ], [ 464167.367570829985198, 5422455.786152790300548 ], [ 464176.268125829985365, 5422455.50269578024745 ], [ 464176.551582830026746, 5422450.910690779797733 ], [ 464170.882439829991199, 5422446.148610790260136 ] ], [ [ 464176.494890830013901, 5422451.562641779892147 ], [ 464177.770448820025194, 5422451.676024779677391 ], [ 464178.535782820021268, 5422452.469704790040851 ], [ 464187.663102819991764, 5422451.165801789611578 ], [ 464190.157525810005609, 5422450.712270789779723 ], [ 464193.24720881000394, 5422453.150001790374517 ], [ 464193.50231980998069, 5422453.46180479042232 ], [ 464237.041336780006532, 5422446.82890778966248 ], [ 464237.494868780020624, 5422449.209947790019214 ], [ 464237.041336780006532, 5422446.82890778966248 ], [ 464255.579433760023676, 5422443.852607790380716 ], [ 464270.914465749985538, 5422441.273147789761424 ], [ 464272.190022750000935, 5422437.900007789954543 ], [ 464277.320596739999019, 5422436.624450789764524 ], [ 464279.389833740016911, 5422436.170918799936771 ], [ 464283.046430739981588, 5422436.142572790384293 ], [ 464283.499962739995681, 5422439.203910790383816 ], [ 464277.745782740006689, 5422444.78801579028368 ], [ 464283.301542740024161, 5422451.902790780179203 ] ], [ [ 464282.989739739976358, 5422436.142572790384293 ], [ 464287.525053730001673, 5422435.065435790456831 ], [ 464291.663528729986865, 5422433.534767789766192 ], [ 464291.663528729986865, 5422431.975752799771726 ], [ 464301.017613719974179, 5422428.545921799726784 ], [ 464311.703948709997348, 5422424.407447800040245 ], [ 464321.679650700010825, 5422419.779858799651265 ], [ 464337.501079690002371, 5422412.958430809900165 ], [ 464340.608222690003458, 5422411.351287810131907 ], [ 464339.786793690000195, 5422410.422715810127556 ], [ 464339.251079690002371, 5422404.815572810359299 ] ], [ [ 464340.429650689999107, 5422411.422715810127556 ], [ 464350.322508679993916, 5422406.172715810127556 ], [ 464361.001079669978935, 5422400.494144819676876 ], [ 464362.893936669977847, 5422400.601287820376456 ], [ 464364.572508669982199, 5422399.458430820144713 ], [ 464369.108222669980023, 5422392.387001819908619 ], [ 464367.572508669982199, 5422381.244144819676876 ], [ 464366.608222669980023, 5422372.137001830153167 ], [ 464364.179650669975672, 5422363.244144840165973 ], [ 464362.072508669982199, 5422361.494144840165973 ], [ 464360.679650669975672, 5422351.208430839702487 ], [ 464359.53679366997676, 5422341.56557285040617 ], [ 464360.03679366997676, 5422331.994144859723747 ], [ 464360.429650669975672, 5422324.565572859719396 ], [ 464362.715365669981111, 5422315.565572859719396 ], [ 464368.072508669982199, 5422297.744144869968295 ], [ 464373.572508660028689, 5422284.387001880444586 ], [ 464383.715365650015883, 5422262.172715899534523 ], [ 464409.822508629993536, 5422274.637001889757812 ], [ 464422.929650619975291, 5422280.601287879981101 ], [ 464460.501079590001609, 5422286.851287879981101 ], [ 464461.465365590003785, 5422288.101287879981101 ], [ 464460.393936590000521, 5422296.851287879981101 ] ], [ [ 464460.358222590002697, 5422296.815572880208492 ], [ 464458.286793589999434, 5422318.529858860187232 ], [ 464457.572508590004873, 5422329.994144859723747 ], [ 464453.679650589998346, 5422337.244144850410521 ], [ 464447.715365600015502, 5422344.994144850410521 ], [ 464436.643936610023957, 5422353.85128783993423 ], [ 464424.286793619976379, 5422362.779858839698136 ], [ 464396.715365640004165, 5422380.851287829689682 ], [ 464377.608222660026513, 5422392.029858820140362 ], [ 464377.501079660025425, 5422392.637001819908619 ], [ 464372.822508660028689, 5422395.029858820140362 ], [ 464369.072508669982199, 5422392.387001819908619 ] ], [ [ 464383.751796650001779, 5422262.192998900078237 ], [ 464369.19822566001676, 5422257.442998900078237 ], [ 464352.14146867999807, 5422250.977438899688423 ], [ 464336.077488689974416, 5422246.16274491045624 ], [ 464318.753588709980249, 5422244.902824910357594 ], [ 464282.125913740019314, 5422243.327924910001457 ] ], [ [ 464282.972145740000997, 5422436.096204799599946 ], [ 464276.594359739974607, 5422430.908938799984753 ], [ 464274.92196274001617, 5422417.217958799563348 ], [ 464273.419639749976341, 5422401.911272809840739 ], [ 464272.285810749977827, 5422388.957281819544733 ], [ 464270.840179749997333, 5422369.086935830302536 ], [ 464269.054399750020821, 5422350.605530840344727 ], [ 464267.552076750027481, 5422332.095778860151768 ], [ 464265.737950749986339, 5422312.650618869811296 ], [ 464265.171036750019994, 5422307.945230869576335 ], [ 464268.204028750013094, 5422303.976830869913101 ], [ 464267.665459749987349, 5422288.556761880405247 ], [ 464267.693805749993771, 5422275.319312890060246 ], [ 464264.717505750013515, 5422273.051655890420079 ], [ 464266.418248749978375, 5422254.655287900008261 ] ], [ [ 464276.210470739984885, 5422427.660504800267518 ], [ 464273.330470749991946, 5422427.95300479978323 ] ], [ [ 464272.43810874997871, 5422390.089152820408344 ], [ 464270.053108750027604, 5422390.224152820184827 ] ], [ [ 464263.07810874999268, 5422377.804152829572558 ], [ 464271.31310874997871, 5422376.049152829684317 ] ], [ [ 464269.648108749999665, 5422356.699152840301394 ], [ 464267.443108749983367, 5422356.96915283985436 ] ], [ [ 464289.268108729971573, 5422314.89415287040174 ], [ 464266.858108750020619, 5422325.064152860082686 ] ], [ [ 464267.713108750001993, 5422283.43915287964046 ], [ 464289.088108729978558, 5422282.359152879565954 ] ], [ [ 464267.623108749976382, 5422282.31415287964046 ], [ 464260.198108759999741, 5422282.539152880199254 ] ], [ [ 464264.833108749997336, 5422271.919152890332043 ], [ 464260.693108749983367, 5422271.919152890332043 ] ], [ [ 464336.968108689994551, 5422246.404152910225093 ], [ 464336.023108689987566, 5422248.924152900464833 ] ], [ [ 464373.724285660020541, 5422284.337255880236626 ], [ 464381.009999650006648, 5422287.194398880004883 ] ], [ [ 464354.867142679984681, 5422307.551541870459914 ], [ 464364.724285669974051, 5422308.837255869992077 ] ], [ [ 464371.29571366001619, 5422319.62297086045146 ], [ 464362.295713670027908, 5422317.051541860215366 ] ], [ [ 464366.795713670027908, 5422301.837255869992077 ], [ 464372.224285660020541, 5422303.694398869760334 ] ], [ [ 464359.652856670028996, 5422338.837255850434303 ], [ 464369.224285660020541, 5422338.622970850206912 ] ], [ [ 464361.081428669975139, 5422353.480112840421498 ], [ 464366.509999669971876, 5422352.622970839962363 ] ], [ [ 464365.724285669974051, 5422369.051541830413043 ], [ 464357.724285669974051, 5422370.908684830181301 ] ] ] } },
{ "type": "Feature", "properties": { "type": "FeatureCollection", "totalFeatures": 270, "numberMatched": 270, "numberReturned": 270, "timeStamp": "2025-10-06T14:15:33.080Z", "crs_type": "name", "crs_properties_name": "urn:ogc:def:crs:EPSG::25832", "feature_type": "Feature", "feature_id": "baustellen_vorschau.102311079", "geometry_name": "geom", "geometry_type": "Point", "geometry_coordinates": [ 464360.17154667, 5422346.92129985 ], "geometry_x": 464360.17154667003, "geometry_y": 5422346.9212998496, "id": 102311079, "gemeinde": "Karlsruhe", "vorgangszeitraum_von": "2026-02-28T23:00:00Z", "vorgangszeitraum_bis": "2027-11-30T22:59:59Z", "art": "Gas bzw. Wasserversorgung", "lage": "Gänsbergstr., Eichwaldstr., Wiesentalstr. u. Höhenstr", "tagesbaustelle": null, "verursacher": "Stadtwerke Karlsruhe", "zusatzinfo": "Aufteilung nicht vorgenommen", "sperrung": "mit Verkehrsbehinderung", "projektnummer": 46170, "vorgangsnummer": "2025V5298", "datenquelle": "Stadt Karlsruhe", "stand": "2025-09-15T22:00:00Z", "index_right": 24.0, "Stadtteil_Nummer": "211", "Stadtteil": "Stupferich" }, "geometry": { "type": "Point", "coordinates": [ 464360.171546670026146, 5422346.921299849636853 ] } },
{ "type": "Feature", "properties": { "type": "FeatureCollection", "totalFeatures": 270, "numberMatched": 270, "numberReturned": 270, "timeStamp": "2025-10-06T14:15:33.080Z", "crs_type": "name", "crs_properties_name": "urn:ogc:def:crs:EPSG::25832", "feature_type": "Feature", "feature_id": "baustellen_vorschau.102311222", "geometry_name": "geom", "geometry_type": "Polygon", "geometry_coordinates": [ [ [ 455446.82601613, 5427892.32022363 ], [ 455445.35196413, 5427869.47242664 ], [ 455453.74271913, 5427868.39523564 ], [ 455454.47974413, 5427877.12615564 ], [ 455451.53164213, 5427877.52301563 ], [ 455452.38205613, 5427892.09344662 ], [ 455446.82601613, 5427892.32022363 ] ] ], "geometry_x": null, "geometry_y": null, "id": 102311222, "gemeinde": "Karlsruhe", "vorgangszeitraum_von": "2025-11-02T23:00:00Z", "vorgangszeitraum_bis": "2025-11-16T22:59:59Z", "art": "Fernwärmeversorgung", "lage": "Hirschstraße zw. Hirschbrücke u. Roonstraße", "tagesbaustelle": null, "verursacher": "Land Rheinland-Pfalz", "zusatzinfo": null, "sperrung": "mit Verkehrsbehinderung", "projektnummer": 46948, "vorgangsnummer": "2025V5284", "datenquelle": "Stadt Karlsruhe", "stand": "2025-09-15T22:00:00Z", "index_right": 6.0, "Stadtteil_Nummer": "042", "Stadtteil": "Mittlerer Teil" }, "geometry": { "type": "Polygon", "coordinates": [ [ [ 455446.826016129984055, 5427892.320223630405962 ], [ 455445.351964130008128, 5427869.472426639869809 ], [ 455453.742719130008481, 5427868.395235639996827 ], [ 455454.479744129988831, 5427877.126155639998615 ], [ 455451.531642129993998, 5427877.523015630431473 ], [ 455452.382056129979901, 5427892.093446619808674 ], [ 455446.826016129984055, 5427892.320223630405962 ] ] ] } },
{ "type": "Feature", "properties": { "type": "FeatureCollection", "totalFeatures": 270, "numberMatched": 270, "numberReturned": 270, "timeStamp": "2025-10-06T14:15:33.080Z", "crs_type": "name", "crs_properties_name": "urn:ogc:def:crs:EPSG::25832", "feature_type": "Feature", "feature_id": "baustellen_vorschau.102311223", "geometry_name": "geom", "geometry_type": "Point", "geometry_coordinates": [ 455449.51393213, 5427879.38207263 ], "geometry_x": 455449.51393213001, "geometry_y": 5427879.3820726303, "id": 102311223, "gemeinde": "Karlsruhe", "vorgangszeitraum_von": "2025-11-02T23:00:00Z", "vorgangszeitraum_bis": "2025-11-16T22:59:59Z", "art": "Fernwärmeversorgung", "lage": "Hirschstraße zw. Hirschbrücke u. Roonstraße", "tagesbaustelle": null, "verursacher": "Land Rheinland-Pfalz", "zusatzinfo": null, "sperrung": "mit Verkehrsbehinderung", "projektnummer": 46948, "vorgangsnummer": "2025V5284", "datenquelle": "Stadt Karlsruhe", "stand": "2025-09-15T22:00:00Z", "index_right": 6.0, "Stadtteil_Nummer": "042", "Stadtteil": "Mittlerer Teil" }, "geometry": { "type": "Point", "coordinates": [ 455449.51393213000847, 5427879.382072630338371 ] } },
{ "type": "Feature", "properties": { "type": "FeatureCollection", "totalFeatures": 270, "numberMatched": 270, "numberReturned": 270, "timeStamp": "2025-10-06T14:15:33.080Z", "crs_type": "name", "crs_properties_name": "urn:ogc:def:crs:EPSG::25832", "feature_type": "Feature", "feature_id": "baustellen_vorschau.102311228", "geometry_name": "geom", "geometry_type": "Polygon", "geometry_coordinates": [ [ [ 455452.72012013, 5427872.91485964 ], [ 455452.10215713, 5427865.39156564 ], [ 455451.06722313, 5427860.62186864 ], [ 455449.67231113, 5427858.59699664 ], [ 455448.23240313, 5427856.34713965 ], [ 455446.56750813, 5427854.63724865 ], [ 455444.49764013, 5427853.06234865 ], [ 455441.07785714, 5427852.11740865 ], [ 455442.20278614, 5427851.80242865 ], [ 455443.23772013, 5427851.44245065 ], [ 455444.27265413, 5427850.49751065 ], [ 455444.99260813, 5427849.68756265 ], [ 455445.62256813, 5427848.38264565 ], [ 455445.89255113, 5427846.44776865 ], [ 455445.98254613, 5427845.32283965 ], [ 455445.80255713, 5427843.61294865 ], [ 455445.71256313, 5427841.49808266 ], [ 455445.44258013, 5427839.15823066 ], [ 455452.07827113, 5427838.74054866 ], [ 455452.24116813, 5427840.39627665 ], [ 455452.63800813, 5427842.49385965 ], [ 455453.09154013, 5427843.96783665 ], [ 455454.22536813, 5427846.12211065 ], [ 455455.18912312, 5427847.59608865 ], [ 455456.83317412, 5427848.72991665 ], [ 455458.47722612, 5427849.46690565 ], [ 455460.80157412, 5427850.20389365 ], [ 455462.27555112, 5427850.26058565 ], [ 455463.63614512, 5427850.26058565 ], [ 455465.62034512, 5427850.14720265 ], [ 455465.86297712, 5427855.59343065 ], [ 455463.54154812, 5427855.91485965 ], [ 455460.97012012, 5427856.98628865 ], [ 455459.11297712, 5427858.45057364 ], [ 455457.54154812, 5427860.59343064 ], [ 455456.61297712, 5427862.77200264 ], [ 455456.04154812, 5427864.84343064 ], [ 455456.14869112, 5427867.34343064 ], [ 455456.32726312, 5427869.45057364 ], [ 455456.36297712, 5427872.62914564 ], [ 455452.72012013, 5427872.91485964 ] ] ], "geometry_x": null, "geometry_y": null, "id": 102311228, "gemeinde": "Karlsruhe", "vorgangszeitraum_von": "2025-11-16T23:00:00Z", "vorgangszeitraum_bis": "2025-12-23T22:59:59Z", "art": "Fernwärmeversorgung", "lage": "Kreuzungsbereich Hirsch- / Roonstraße", "tagesbaustelle": null, "verursacher": "Stadtwerke Karlsruhe", "zusatzinfo": null, "sperrung": "mit Vollsperrung", "projektnummer": 46948, "vorgangsnummer": "2025V5290", "datenquelle": "Stadt Karlsruhe", "stand": "2025-09-15T22:00:00Z", "index_right": 6.0, "Stadtteil_Nummer": "042", "Stadtteil": "Mittlerer Teil" }, "geometry": { "type": "Polygon", "coordinates": [ [ [ 455452.720120129990391, 5427872.914859640412033 ], [ 455452.102157130022533, 5427865.391565640456975 ], [ 455451.067223130026832, 5427860.621868640184402 ], [ 455449.672311129979789, 5427858.596996639855206 ], [ 455448.232403129979502, 5427856.347139650024474 ], [ 455446.567508129985072, 5427854.637248650193214 ], [ 455444.49764012999367, 5427853.062348649837077 ], [ 455441.077857139986008, 5427852.117408649995923 ], [ 455442.202786140027456, 5427851.802428649738431 ], [ 455443.237720130011439, 5427851.442450650036335 ], [ 455444.27265413000714, 5427850.497510650195181 ], [ 455444.99260812997818, 5427849.687562650069594 ], [ 455445.622568130027503, 5427848.382645649835467 ], [ 455445.892551129974891, 5427846.447768650017679 ], [ 455445.982546130020637, 5427845.322839650325477 ], [ 455445.802557129994966, 5427843.612948649562895 ], [ 455445.712563130015042, 5427841.498082660138607 ], [ 455445.442580130009446, 5427839.158230659551919 ], [ 455452.078271129983477, 5427838.740548660047352 ], [ 455452.241168130014557, 5427840.39627665001899 ], [ 455452.638008130015805, 5427842.493859649635851 ], [ 455453.09154012997169, 5427843.967836650088429 ], [ 455454.225368130020797, 5427846.122110649943352 ], [ 455455.189123119984288, 5427847.596088649705052 ], [ 455456.83317411999451, 5427848.729916649870574 ], [ 455458.477226120012347, 5427849.466905649751425 ], [ 455460.80157412000699, 5427850.203893650323153 ], [ 455462.275551119993906, 5427850.260585649870336 ], [ 455463.636145120020956, 5427850.260585649870336 ], [ 455465.620345120027196, 5427850.147202650085092 ], [ 455465.862977119977586, 5427855.593430650420487 ], [ 455463.541548119974323, 5427855.914859649725258 ], [ 455460.970120119978674, 5427856.986288649961352 ], [ 455459.112977119977586, 5427858.450573639944196 ], [ 455457.541548119974323, 5427860.593430640175939 ], [ 455456.612977119977586, 5427862.77200264018029 ], [ 455456.041548119974323, 5427864.843430640175939 ], [ 455456.14869111997541, 5427867.343430640175939 ], [ 455456.327263119979762, 5427869.450573639944196 ], [ 455456.362977119977586, 5427872.629145639948547 ], [ 455452.720120129990391, 5427872.914859640412033 ] ] ] } },
{ "type": "Feature", "properties": { "type": "FeatureCollection", "totalFeatures": 270, "numberMatched": 270, "numberReturned": 270, "timeStamp": "2025-10-06T14:15:33.080Z", "crs_type": "name", "crs_properties_name": "urn:ogc:def:crs:EPSG::25832", "feature_type": "Feature", "feature_id": "baustellen_vorschau.102311229", "geometry_name": "geom", "geometry_type": "Point", "geometry_coordinates": [ 455453.41104013, 5427853.60219465 ], "geometry_x": 455453.41104013001, "geometry_y": 5427853.6021946501, "id": 102311229, "gemeinde": "Karlsruhe", "vorgangszeitraum_von": "2025-11-16T23:00:00Z", "vorgangszeitraum_bis": "2025-12-23T22:59:59Z", "art": "Fernwärmeversorgung", "lage": "Kreuzungsbereich Hirsch- / Roonstraße", "tagesbaustelle": null, "verursacher": "Stadtwerke Karlsruhe", "zusatzinfo": null, "sperrung": "mit Vollsperrung", "projektnummer": 46948, "vorgangsnummer": "2025V5290", "datenquelle": "Stadt Karlsruhe", "stand": "2025-09-15T22:00:00Z", "index_right": 6.0, "Stadtteil_Nummer": "042", "Stadtteil": "Mittlerer Teil" }, "geometry": { "type": "Point", "coordinates": [ 455453.411040130013134, 5427853.602194650098681 ] } },
{ "type": "Feature", "properties": { "type": "FeatureCollection", "totalFeatures": 270, "numberMatched": 270, "numberReturned": 270, "timeStamp": "2025-10-06T14:15:33.080Z", "crs_type": "name", "crs_properties_name": "urn:ogc:def:crs:EPSG::25832", "feature_type": "Feature", "feature_id": "baustellen_vorschau.102311271", "geometry_name": "geom", "geometry_type": "Polygon", "geometry_coordinates": [ [ [ 455445.72221913, 5427841.71358965 ], [ 455445.40079013, 5427836.85644766 ], [ 455443.04364813, 5427835.99930466 ], [ 455441.86507614, 5427817.46358967 ], [ 455440.54364814, 5427800.46358968 ], [ 455437.97221914, 5427764.6064477 ], [ 455436.70436214, 5427748.94885271 ], [ 455443.45436213, 5427748.44885271 ], [ 455445.27579013, 5427770.6988527 ], [ 455447.02579013, 5427791.55599568 ], [ 455449.02579013, 5427816.87742467 ], [ 455450.69673913, 5427841.27714465 ], [ 455445.72221913, 5427841.71358965 ] ] ], "geometry_x": null, "geometry_y": null, "id": 102311271, "gemeinde": "Karlsruhe", "vorgangszeitraum_von": "2026-01-06T23:00:00Z", "vorgangszeitraum_bis": "2026-03-31T21:59:59Z", "art": "Bauliche Sondernutzung", "lage": "Hirschstraße zw. Roonstraße u. Klauprechtstraße", "tagesbaustelle": null, "verursacher": "Stadtwerke Karlsruhe", "zusatzinfo": null, "sperrung": "mit Vollsperrung", "projektnummer": 46948, "vorgangsnummer": "2025V5285", "datenquelle": "Stadt Karlsruhe", "stand": "2025-09-15T22:00:00Z", "index_right": 6.0, "Stadtteil_Nummer": "042", "Stadtteil": "Mittlerer Teil" }, "geometry": { "type": "Polygon", "coordinates": [ [ [ 455445.722219130024314, 5427841.713589649647474 ], [ 455445.400790130021051, 5427836.856447660364211 ], [ 455443.043648130027577, 5427835.999304659664631 ], [ 455441.865076139976736, 5427817.463589670136571 ], [ 455440.543648139981087, 5427800.463589680381119 ], [ 455437.972219139977824, 5427764.606447700411081 ], [ 455436.704362139978912, 5427748.948852710425854 ], [ 455443.454362130025402, 5427748.448852710425854 ], [ 455445.275790130021051, 5427770.698852700181305 ], [ 455447.025790130021051, 5427791.555995680391788 ], [ 455449.025790130021051, 5427816.877424670383334 ], [ 455450.696739130013157, 5427841.277144649997354 ], [ 455445.722219130024314, 5427841.713589649647474 ] ] ] } },
{ "type": "Feature", "properties": { "type": "FeatureCollection", "totalFeatures": 270, "numberMatched": 270, "numberReturned": 270, "timeStamp": "2025-10-06T14:15:33.080Z", "crs_type": "name", "crs_properties_name": "urn:ogc:def:crs:EPSG::25832", "feature_type": "Feature", "feature_id": "baustellen_vorschau.102311272", "geometry_name": "geom", "geometry_type": "Point", "geometry_coordinates": [ 455443.73279213, 5427794.97032868 ], "geometry_x": 455443.73279212997, "geometry_y": 5427794.9703286802, "id": 102311272, "gemeinde": "Karlsruhe", "vorgangszeitraum_von": "2026-01-06T23:00:00Z", "vorgangszeitraum_bis": "2026-03-31T21:59:59Z", "art": "Bauliche Sondernutzung", "lage": "Hirschstraße zw. Roonstraße u. Klauprechtstraße", "tagesbaustelle": null, "verursacher": "Stadtwerke Karlsruhe", "zusatzinfo": null, "sperrung": "mit Vollsperrung", "projektnummer": 46948, "vorgangsnummer": "2025V5285", "datenquelle": "Stadt Karlsruhe", "stand": "2025-09-15T22:00:00Z", "index_right": 6.0, "Stadtteil_Nummer": "042", "Stadtteil": "Mittlerer Teil" }, "geometry": { "type": "Point", "coordinates": [ 455443.73279212997295, 5427794.970328680239618 ] } },
{ "type": "Feature", "properties": { "type": "FeatureCollection", "totalFeatures": 270, "numberMatched": 270, "numberReturned": 270, "timeStamp": "2025-10-06T14:15:33.080Z", "crs_type": "name", "crs_properties_name": "urn:ogc:def:crs:EPSG::25832", "feature_type": "Feature", "feature_id": "baustellen_vorschau.102311284", "geometry_name": "geom", "geometry_type": "Polygon", "geometry_coordinates": [ [ [ 455439.24324814, 5427755.25781471 ], [ 455438.69422514, 5427748.78085771 ], [ 455438.12279714, 5427746.24514371 ], [ 455437.15851114, 5427744.56657171 ], [ 455435.65851114, 5427742.70942871 ], [ 455433.44422514, 5427741.03085771 ], [ 455431.76565414, 5427740.35228571 ], [ 455429.69422515, 5427740.06657172 ], [ 455429.33708315, 5427735.35228572 ], [ 455430.97994014, 5427735.06657172 ], [ 455432.58708314, 5427734.20942872 ], [ 455433.90851114, 5427733.06657172 ], [ 455435.01565414, 5427731.85228572 ], [ 455435.72994014, 5427730.85228572 ], [ 455436.47994014, 5427729.38800072 ], [ 455436.90851114, 5427727.42371472 ], [ 455437.01565414, 5427725.03085772 ], [ 455436.76928514, 5427721.81464073 ], [ 455443.78884013, 5427721.54465773 ], [ 455443.83383713, 5427723.38954072 ], [ 455444.50791413, 5427725.64969472 ], [ 455445.36286013, 5427726.59463472 ], [ 455446.12781113, 5427727.80955772 ], [ 455447.16274513, 5427728.97948372 ], [ 455448.42266513, 5427730.01441772 ], [ 455450.22255113, 5427730.64437772 ], [ 455452.38241413, 5427731.13934572 ], [ 455455.35222512, 5427731.13934572 ], [ 455457.82706812, 5427731.00435472 ], [ 455460.52689712, 5427730.82436572 ], [ 455464.12666812, 5427730.59938072 ], [ 455469.75131111, 5427730.19440572 ], [ 455469.88630311, 5427733.56919172 ], [ 455457.87206512, 5427734.37914072 ], [ 455453.95731413, 5427734.73911772 ], [ 455450.71752013, 5427735.68405772 ], [ 455449.81757713, 5427736.08903172 ], [ 455448.15268313, 5427737.61893472 ], [ 455447.25274013, 5427738.69886572 ], [ 455446.44279113, 5427739.91378871 ], [ 455445.81283113, 5427741.80366871 ], [ 455445.36286013, 5427743.51356071 ], [ 455445.45285413, 5427745.44843771 ], [ 455445.49785113, 5427747.38331471 ], [ 455445.54284813, 5427749.49818071 ], [ 455445.72283713, 5427751.74803771 ], [ 455445.90282513, 5427754.76284571 ], [ 455439.24324814, 5427755.25781471 ] ] ], "geometry_x": null, "geometry_y": null, "id": 102311284, "gemeinde": "Karlsruhe", "vorgangszeitraum_von": "2026-03-31T22:00:00Z", "vorgangszeitraum_bis": "2026-05-06T21:59:59Z", "art": "Fernwärmeversorgung", "lage": "Kreuzungsbereich Hirsch- / Klauprechtstraße", "tagesbaustelle": null, "verursacher": "Stadtwerke Karlsruhe", "zusatzinfo": null, "sperrung": "mit Vollsperrung", "projektnummer": 46948, "vorgangsnummer": "2025V5286", "datenquelle": "Stadt Karlsruhe", "stand": "2025-09-15T22:00:00Z", "index_right": 6.0, "Stadtteil_Nummer": "042", "Stadtteil": "Mittlerer Teil" }, "geometry": { "type": "Polygon", "coordinates": [ [ [ 455439.24324813997373, 5427755.25781471002847 ], [ 455438.694225139974151, 5427748.780857710167766 ], [ 455438.122797139978502, 5427746.24514370970428 ], [ 455437.158511139976326, 5427744.566571709699929 ], [ 455435.658511139976326, 5427742.709428709931672 ], [ 455433.444225139974151, 5427741.030857710167766 ], [ 455431.765654139977414, 5427740.352285710163414 ], [ 455429.694225149985868, 5427740.066571719944477 ], [ 455429.337083149992395, 5427735.352285720407963 ], [ 455430.97994013997959, 5427735.066571719944477 ], [ 455432.587083139980678, 5427734.20942872017622 ], [ 455433.908511139976326, 5427733.066571719944477 ], [ 455435.015654139977414, 5427731.852285720407963 ], [ 455435.72994013997959, 5427730.852285720407963 ], [ 455436.47994013997959, 5427729.388000720180571 ], [ 455436.908511139976326, 5427727.423714719712734 ], [ 455437.015654139977414, 5427725.030857720412314 ], [ 455436.769285139977001, 5427721.814640729688108 ], [ 455443.788840129971504, 5427721.544657729566097 ], [ 455443.83383712999057, 5427723.389540719799697 ], [ 455444.507914129993878, 5427725.649694720283151 ], [ 455445.362860129971523, 5427726.594634720124304 ], [ 455446.127811130019836, 5427727.809557720087469 ], [ 455447.162745130015537, 5427728.979483719915152 ], [ 455448.422665129997768, 5427730.014417720027268 ], [ 455450.222551129991189, 5427730.644377719610929 ], [ 455452.382414130028337, 5427731.139345720410347 ], [ 455455.352225120004732, 5427731.139345720410347 ], [ 455457.827068120008335, 5427731.004354720003903 ], [ 455460.526897119998466, 5427730.824365720152855 ], [ 455464.126668119977694, 5427730.599380720406771 ], [ 455469.751311109983362, 5427730.194405719637871 ], [ 455469.886303109989967, 5427733.569191720336676 ], [ 455457.872065120027401, 5427734.379140719771385 ], [ 455453.957314129977021, 5427734.739117720164359 ], [ 455450.717520129983313, 5427735.684057720005512 ], [ 455449.817577129986603, 5427736.089031719602644 ], [ 455448.152683129999787, 5427737.618934719823301 ], [ 455447.252740130003076, 5427738.698865720070899 ], [ 455446.44279112998629, 5427739.913788709789515 ], [ 455445.812831129995175, 5427741.803668710403144 ], [ 455445.362860129971523, 5427743.513560709543526 ], [ 455445.452854130009655, 5427745.448437710292637 ], [ 455445.497851130028721, 5427747.383314710110426 ], [ 455445.542848129989579, 5427749.498180709779263 ], [ 455445.72283713001525, 5427751.748037709854543 ], [ 455445.902825129975099, 5427754.76284570991993 ], [ 455439.24324813997373, 5427755.25781471002847 ] ] ] } },
{ "type": "Feature", "properties": { "type": "FeatureCollection", "totalFeatures": 270, "numberMatched": 270, "numberReturned": 270, "timeStamp": "2025-10-06T14:15:33.080Z", "crs_type": "name", "crs_properties_name": "urn:ogc:def:crs:EPSG::25832", "feature_type": "Feature", "feature_id": "baustellen_vorschau.102311285", "geometry_name": "geom", "geometry_type": "Point", "geometry_coordinates": [ 455443.84160813, 5427736.57289672 ], "geometry_x": 455443.84160813002, "geometry_y": 5427736.5728967199, "id": 102311285, "gemeinde": "Karlsruhe", "vorgangszeitraum_von": "2026-03-31T22:00:00Z", "vorgangszeitraum_bis": "2026-05-06T21:59:59Z", "art": "Fernwärmeversorgung", "lage": "Kreuzungsbereich Hirsch- / Klauprechtstraße", "tagesbaustelle": null, "verursacher": "Stadtwerke Karlsruhe", "zusatzinfo": null, "sperrung": "mit Vollsperrung", "projektnummer": 46948, "vorgangsnummer": "2025V5286", "datenquelle": "Stadt Karlsruhe", "stand": "2025-09-15T22:00:00Z", "index_right": 6.0, "Stadtteil_Nummer": "042", "Stadtteil": "Mittlerer Teil" }, "geometry": { "type": "Point", "coordinates": [ 455443.841608130023815, 5427736.572896719910204 ] } },
{ "type": "Feature", "properties": { "type": "FeatureCollection", "totalFeatures": 270, "numberMatched": 270, "numberReturned": 270, "timeStamp": "2025-10-06T14:15:33.080Z", "crs_type": "name", "crs_properties_name": "urn:ogc:def:crs:EPSG::25832", "feature_type": "Feature", "feature_id": "baustellen_vorschau.102311289", "geometry_name": "geom", "geometry_type": "Polygon", "geometry_coordinates": [ [ [ 455435.06356314, 5427724.22453773 ], [ 455434.61359214, 5427718.28491473 ], [ 455432.58872014, 5427691.15163774 ], [ 455430.83383214, 5427668.24809176 ], [ 455429.21393414, 5427646.42447777 ], [ 455427.45776615, 5427621.92520278 ], [ 455433.66432914, 5427621.35333178 ], [ 455435.37422014, 5427645.42680277 ], [ 455436.72413414, 5427666.03549476 ], [ 455439.33396914, 5427700.95327774 ], [ 455441.40383714, 5427723.72183172 ], [ 455435.06356314, 5427724.22453773 ] ] ], "geometry_x": null, "geometry_y": null, "id": 102311289, "gemeinde": "Karlsruhe", "vorgangszeitraum_von": "2026-05-06T22:00:00Z", "vorgangszeitraum_bis": "2026-07-15T21:59:59Z", "art": "Fernwärmeversorgung", "lage": "Hirschstraße zw. Klauprechtstraße u. Vorholzstraße", "tagesbaustelle": null, "verursacher": "Stadtwerke Karlsruhe", "zusatzinfo": null, "sperrung": "mit Vollsperrung", "projektnummer": 46948, "vorgangsnummer": "2025V5287", "datenquelle": "Stadt Karlsruhe", "stand": "2025-09-15T22:00:00Z", "index_right": 6.0, "Stadtteil_Nummer": "042", "Stadtteil": "Mittlerer Teil" }, "geometry": { "type": "Polygon", "coordinates": [ [ [ 455435.063563139992766, 5427724.22453773021698 ], [ 455434.613592140027322, 5427718.284914730116725 ], [ 455432.588720139989164, 5427691.151637740433216 ], [ 455430.833832140022423, 5427668.248091760091484 ], [ 455429.213934139988851, 5427646.424477769993246 ], [ 455427.457766150007956, 5427621.925202780403197 ], [ 455433.664329139981419, 5427621.353331780061126 ], [ 455435.374220139987301, 5427645.426802770234644 ], [ 455436.724134140007664, 5427666.035494759678841 ], [ 455439.333969140017871, 5427700.953277739696205 ], [ 455441.403837140009273, 5427723.721831720322371 ], [ 455435.063563139992766, 5427724.22453773021698 ] ] ] } },
{ "type": "Feature", "properties": { "type": "FeatureCollection", "totalFeatures": 270, "numberMatched": 270, "numberReturned": 270, "timeStamp": "2025-10-06T14:15:33.080Z", "crs_type": "name", "crs_properties_name": "urn:ogc:def:crs:EPSG::25832", "feature_type": "Feature", "feature_id": "baustellen_vorschau.102311290", "geometry_name": "geom", "geometry_type": "Point", "geometry_coordinates": [ 455434.26789614, 5427672.68432375 ], "geometry_x": 455434.26789613999, "geometry_y": 5427672.6843237504, "id": 102311290, "gemeinde": "Karlsruhe", "vorgangszeitraum_von": "2026-05-06T22:00:00Z", "vorgangszeitraum_bis": "2026-07-15T21:59:59Z", "art": "Fernwärmeversorgung", "lage": "Hirschstraße zw. Klauprechtstraße u. Vorholzstraße", "tagesbaustelle": null, "verursacher": "Stadtwerke Karlsruhe", "zusatzinfo": null, "sperrung": "mit Vollsperrung", "projektnummer": 46948, "vorgangsnummer": "2025V5287", "datenquelle": "Stadt Karlsruhe", "stand": "2025-09-15T22:00:00Z", "index_right": 6.0, "Stadtteil_Nummer": "042", "Stadtteil": "Mittlerer Teil" }, "geometry": { "type": "Point", "coordinates": [ 455434.267896139994264, 5427672.684323750436306 ] } },
{ "type": "Feature", "properties": { "type": "FeatureCollection", "totalFeatures": 270, "numberMatched": 270, "numberReturned": 270, "timeStamp": "2025-10-06T14:15:33.080Z", "crs_type": "name", "crs_properties_name": "urn:ogc:def:crs:EPSG::25832", "feature_type": "Feature", "feature_id": "baustellen_vorschau.102311342", "geometry_name": "geom", "geometry_type": "Polygon", "geometry_coordinates": [ [ [ 455424.64451815, 5427594.1988498 ], [ 455419.49804915, 5427525.41003584 ], [ 455416.35880415, 5427481.55599287 ], [ 455421.71594715, 5427480.91313587 ], [ 455423.85880415, 5427507.34170685 ], [ 455428.21594715, 5427563.77027882 ], [ 455430.50166114, 5427593.6988498 ], [ 455424.64451815, 5427594.1988498 ] ] ], "geometry_x": null, "geometry_y": null, "id": 102311342, "gemeinde": "Karlsruhe", "vorgangszeitraum_von": "2026-08-31T22:00:00Z", "vorgangszeitraum_bis": "2026-10-31T22:59:59Z", "art": "Fernwärmeversorgung", "lage": "Hirschstraße zw. Vorholzstraße u. Südendstraße", "tagesbaustelle": null, "verursacher": "Stadtwerke Karlsruhe", "zusatzinfo": null, "sperrung": "mit Verkehrsbehinderung", "projektnummer": 46948, "vorgangsnummer": "2025V5289", "datenquelle": "Stadt Karlsruhe", "stand": "2025-09-15T22:00:00Z", "index_right": 6.0, "Stadtteil_Nummer": "042", "Stadtteil": "Mittlerer Teil" }, "geometry": { "type": "Polygon", "coordinates": [ [ [ 455424.644518150016665, 5427594.198849800042808 ], [ 455419.498049149988219, 5427525.410035840235651 ], [ 455416.358804150018841, 5427481.555992869660258 ], [ 455421.715947150019929, 5427480.913135870359838 ], [ 455423.858804150018841, 5427507.341706849634647 ], [ 455428.215947150019929, 5427563.770278819836676 ], [ 455430.501661140006036, 5427593.698849800042808 ], [ 455424.644518150016665, 5427594.198849800042808 ] ] ] } },
{ "type": "Feature", "properties": { "type": "FeatureCollection", "totalFeatures": 270, "numberMatched": 270, "numberReturned": 270, "timeStamp": "2025-10-06T14:15:33.080Z", "crs_type": "name", "crs_properties_name": "urn:ogc:def:crs:EPSG::25832", "feature_type": "Feature", "feature_id": "baustellen_vorschau.102311343", "geometry_name": "geom", "geometry_type": "Point", "geometry_coordinates": [ 455423.36267815, 5427538.30643683 ], "geometry_x": 455423.36267815001, "geometry_y": 5427538.3064368302, "id": 102311343, "gemeinde": "Karlsruhe", "vorgangszeitraum_von": "2026-08-31T22:00:00Z", "vorgangszeitraum_bis": "2026-10-31T22:59:59Z", "art": "Fernwärmeversorgung", "lage": "Hirschstraße zw. Vorholzstraße u. Südendstraße", "tagesbaustelle": null, "verursacher": "Stadtwerke Karlsruhe", "zusatzinfo": null, "sperrung": "mit Verkehrsbehinderung", "projektnummer": 46948, "vorgangsnummer": "2025V5289", "datenquelle": "Stadt Karlsruhe", "stand": "2025-09-15T22:00:00Z", "index_right": 6.0, "Stadtteil_Nummer": "042", "Stadtteil": "Mittlerer Teil" }, "geometry": { "type": "Point", "coordinates": [ 455423.362678150006104, 5427538.306436830200255 ] } },
{ "type": "Feature", "properties": { "type": "FeatureCollection", "totalFeatures": 270, "numberMatched": 270, "numberReturned": 270, "timeStamp": "2025-10-06T14:15:33.080Z", "crs_type": "name", "crs_properties_name": "urn:ogc:def:crs:EPSG::25832", "feature_type": "Feature", "feature_id": "baustellen_vorschau.102311410", "geometry_name": "geom", "geometry_type": "Polygon", "geometry_coordinates": [ [ [ 455223.92748033, 5429038.30519195 ], [ 455223.92748033, 5429041.87662095 ], [ 455213.35605133, 5429042.73376395 ], [ 455211.64176534, 5429037.16233495 ], [ 455167.64176537, 5429042.44804895 ], [ 455164.78462337, 5429012.01947797 ], [ 455167.92748037, 5429011.87662097 ], [ 455170.78462337, 5429038.59090595 ], [ 455213.35605133, 5429034.01947795 ], [ 455213.92748033, 5429038.59090595 ], [ 455223.92748033, 5429038.30519195 ] ] ], "geometry_x": null, "geometry_y": null, "id": 102311410, "gemeinde": "Karlsruhe", "vorgangszeitraum_von": "2026-02-01T23:00:00Z", "vorgangszeitraum_bis": "2026-05-31T21:59:59Z", "art": "Fernwärmeversorgung", "lage": "Reinhold-Frank-Straße und Hoffstraße", "tagesbaustelle": null, "verursacher": "Stadtwerke Karlsruhe", "zusatzinfo": "Aufteilung nicht vorgenommen", "sperrung": "mit Verkehrsbehinderung", "projektnummer": 49909, "vorgangsnummer": "2025V3263", "datenquelle": "Stadt Karlsruhe", "stand": "2025-09-16T22:00:00Z", "index_right": 8.0, "Stadtteil_Nummer": "051", "Stadtteil": "Mittlerer Teil" }, "geometry": { "type": "Polygon", "coordinates": [ [ [ 455223.92748032999225, 5429038.305191949941218 ], [ 455223.92748032999225, 5429041.876620950177312 ], [ 455213.356051329988986, 5429042.733763949945569 ], [ 455211.641765339998528, 5429037.162334949709475 ], [ 455167.641765369975474, 5429042.448048950172961 ], [ 455164.784623369982, 5429012.019477969966829 ], [ 455167.927480369980913, 5429011.876620969735086 ], [ 455170.784623369982, 5429038.590905950404704 ], [ 455213.356051329988986, 5429034.019477950409055 ], [ 455213.92748032999225, 5429038.590905950404704 ], [ 455223.92748032999225, 5429038.305191949941218 ] ] ] } },
{ "type": "Feature", "properties": { "type": "FeatureCollection", "totalFeatures": 270, "numberMatched": 270, "numberReturned": 270, "timeStamp": "2025-10-06T14:15:33.080Z", "crs_type": "name", "crs_properties_name": "urn:ogc:def:crs:EPSG::25832", "feature_type": "Feature", "feature_id": "baustellen_vorschau.102311411", "geometry_name": "geom", "geometry_type": "Point", "geometry_coordinates": [ 455187.41556436, 5429038.43889395 ], "geometry_x": 455187.41556435998, "geometry_y": 5429038.4388939496, "id": 102311411, "gemeinde": "Karlsruhe", "vorgangszeitraum_von": "2026-02-01T23:00:00Z", "vorgangszeitraum_bis": "2026-05-31T21:59:59Z", "art": "Fernwärmeversorgung", "lage": "Reinhold-Frank-Straße und Hoffstraße", "tagesbaustelle": null, "verursacher": "Stadtwerke Karlsruhe", "zusatzinfo": "Aufteilung nicht vorgenommen", "sperrung": "mit Verkehrsbehinderung", "projektnummer": 49909, "vorgangsnummer": "2025V3263", "datenquelle": "Stadt Karlsruhe", "stand": "2025-09-16T22:00:00Z", "index_right": 8.0, "Stadtteil_Nummer": "051", "Stadtteil": "Mittlerer Teil" }, "geometry": { "type": "Point", "coordinates": [ 455187.415564359980635, 5429038.438893949612975 ] } },
{ "type": "Feature", "properties": { "type": "FeatureCollection", "totalFeatures": 270, "numberMatched": 270, "numberReturned": 270, "timeStamp": "2025-10-06T14:15:33.080Z", "crs_type": "name", "crs_properties_name": "urn:ogc:def:crs:EPSG::25832", "feature_type": "Feature", "feature_id": "baustellen_vorschau.102311528", "geometry_name": "geom", "geometry_type": "Polygon", "geometry_coordinates": [ [ [ 460504.22064894, 5431276.13147961 ], [ 460500.29469194, 5431266.86164861 ], [ 460509.19902193, 5431263.50772462 ], [ 460512.86875493, 5431272.90133661 ], [ 460504.22064894, 5431276.13147961 ] ] ], "geometry_x": null, "geometry_y": null, "id": 102311528, "gemeinde": "Karlsruhe", "vorgangszeitraum_von": "2025-11-30T23:00:00Z", "vorgangszeitraum_bis": "2025-12-06T22:59:59Z", "art": "Kanalbau", "lage": "K9659/ Schwetzinger Straße zw. Lindenplatz und Beuthener Straße", "tagesbaustelle": null, "verursacher": "Privat", "zusatzinfo": "Höhe Haus Nr 63", "sperrung": "mit Vollsperrung", "projektnummer": 52990, "vorgangsnummer": "2025V5351", "datenquelle": "Stadt Karlsruhe", "stand": "2025-09-16T22:00:00Z", "index_right": 56.0, "Stadtteil_Nummer": "181", "Stadtteil": "Alt-Hagsfeld" }, "geometry": { "type": "Polygon", "coordinates": [ [ [ 460504.220648940012325, 5431276.131479609757662 ], [ 460500.294691940012854, 5431266.861648609861732 ], [ 460509.199021929991432, 5431263.507724620401859 ], [ 460512.868754929979332, 5431272.90133661031723 ], [ 460504.220648940012325, 5431276.131479609757662 ] ] ] } },
{ "type": "Feature", "properties": { "type": "FeatureCollection", "totalFeatures": 270, "numberMatched": 270, "numberReturned": 270, "timeStamp": "2025-10-06T14:15:33.080Z", "crs_type": "name", "crs_properties_name": "urn:ogc:def:crs:EPSG::25832", "feature_type": "Feature", "feature_id": "baustellen_vorschau.102311529", "geometry_name": "geom", "geometry_type": "Point", "geometry_coordinates": [ 460506.63806894, 5431269.82627261 ], "geometry_x": 460506.63806894002, "geometry_y": 5431269.8262726096, "id": 102311529, "gemeinde": "Karlsruhe", "vorgangszeitraum_von": "2025-11-30T23:00:00Z", "vorgangszeitraum_bis": "2025-12-06T22:59:59Z", "art": "Kanalbau", "lage": "K9659/ Schwetzinger Straße zw. Lindenplatz und Beuthener Straße", "tagesbaustelle": null, "verursacher": "Privat", "zusatzinfo": "Höhe Haus Nr 63", "sperrung": "mit Vollsperrung", "projektnummer": 52990, "vorgangsnummer": "2025V5351", "datenquelle": "Stadt Karlsruhe", "stand": "2025-09-16T22:00:00Z", "index_right": 56.0, "Stadtteil_Nummer": "181", "Stadtteil": "Alt-Hagsfeld" }, "geometry": { "type": "Point", "coordinates": [ 460506.638068940024823, 5431269.826272609643638 ] } },
{ "type": "Feature", "properties": { "type": "FeatureCollection", "totalFeatures": 270, "numberMatched": 270, "numberReturned": 270, "timeStamp": "2025-10-06T14:15:33.080Z", "crs_type": "name", "crs_properties_name": "urn:ogc:def:crs:EPSG::25832", "feature_type": "Feature", "feature_id": "baustellen_vorschau.102311707", "geometry_name": "geom", "geometry_type": "MultiPolygon", "geometry_coordinates": [ [ [ [ 452938.73703924, 5430346.03482718 ], [ 452946.57743923, 5430339.92852719 ], [ 452949.19663923, 5430346.76622718 ], [ 452950.70943923, 5430348.70652718 ], [ 452953.53303923, 5430350.07802718 ], [ 452946.28093923, 5430355.72102718 ], [ 452938.73703924, 5430346.03482718 ] ] ], [ [ [ 452952.81743923, 5430335.06802719 ], [ 452954.71233923, 5430329.54082719 ], [ 452960.49873922, 5430317.8676272 ], [ 452963.51023922, 5430310.58512721 ], [ 452970.29023921, 5430307.1114272 ], [ 452990.2446392, 5430294.45202721 ], [ 452997.34983919, 5430312.1259272 ], [ 452997.99413919, 5430324.5435272 ], [ 452978.67683921, 5430339.38102719 ], [ 452971.86943921, 5430347.01482718 ], [ 452969.18113921, 5430346.61892718 ], [ 452959.86403922, 5430345.14642719 ], [ 452956.45623923, 5430342.05532719 ], [ 452955.11693923, 5430340.33702719 ], [ 452952.81743923, 5430335.06802719 ] ] ], [ [ [ 452955.19113923, 5430205.37962727 ], [ 452962.01143922, 5430222.43762726 ], [ 452966.08763922, 5430228.69432726 ], [ 452968.30873921, 5430237.24962725 ], [ 452974.33973921, 5430245.90022724 ], [ 452981.7325392, 5430274.32882722 ], [ 452983.6611392, 5430279.47162722 ], [ 452985.3754392, 5430282.72162722 ], [ 452988.6813392, 5430286.13152722 ], [ 452986.3457392, 5430288.29602722 ], [ 452977.01473921, 5430295.11602721 ], [ 452958.10703922, 5430222.81652726 ], [ 452955.19113923, 5430205.37962727 ] ] ], [ [ [ 452980.21173921, 5430345.16942718 ], [ 452990.0772392, 5430338.27012719 ], [ 453014.99103918, 5430432.34222713 ], [ 453016.79933918, 5430446.99052712 ], [ 453009.69353918, 5430438.56722713 ], [ 452999.47143919, 5430399.98432715 ], [ 452993.0898392, 5430390.02942716 ], [ 452980.21173921, 5430345.16942718 ] ] ], [ [ [ 453009.57303918, 5430302.60072721 ], [ 453057.33733914, 5430263.40272723 ], [ 453058.73413914, 5430266.67402723 ], [ 453038.36133916, 5430283.94742722 ], [ 453026.03313917, 5430295.90862721 ], [ 453014.57093918, 5430310.2519272 ], [ 453009.57303918, 5430302.60072721 ] ] ] ], "geometry_x": null, "geometry_y": null, "id": 102311707, "gemeinde": "Karlsruhe", "vorgangszeitraum_von": "2025-10-24T22:00:00Z", "vorgangszeitraum_bis": "2025-11-09T22:59:59Z", "art": "Gleisbau", "lage": "B36/ Neureuter Straße Kreuzungsbereich Siemensallee", "tagesbaustelle": null, "verursacher": "Verkehrsbetriebe Karlsruhe", "zusatzinfo": "Aufteilung nicht vorgenommen", "sperrung": "mit Verkehrsbehinderung", "projektnummer": 51322, "vorgangsnummer": "2025V2223", "datenquelle": "Stadt Karlsruhe", "stand": "2025-09-16T22:00:00Z", "index_right": null, "Stadtteil_Nummer": null, "Stadtteil": null }, "geometry": { "type": "MultiPolygon", "coordinates": [ [ [ [ 452938.73703924001893, 5430346.034827180206776 ], [ 452946.577439229993615, 5430339.928527190349996 ], [ 452949.196639230009168, 5430346.76622718013823 ], [ 452950.709439229976851, 5430348.706527180038393 ], [ 452953.533039229980204, 5430350.07802718039602 ], [ 452946.280939229996875, 5430355.72102717962116 ], [ 452938.73703924001893, 5430346.034827180206776 ] ] ], [ [ [ 452952.817439229984302, 5430335.068027189932764 ], [ 452954.712339229998179, 5430329.540827189572155 ], [ 452960.498739220027346, 5430317.867627199739218 ], [ 452963.51023921999149, 5430310.585127210244536 ], [ 452970.290239210007712, 5430307.11142720002681 ], [ 452990.244639199983794, 5430294.45202721003443 ], [ 452997.349839190021157, 5430312.125927199609578 ], [ 452997.994139190006536, 5430324.543527199886739 ], [ 452978.676839209976606, 5430339.38102719001472 ], [ 452971.869439209986012, 5430347.014827179722488 ], [ 452969.181139210006222, 5430346.618927179835737 ], [ 452959.864039219974075, 5430345.146427189931273 ], [ 452956.456239229999483, 5430342.055327190086246 ], [ 452955.116939230007119, 5430340.337027190253139 ], [ 452952.817439229984302, 5430335.068027189932764 ] ] ], [ [ [ 452955.191139229980763, 5430205.379627269692719 ], [ 452962.01143921999028, 5430222.437627259641886 ], [ 452966.08763922000071, 5430228.694327260367572 ], [ 452968.3087392100133, 5430237.249627250246704 ], [ 452974.339739209972322, 5430245.900227240286767 ], [ 452981.732539199991152, 5430274.328827220015228 ], [ 452983.661139199975878, 5430279.471627219580114 ], [ 452985.375439200026449, 5430282.721627219580114 ], [ 452988.681339200004004, 5430286.131527219898999 ], [ 452986.345739200012758, 5430288.296027219854295 ], [ 452977.014739210018888, 5430295.11602720990777 ], [ 452958.107039219990838, 5430222.816527259536088 ], [ 452955.191139229980763, 5430205.379627269692719 ] ] ], [ [ [ 452980.211739210004453, 5430345.169427179731429 ], [ 452990.07723920000717, 5430338.27012719027698 ], [ 453014.991039180022199, 5430432.342227130196989 ], [ 453016.799339179997332, 5430446.990527120418847 ], [ 453009.693539179977961, 5430438.56722712982446 ], [ 452999.471439189976081, 5430399.984327149577439 ], [ 452993.089839200023562, 5430390.029427159577608 ], [ 452980.211739210004453, 5430345.169427179731429 ] ] ], [ [ [ 453009.573039180017076, 5430302.600727209821343 ], [ 453057.337339140009135, 5430263.402727230452001 ], [ 453058.734139139996842, 5430266.674027229659259 ], [ 453038.361339160008356, 5430283.947427219711244 ], [ 453026.033139169972856, 5430295.908627210184932 ], [ 453014.570939179975539, 5430310.25192719977349 ], [ 453009.573039180017076, 5430302.600727209821343 ] ] ] ] } },
{ "type": "Feature", "properties": { "type": "FeatureCollection", "totalFeatures": 270, "numberMatched": 270, "numberReturned": 270, "timeStamp": "2025-10-06T14:15:33.080Z", "crs_type": "name", "crs_properties_name": "urn:ogc:def:crs:EPSG::25832", "feature_type": "Feature", "feature_id": "baustellen_vorschau.102311708", "geometry_name": "geom", "geometry_type": "Point", "geometry_coordinates": [ 452985.1589512, 5430324.7110182 ], "geometry_x": 452985.15895120002, "geometry_y": 5430324.7110182, "id": 102311708, "gemeinde": "Karlsruhe", "vorgangszeitraum_von": "2025-10-24T22:00:00Z", "vorgangszeitraum_bis": "2025-11-09T22:59:59Z", "art": "Gleisbau", "lage": "B36/ Neureuter Straße Kreuzungsbereich Siemensallee", "tagesbaustelle": null, "verursacher": "Verkehrsbetriebe Karlsruhe", "zusatzinfo": "Aufteilung nicht vorgenommen", "sperrung": "mit Verkehrsbehinderung", "projektnummer": 51322, "vorgangsnummer": "2025V2223", "datenquelle": "Stadt Karlsruhe", "stand": "2025-09-16T22:00:00Z", "index_right": 63.0, "Stadtteil_Nummer": "064", "Stadtteil": "Rennbuckel" }, "geometry": { "type": "Point", "coordinates": [ 452985.158951200020965, 5430324.711018200032413 ] } },
{ "type": "Feature", "properties": { "type": "FeatureCollection", "totalFeatures": 270, "numberMatched": 270, "numberReturned": 270, "timeStamp": "2025-10-06T14:15:33.080Z", "crs_type": "name", "crs_properties_name": "urn:ogc:def:crs:EPSG::25832", "feature_type": "Feature", "feature_id": "baustellen_vorschau.102311847", "geometry_name": "geom", "geometry_type": "Polygon", "geometry_coordinates": [ [ [ 455031.18273648, 5428828.85799607 ], [ 455067.18273646, 5428826.14371008 ], [ 455067.46845045, 5428827.14371007 ], [ 455094.68273643, 5428828.57228207 ], [ 455094.61130743, 5428829.92942407 ], [ 455087.32559344, 5428829.64371008 ], [ 455063.03987846, 5428872.64371005 ], [ 455066.39702146, 5428874.57228205 ], [ 455065.61130746, 5428875.78656705 ], [ 455061.25416446, 5428872.85799605 ], [ 455063.53987846, 5428868.64371005 ], [ 455085.61130744, 5428829.35799607 ], [ 455067.39702145, 5428828.92942407 ], [ 455066.11130746, 5428827.50085307 ], [ 455031.32559349, 5428830.14371007 ], [ 455031.18273648, 5428828.85799607 ] ] ], "geometry_x": null, "geometry_y": null, "id": 102311847, "gemeinde": "Karlsruhe", "vorgangszeitraum_von": "2025-10-26T23:00:00Z", "vorgangszeitraum_bis": "2025-11-30T22:59:59Z", "art": "Strom bzw. TK-Versorgung", "lage": "Kaiserallee/ Südliche Hildapromenade", "tagesbaustelle": null, "verursacher": "Stadtwerke Karlsruhe", "zusatzinfo": null, "sperrung": "mit Verkehrsbehinderung", "projektnummer": 52972, "vorgangsnummer": "2025V5278", "datenquelle": "Stadt Karlsruhe", "stand": "2025-09-17T22:00:00Z", "index_right": 8.0, "Stadtteil_Nummer": "051", "Stadtteil": "Mittlerer Teil" }, "geometry": { "type": "Polygon", "coordinates": [ [ [ 455031.182736480026506, 5428828.857996069826186 ], [ 455067.182736460003071, 5428826.143710079602897 ], [ 455067.468450449989177, 5428827.143710070289671 ], [ 455094.682736430026125, 5428828.572282070294023 ], [ 455094.611307430022862, 5428829.929424069821835 ], [ 455087.325593439978547, 5428829.643710079602897 ], [ 455063.039878459996544, 5428872.643710049800575 ], [ 455066.397021459997632, 5428874.572282049804926 ], [ 455065.611307459999807, 5428875.786567050032318 ], [ 455061.254164459998719, 5428872.857996050268412 ], [ 455063.539878459996544, 5428868.643710049800575 ], [ 455085.611307439976372, 5428829.357996069826186 ], [ 455067.397021449985914, 5428828.929424069821835 ], [ 455066.111307459999807, 5428827.500853070057929 ], [ 455031.325593489978928, 5428830.143710070289671 ], [ 455031.182736480026506, 5428828.857996069826186 ] ] ] } },
{ "type": "Feature", "properties": { "type": "FeatureCollection", "totalFeatures": 270, "numberMatched": 270, "numberReturned": 270, "timeStamp": "2025-10-06T14:15:33.080Z", "crs_type": "name", "crs_properties_name": "urn:ogc:def:crs:EPSG::25832", "feature_type": "Feature", "feature_id": "baustellen_vorschau.102311848", "geometry_name": "geom", "geometry_type": "Point", "geometry_coordinates": [ 455049.63542047, 5428828.10940607 ], "geometry_x": 455049.63542046997, "geometry_y": 5428828.1094060699, "id": 102311848, "gemeinde": "Karlsruhe", "vorgangszeitraum_von": "2025-10-26T23:00:00Z", "vorgangszeitraum_bis": "2025-11-30T22:59:59Z", "art": "Strom bzw. TK-Versorgung", "lage": "Kaiserallee/ Südliche Hildapromenade", "tagesbaustelle": null, "verursacher": "Stadtwerke Karlsruhe", "zusatzinfo": null, "sperrung": "mit Verkehrsbehinderung", "projektnummer": 52972, "vorgangsnummer": "2025V5278", "datenquelle": "Stadt Karlsruhe", "stand": "2025-09-17T22:00:00Z", "index_right": 8.0, "Stadtteil_Nummer": "051", "Stadtteil": "Mittlerer Teil" }, "geometry": { "type": "Point", "coordinates": [ 455049.635420469974633, 5428828.109406069852412 ] } },
{ "type": "Feature", "properties": { "type": "FeatureCollection", "totalFeatures": 270, "numberMatched": 270, "numberReturned": 270, "timeStamp": "2025-10-06T14:15:33.080Z", "crs_type": "name", "crs_properties_name": "urn:ogc:def:crs:EPSG::25832", "feature_type": "Feature", "feature_id": "baustellen_vorschau.102311955", "geometry_name": "geom", "geometry_type": "Polygon", "geometry_coordinates": [ [ [ 455528.78289407, 5428616.7746282 ], [ 455527.03096407, 5428613.5262102 ], [ 455529.61433307, 5428610.6840032 ], [ 455533.78289406, 5428614.2031992 ], [ 455528.78289407, 5428616.7746282 ] ] ], "geometry_x": null, "geometry_y": null, "id": 102311955, "gemeinde": "Karlsruhe", "vorgangszeitraum_von": "2025-10-19T22:00:00Z", "vorgangszeitraum_bis": "2025-10-31T22:59:59Z", "art": "Kanalbau", "lage": "Amalinestraße zw. Hirschstraße und Waldstraße", "tagesbaustelle": null, "verursacher": "Privat", "zusatzinfo": null, "sperrung": "mit Verkehrsbehinderung", "projektnummer": 53040, "vorgangsnummer": "2025V5396", "datenquelle": "Stadt Karlsruhe", "stand": "2025-09-18T22:00:00Z", "index_right": 43.0, "Stadtteil_Nummer": "022", "Stadtteil": "Westlicher Teil" }, "geometry": { "type": "Polygon", "coordinates": [ [ [ 455528.782894070027396, 5428616.774628199636936 ], [ 455527.030964069999754, 5428613.526210200041533 ], [ 455529.614333069999702, 5428610.684003200381994 ], [ 455533.782894060015678, 5428614.203199200332165 ], [ 455528.782894070027396, 5428616.774628199636936 ] ] ] } },
{ "type": "Feature", "properties": { "type": "FeatureCollection", "totalFeatures": 270, "numberMatched": 270, "numberReturned": 270, "timeStamp": "2025-10-06T14:15:33.080Z", "crs_type": "name", "crs_properties_name": "urn:ogc:def:crs:EPSG::25832", "feature_type": "Feature", "feature_id": "baustellen_vorschau.102311957", "geometry_name": "geom", "geometry_type": "Point", "geometry_coordinates": [ 455530.00479607, 5428613.8148942 ], "geometry_x": 455530.00479606999, "geometry_y": 5428613.8148942003, "id": 102311957, "gemeinde": "Karlsruhe", "vorgangszeitraum_von": "2025-10-19T22:00:00Z", "vorgangszeitraum_bis": "2025-10-31T22:59:59Z", "art": "Kanalbau", "lage": "Amalinestraße zw. Hirschstraße und Waldstraße", "tagesbaustelle": null, "verursacher": "Privat", "zusatzinfo": null, "sperrung": "mit Verkehrsbehinderung", "projektnummer": 53040, "vorgangsnummer": "2025V5396", "datenquelle": "Stadt Karlsruhe", "stand": "2025-09-18T22:00:00Z", "index_right": 43.0, "Stadtteil_Nummer": "022", "Stadtteil": "Westlicher Teil" }, "geometry": { "type": "Point", "coordinates": [ 455530.004796069988515, 5428613.81489420030266 ] } },
{ "type": "Feature", "properties": { "type": "FeatureCollection", "totalFeatures": 270, "numberMatched": 270, "numberReturned": 270, "timeStamp": "2025-10-06T14:15:33.080Z", "crs_type": "name", "crs_properties_name": "urn:ogc:def:crs:EPSG::25832", "feature_type": "Feature", "feature_id": "baustellen_vorschau.102311965", "geometry_name": "geom", "geometry_type": "Polygon", "geometry_coordinates": [ [ [ 455517.92575108, 5428616.0603422 ], [ 455539.06860806, 5428604.5603422 ], [ 455539.42575106, 5428613.7031992 ], [ 455523.99718007, 5428621.6317712 ], [ 455520.56860808, 5428620.2746282 ], [ 455517.92575108, 5428616.0603422 ] ] ], "geometry_x": null, "geometry_y": null, "id": 102311965, "gemeinde": "Karlsruhe", "vorgangszeitraum_von": "2025-10-19T22:00:00Z", "vorgangszeitraum_bis": "2025-10-31T22:59:59Z", "art": "Kanalbau", "lage": "Amalinestraße zw. Hirschstraße und Waldstraße", "tagesbaustelle": null, "verursacher": "Privat", "zusatzinfo": null, "sperrung": "mit Verkehrsbehinderung", "projektnummer": 53040, "vorgangsnummer": "2025V5396", "datenquelle": "Stadt Karlsruhe", "stand": "2025-09-18T22:00:00Z", "index_right": 43.0, "Stadtteil_Nummer": "022", "Stadtteil": "Westlicher Teil" }, "geometry": { "type": "Polygon", "coordinates": [ [ [ 455517.925751079979818, 5428616.060342200100422 ], [ 455539.068608060013503, 5428604.560342200100422 ], [ 455539.425751060014591, 5428613.703199200332165 ], [ 455523.997180069971364, 5428621.631771200336516 ], [ 455520.568608079978731, 5428620.274628199636936 ], [ 455517.925751079979818, 5428616.060342200100422 ] ] ] } },
{ "type": "Feature", "properties": { "type": "FeatureCollection", "totalFeatures": 270, "numberMatched": 270, "numberReturned": 270, "timeStamp": "2025-10-06T14:15:33.080Z", "crs_type": "name", "crs_properties_name": "urn:ogc:def:crs:EPSG::25832", "feature_type": "Feature", "feature_id": "baustellen_vorschau.102311966", "geometry_name": "geom", "geometry_type": "Point", "geometry_coordinates": [ 455529.81355207, 5428613.9201162 ], "geometry_x": 455529.81355207, "geometry_y": 5428613.9201162001, "id": 102311966, "gemeinde": "Karlsruhe", "vorgangszeitraum_von": "2025-10-19T22:00:00Z", "vorgangszeitraum_bis": "2025-10-31T22:59:59Z", "art": "Kanalbau", "lage": "Amalinestraße zw. Hirschstraße und Waldstraße", "tagesbaustelle": null, "verursacher": "Privat", "zusatzinfo": null, "sperrung": "mit Verkehrsbehinderung", "projektnummer": 53040, "vorgangsnummer": "2025V5396", "datenquelle": "Stadt Karlsruhe", "stand": "2025-09-18T22:00:00Z", "index_right": 43.0, "Stadtteil_Nummer": "022", "Stadtteil": "Westlicher Teil" }, "geometry": { "type": "Point", "coordinates": [ 455529.813552070001606, 5428613.920116200111806 ] } },
{ "type": "Feature", "properties": { "type": "FeatureCollection", "totalFeatures": 270, "numberMatched": 270, "numberReturned": 270, "timeStamp": "2025-10-06T14:15:33.080Z", "crs_type": "name", "crs_properties_name": "urn:ogc:def:crs:EPSG::25832", "feature_type": "Feature", "feature_id": "baustellen_vorschau.102312205", "geometry_name": "geom", "geometry_type": "Polygon", "geometry_coordinates": [ [ [ 460139.10177622, 5427778.18087168 ], [ 460135.24463322, 5427766.03801469 ], [ 460169.3874902, 5427755.75229969 ], [ 460170.53034719, 5427751.18087169 ], [ 460178.38749019, 5427748.7522997 ], [ 460183.53034718, 5427765.89515669 ], [ 460139.10177622, 5427778.18087168 ] ] ], "geometry_x": null, "geometry_y": null, "id": 102312205, "gemeinde": "Karlsruhe", "vorgangszeitraum_von": "2025-10-13T22:00:00Z", "vorgangszeitraum_bis": "2026-01-11T22:59:59Z", "art": "Gas bzw. Wasserversorgung", "lage": "Johann-Strauß-Straße zw. Am dm-Platz und Parkplatz Lorzingstraße/ Milliöeckerstraße", "tagesbaustelle": null, "verursacher": "Stadtwerke Karlsruhe", "zusatzinfo": "Aufteilung nicht vorgenommen", "sperrung": "mit Vollsperrung", "projektnummer": 41073, "vorgangsnummer": "2025V5400", "datenquelle": "Stadt Karlsruhe", "stand": "2025-09-21T22:00:00Z", "index_right": 54.0, "Stadtteil_Nummer": "192", "Stadtteil": "Dornwald-Untermühl" }, "geometry": { "type": "Polygon", "coordinates": [ [ [ 460139.101776220020838, 5427778.180871680378914 ], [ 460135.24463322001975, 5427766.038014690391719 ], [ 460169.387490199995227, 5427755.752299689687788 ], [ 460170.530347189982422, 5427751.18087168969214 ], [ 460178.387490189983509, 5427748.752299699932337 ], [ 460183.530347180028912, 5427765.895156689919531 ], [ 460139.101776220020838, 5427778.180871680378914 ] ] ] } },
{ "type": "Feature", "properties": { "type": "FeatureCollection", "totalFeatures": 270, "numberMatched": 270, "numberReturned": 270, "timeStamp": "2025-10-06T14:15:33.080Z", "crs_type": "name", "crs_properties_name": "urn:ogc:def:crs:EPSG::25832", "feature_type": "Feature", "feature_id": "baustellen_vorschau.102312206", "geometry_name": "geom", "geometry_type": "Point", "geometry_coordinates": [ 460160.5280482, 5427764.81796169 ], "geometry_x": 460160.52804820001, "geometry_y": 5427764.81796169, "id": 102312206, "gemeinde": "Karlsruhe", "vorgangszeitraum_von": "2025-10-13T22:00:00Z", "vorgangszeitraum_bis": "2026-01-11T22:59:59Z", "art": "Gas bzw. Wasserversorgung", "lage": "Johann-Strauß-Straße zw. Am dm-Platz und Parkplatz Lorzingstraße/ Milliöeckerstraße", "tagesbaustelle": null, "verursacher": "Stadtwerke Karlsruhe", "zusatzinfo": "Aufteilung nicht vorgenommen", "sperrung": "mit Vollsperrung", "projektnummer": 41073, "vorgangsnummer": "2025V5400", "datenquelle": "Stadt Karlsruhe", "stand": "2025-09-21T22:00:00Z", "index_right": 54.0, "Stadtteil_Nummer": "192", "Stadtteil": "Dornwald-Untermühl" }, "geometry": { "type": "Point", "coordinates": [ 460160.528048200008925, 5427764.817961690016091 ] } },
{ "type": "Feature", "properties": { "type": "FeatureCollection", "totalFeatures": 270, "numberMatched": 270, "numberReturned": 270, "timeStamp": "2025-10-06T14:15:33.080Z", "crs_type": "name", "crs_properties_name": "urn:ogc:def:crs:EPSG::25832", "feature_type": "Feature", "feature_id": "baustellen_vorschau.102312207", "geometry_name": "geom", "geometry_type": "Polygon", "geometry_coordinates": [ [ [ 460260.70885612, 5427733.5635857 ], [ 460253.56599913, 5427739.7064437 ], [ 460249.13742713, 5427741.8493007 ], [ 460206.56599916, 5427754.84930069 ], [ 460207.85171316, 5427758.56358569 ], [ 460183.70885618, 5427766.56358569 ], [ 460179.85171319, 5427755.42072869 ], [ 460205.28028417, 5427748.5635857 ], [ 460203.99457017, 5427742.7064437 ], [ 460210.56599916, 5427740.9921577 ], [ 460211.42314216, 5427743.4207287 ], [ 460249.70885613, 5427732.7064437 ], [ 460253.28028413, 5427728.13501471 ], [ 460260.70885612, 5427733.5635857 ] ] ], "geometry_x": null, "geometry_y": null, "id": 102312207, "gemeinde": "Karlsruhe", "vorgangszeitraum_von": "2026-01-11T23:00:00Z", "vorgangszeitraum_bis": "2026-05-14T21:59:59Z", "art": "Gas bzw. Wasserversorgung", "lage": "Johann-Strauß-Straße zw. Parkplatz Lorzingstraße/ Milliöeckerstraße und Durlacher Allee", "tagesbaustelle": null, "verursacher": "Stadtwerke Karlsruhe", "zusatzinfo": "Aufteilung nicht vorgenommen", "sperrung": "mit Vollsperrung", "projektnummer": 41073, "vorgangsnummer": "2025V5399", "datenquelle": "Stadt Karlsruhe", "stand": "2025-09-21T22:00:00Z", "index_right": 54.0, "Stadtteil_Nummer": "192", "Stadtteil": "Dornwald-Untermühl" }, "geometry": { "type": "Polygon", "coordinates": [ [ [ 460260.708856120007113, 5427733.563585699535906 ], [ 460253.565999130019918, 5427739.706443700008094 ], [ 460249.137427130015567, 5427741.849300700239837 ], [ 460206.565999159996863, 5427754.849300689995289 ], [ 460207.851713159994688, 5427758.563585690222681 ], [ 460183.708856180019211, 5427766.563585690222681 ], [ 460179.851713189971633, 5427755.420728689990938 ], [ 460205.280284170003142, 5427748.563585699535906 ], [ 460203.994570170005318, 5427742.706443700008094 ], [ 460210.565999159996863, 5427740.992157699540257 ], [ 460211.423142159997951, 5427743.420728700235486 ], [ 460249.70885613001883, 5427732.706443700008094 ], [ 460253.280284130014479, 5427728.135014710016549 ], [ 460260.708856120007113, 5427733.563585699535906 ] ] ] } },
{ "type": "Feature", "properties": { "type": "FeatureCollection", "totalFeatures": 270, "numberMatched": 270, "numberReturned": 270, "timeStamp": "2025-10-06T14:15:33.080Z", "crs_type": "name", "crs_properties_name": "urn:ogc:def:crs:EPSG::25832", "feature_type": "Feature", "feature_id": "baustellen_vorschau.102312208", "geometry_name": "geom", "geometry_type": "Point", "geometry_coordinates": [ 460217.62472016, 5427747.6210987 ], "geometry_x": 460217.62472015998, "geometry_y": 5427747.6210987, "id": 102312208, "gemeinde": "Karlsruhe", "vorgangszeitraum_von": "2026-01-11T23:00:00Z", "vorgangszeitraum_bis": "2026-05-14T21:59:59Z", "art": "Gas bzw. Wasserversorgung", "lage": "Johann-Strauß-Straße zw. Parkplatz Lorzingstraße/ Milliöeckerstraße und Durlacher Allee", "tagesbaustelle": null, "verursacher": "Stadtwerke Karlsruhe", "zusatzinfo": "Aufteilung nicht vorgenommen", "sperrung": "mit Vollsperrung", "projektnummer": 41073, "vorgangsnummer": "2025V5399", "datenquelle": "Stadt Karlsruhe", "stand": "2025-09-21T22:00:00Z", "index_right": 54.0, "Stadtteil_Nummer": "192", "Stadtteil": "Dornwald-Untermühl" }, "geometry": { "type": "Point", "coordinates": [ 460217.624720159976278, 5427747.621098699979484 ] } },
{ "type": "Feature", "properties": { "type": "FeatureCollection", "totalFeatures": 270, "numberMatched": 270, "numberReturned": 270, "timeStamp": "2025-10-06T14:15:33.080Z", "crs_type": "name", "crs_properties_name": "urn:ogc:def:crs:EPSG::25832", "feature_type": "Feature", "feature_id": "baustellen_vorschau.102312209", "geometry_name": "geom", "geometry_type": "Polygon", "geometry_coordinates": [ [ [ 460090.72769026, 5427778.75628268 ], [ 460092.87054726, 5427784.75628267 ], [ 460089.72769026, 5427786.47056867 ], [ 460090.87054726, 5427790.18485467 ], [ 460067.29911928, 5427797.61342567 ], [ 460065.01340428, 5427792.32771167 ], [ 460054.01340429, 5427795.89913967 ], [ 460043.0134043, 5427799.61342566 ], [ 460041.2991193, 5427792.89913967 ], [ 460052.58483329, 5427789.89913967 ], [ 460048.5848333, 5427776.61342568 ], [ 460059.58483329, 5427773.61342568 ], [ 460063.72769028, 5427786.75628267 ], [ 460090.72769026, 5427778.75628268 ] ] ], "geometry_x": null, "geometry_y": null, "id": 102312209, "gemeinde": "Karlsruhe", "vorgangszeitraum_von": "2026-07-19T22:00:00Z", "vorgangszeitraum_bis": "2026-09-09T21:59:59Z", "art": "Gas bzw. Wasserversorgung", "lage": "Johann-Strauß-Straße zw. Hans-Pfizner-Straße und Am dm-Platz", "tagesbaustelle": null, "verursacher": "Stadtwerke Karlsruhe", "zusatzinfo": "Aufteilung nicht vorgenommen", "sperrung": "mit Vollsperrung", "projektnummer": 41073, "vorgangsnummer": "2025V5401", "datenquelle": "Stadt Karlsruhe", "stand": "2025-09-21T22:00:00Z", "index_right": 54.0, "Stadtteil_Nummer": "192", "Stadtteil": "Dornwald-Untermühl" }, "geometry": { "type": "Polygon", "coordinates": [ [ [ 460090.727690259984229, 5427778.756282679736614 ], [ 460092.870547259983141, 5427784.756282670423388 ], [ 460089.727690259984229, 5427786.470568669959903 ], [ 460090.870547259983141, 5427790.18485467042774 ], [ 460067.299119280010927, 5427797.613425670191646 ], [ 460065.013404280005489, 5427792.32771166972816 ], [ 460054.013404290017206, 5427795.899139669723809 ], [ 460043.013404300028924, 5427799.613425659947097 ], [ 460041.299119299976155, 5427792.899139669723809 ], [ 460052.58483329002047, 5427789.899139669723809 ], [ 460048.58483329997398, 5427776.613425680436194 ], [ 460059.58483329002047, 5427773.613425680436194 ], [ 460063.727690280007664, 5427786.756282670423388 ], [ 460090.727690259984229, 5427778.756282679736614 ] ] ] } },
{ "type": "Feature", "properties": { "type": "FeatureCollection", "totalFeatures": 270, "numberMatched": 270, "numberReturned": 270, "timeStamp": "2025-10-06T14:15:33.080Z", "crs_type": "name", "crs_properties_name": "urn:ogc:def:crs:EPSG::25832", "feature_type": "Feature", "feature_id": "baustellen_vorschau.102312211", "geometry_name": "geom", "geometry_type": "Point", "geometry_coordinates": [ 460066.38010528, 5427787.63303267 ], "geometry_x": 460066.38010528003, "geometry_y": 5427787.6330326702, "id": 102312211, "gemeinde": "Karlsruhe", "vorgangszeitraum_von": "2026-07-19T22:00:00Z", "vorgangszeitraum_bis": "2026-09-09T21:59:59Z", "art": "Gas bzw. Wasserversorgung", "lage": "Johann-Strauß-Straße zw. Hans-Pfizner-Straße und Am dm-Platz", "tagesbaustelle": null, "verursacher": "Stadtwerke Karlsruhe", "zusatzinfo": "Aufteilung nicht vorgenommen", "sperrung": "mit Vollsperrung", "projektnummer": 41073, "vorgangsnummer": "2025V5401", "datenquelle": "Stadt Karlsruhe", "stand": "2025-09-21T22:00:00Z", "index_right": 54.0, "Stadtteil_Nummer": "192", "Stadtteil": "Dornwald-Untermühl" }, "geometry": { "type": "Point", "coordinates": [ 460066.380105280026328, 5427787.633032670244575 ] } },
{ "type": "Feature", "properties": { "type": "FeatureCollection", "totalFeatures": 270, "numberMatched": 270, "numberReturned": 270, "timeStamp": "2025-10-06T14:15:33.080Z", "crs_type": "name", "crs_properties_name": "urn:ogc:def:crs:EPSG::25832", "feature_type": "Feature", "feature_id": "baustellen_vorschau.102312254", "geometry_name": "geom", "geometry_type": "MultiPolygon", "geometry_coordinates": [ [ [ [ 457621.22111633, 5428771.8151311 ], [ 457616.36397333, 5428769.6722741 ], [ 457617.36397333, 5428763.24370211 ], [ 457618.50683033, 5428763.95798811 ], [ 457617.50683033, 5428768.5294161 ], [ 457620.64968733, 5428769.9579881 ], [ 457621.22111633, 5428771.8151311 ] ] ], [ [ [ 457635.50683031, 5428777.5294161 ], [ 457635.22111631, 5428780.38655909 ], [ 457626.22111632, 5428774.6722741 ], [ 457627.22111632, 5428772.5294161 ], [ 457635.50683031, 5428777.5294161 ] ] ], [ [ [ 457732.28293723, 5428829.44233107 ], [ 457729.22152324, 5428834.09114506 ], [ 457682.84676627, 5428807.44550208 ], [ 457644.86255131, 5428785.44867409 ], [ 457644.06885131, 5428789.53055909 ], [ 457642.70822331, 5428789.53055909 ], [ 457642.93499431, 5428784.99513109 ], [ 457639.87358031, 5428783.29434509 ], [ 457640.55389431, 5428781.25340209 ], [ 457664.47828029, 5428794.51953109 ], [ 457728.54120924, 5428831.36988806 ], [ 457730.24199424, 5428828.42185907 ], [ 457732.28293723, 5428829.44233107 ] ] ] ], "geometry_x": null, "geometry_y": null, "id": 102312254, "gemeinde": "Karlsruhe", "vorgangszeitraum_von": "2025-10-17T22:00:00Z", "vorgangszeitraum_bis": "2025-11-28T22:59:59Z", "art": "Strom bzw. TK-Versorgung", "lage": "Karl-Wilhem-Straße zw. Parkstraße und Adenauerring", "tagesbaustelle": null, "verursacher": "Stadtwerke Karlsruhe", "zusatzinfo": "Arbeitsstelle im Geh- und Radweg, Notgehweg auf der Fahrbahn", "sperrung": "mit Verkehrsbehinderung", "projektnummer": 52647, "vorgangsnummer": "2025V5422", "datenquelle": "Stadt Karlsruhe", "stand": "2025-09-21T22:00:00Z", "index_right": 58.0, "Stadtteil_Nummer": "073", "Stadtteil": "Westlicher Teil" }, "geometry": { "type": "MultiPolygon", "coordinates": [ [ [ [ 457621.221116330008954, 5428771.815131099894643 ], [ 457616.363973330007866, 5428769.6722740996629 ], [ 457617.363973330007866, 5428763.243702109903097 ], [ 457618.506830330006778, 5428763.957988110370934 ], [ 457617.506830330006778, 5428768.529416100122035 ], [ 457620.64968733000569, 5428769.957988100126386 ], [ 457621.221116330008954, 5428771.815131099894643 ] ] ], [ [ [ 457635.506830309983343, 5428777.529416100122035 ], [ 457635.221116309985518, 5428780.386559089645743 ], [ 457626.221116319997236, 5428774.6722740996629 ], [ 457627.221116319997236, 5428772.529416100122035 ], [ 457635.506830309983343, 5428777.529416100122035 ] ] ], [ [ [ 457732.282937230018433, 5428829.4423310700804 ], [ 457729.221523239975795, 5428834.091145060025156 ], [ 457682.846766269998625, 5428807.445502080023289 ], [ 457644.862551309983246, 5428785.448674090206623 ], [ 457644.068851310003083, 5428789.530559089966118 ], [ 457642.708223310008179, 5428789.530559089966118 ], [ 457642.934994310024194, 5428784.995131090283394 ], [ 457639.873580310028046, 5428783.294345090165734 ], [ 457640.553894310025498, 5428781.253402089700103 ], [ 457664.478280289971735, 5428794.519531089812517 ], [ 457728.541209239978343, 5428831.369888059794903 ], [ 457730.241994239971973, 5428828.421859069727361 ], [ 457732.282937230018433, 5428829.4423310700804 ] ] ] ] } },
{ "type": "Feature", "properties": { "type": "FeatureCollection", "totalFeatures": 270, "numberMatched": 270, "numberReturned": 270, "timeStamp": "2025-10-06T14:15:33.080Z", "crs_type": "name", "crs_properties_name": "urn:ogc:def:crs:EPSG::25832", "feature_type": "Feature", "feature_id": "baustellen_vorschau.102312471", "geometry_name": "geom", "geometry_type": "LineString", "geometry_coordinates": [ [ 460154.58751621, 5427908.6779196 ], [ 460151.35610421, 5427909.5849826 ], [ 460143.87283622, 5427882.31640562 ], [ 460132.87469923, 5427847.05433764 ], [ 460120.68604224, 5427805.83966866 ], [ 460117.73810624, 5427796.42893967 ], [ 460119.94906924, 5427795.86202867 ], [ 460119.15538424, 5427793.19751767 ], [ 460146.42395021, 5427785.71421167 ], [ 460146.93417321, 5427787.47164567 ], [ 460154.02060221, 5427785.31737167 ], [ 460151.01599821, 5427774.37601568 ], [ 460170.1209672, 5427768.93354868 ], [ 460175.86279719, 5427767.34220568 ], [ 460176.16889219, 5427758.71886869 ], [ 460181.51594419, 5427757.48187969 ], [ 460180.55219019, 5427753.34340569 ], [ 460214.34028216, 5427743.7625547 ], [ 460245.91740713, 5427734.57854271 ], [ 460249.14881913, 5427736.3359777 ], [ 460254.13766412, 5427733.16125771 ] ], "geometry_x": null, "geometry_y": null, "id": 102312471, "gemeinde": "Karlsruhe", "vorgangszeitraum_von": "2026-05-14T22:00:00Z", "vorgangszeitraum_bis": "2026-07-19T21:59:59Z", "art": "Gas bzw. Wasserversorgung", "lage": "Johann-Strauß-Straße zw. Parkplatz Lorzingstraße/ Milliöeckerstraße und Durlacher Allee", "tagesbaustelle": null, "verursacher": "Stadtwerke Karlsruhe", "zusatzinfo": null, "sperrung": "mit Vollsperrung", "projektnummer": 41073, "vorgangsnummer": "2025V5450", "datenquelle": "Stadt Karlsruhe", "stand": "2025-09-21T22:00:00Z", "index_right": 54.0, "Stadtteil_Nummer": "192", "Stadtteil": "Dornwald-Untermühl" }, "geometry": { "type": "LineString", "coordinates": [ [ 460154.587516209983733, 5427908.67791960015893 ], [ 460151.356104210019112, 5427909.584982600063086 ], [ 460143.872836220019963, 5427882.31640562042594 ], [ 460132.874699230014812, 5427847.054337640292943 ], [ 460120.686042240005918, 5427805.83966866042465 ], [ 460117.738106239994522, 5427796.428939670324326 ], [ 460119.949069240014069, 5427795.862028669565916 ], [ 460119.1553842399735, 5427793.197517669759691 ], [ 460146.423950209980831, 5427785.714211669750512 ], [ 460146.934173210000154, 5427787.47164567001164 ], [ 460154.020602210017387, 5427785.317371670156717 ], [ 460151.015998210001271, 5427774.376015679910779 ], [ 460170.120967200025916, 5427768.933548679575324 ], [ 460175.862797190027777, 5427767.34220567997545 ], [ 460176.168892189976759, 5427758.718868689611554 ], [ 460181.515944189974107, 5427757.481879689730704 ], [ 460180.552190190006513, 5427753.343405690044165 ], [ 460214.340282159973867, 5427743.762554699555039 ], [ 460245.917407130007632, 5427734.578542710281909 ], [ 460249.148819129972253, 5427736.335977699607611 ], [ 460254.137664120004047, 5427733.161257710307837 ] ] } },
{ "type": "Feature", "properties": { "type": "FeatureCollection", "totalFeatures": 270, "numberMatched": 270, "numberReturned": 270, "timeStamp": "2025-10-06T14:15:33.080Z", "crs_type": "name", "crs_properties_name": "urn:ogc:def:crs:EPSG::25832", "feature_type": "Feature", "feature_id": "baustellen_vorschau.102312472", "geometry_name": "geom", "geometry_type": "MultiLineString", "geometry_coordinates": [ [ [ 460050.1494383, 5427790.84725067 ], [ 460052.92731829, 5427789.96853367 ], [ 460053.63596129, 5427788.74966767 ], [ 460062.47982429, 5427786.11351667 ], [ 460064.35064128, 5427786.62373867 ], [ 460089.35156126, 5427779.25385368 ], [ 460120.33342724, 5427770.43833668 ], [ 460131.64336723, 5427767.15023368 ], [ 460133.96771523, 5427775.62560168 ] ], [ [ 460131.57263823, 5427767.17022769 ], [ 460152.15370121, 5427761.24537669 ], [ 460169.1061472, 5427756.39777069 ], [ 460170.60862119, 5427753.36447369 ], [ 460168.4257812, 5427745.2851307 ], [ 460181.49447319, 5427741.3730277 ], [ 460201.45186717, 5427735.47652471 ], [ 460207.74525016, 5427733.6055187 ], [ 460210.41001516, 5427742.1100907 ], [ 460211.34551816, 5427743.4141247 ], [ 460214.43551316, 5427743.3574277 ], [ 460241.96197513, 5427734.2575367 ] ], [ [ 460212.42298116, 5427743.4018247 ], [ 460205.69935317, 5427747.7995107 ], [ 460201.86006717, 5427748.9066537 ], [ 460180.50292419, 5427755.12093869 ], [ 460178.46721019, 5427755.81736769 ], [ 460169.6279242, 5427755.37093869 ] ] ], "geometry_x": null, "geometry_y": null, "id": 102312472, "gemeinde": "Karlsruhe", "vorgangszeitraum_von": "2026-05-14T22:00:00Z", "vorgangszeitraum_bis": "2026-07-19T21:59:59Z", "art": "Gas bzw. Wasserversorgung", "lage": "Johann-Strauß-Straße zw. Parkplatz Lorzingstraße/ Milliöeckerstraße und Durlacher Allee", "tagesbaustelle": null, "verursacher": "Stadtwerke Karlsruhe", "zusatzinfo": null, "sperrung": "mit Vollsperrung", "projektnummer": 41073, "vorgangsnummer": "2025V5450", "datenquelle": "Stadt Karlsruhe", "stand": "2025-09-21T22:00:00Z", "index_right": 54.0, "Stadtteil_Nummer": "192", "Stadtteil": "Dornwald-Untermühl" }, "geometry": { "type": "MultiLineString", "coordinates": [ [ [ 460050.149438299995381, 5427790.847250670194626 ], [ 460052.9273182899924, 5427789.968533669598401 ], [ 460053.635961289983243, 5427788.749667669646442 ], [ 460062.479824290028773, 5427786.113516669720411 ], [ 460064.35064128000522, 5427786.623738669790328 ], [ 460089.3515612600022, 5427779.253853679634631 ], [ 460120.333427240024321, 5427770.438336679711938 ], [ 460131.643367230019066, 5427767.150233680382371 ], [ 460133.96771523001371, 5427775.625601680018008 ] ], [ [ 460131.572638229990844, 5427767.170227689668536 ], [ 460152.153701209987048, 5427761.245376690290868 ], [ 460169.106147199985571, 5427756.397770689800382 ], [ 460170.608621190011036, 5427753.364473690278828 ], [ 460168.425781199999619, 5427745.285130700096488 ], [ 460181.494473189988639, 5427741.373027699999511 ], [ 460201.451867169991601, 5427735.47652470972389 ], [ 460207.745250159990974, 5427733.605518699623644 ], [ 460210.410015159985051, 5427742.110090699978173 ], [ 460211.345518159971107, 5427743.414124700240791 ], [ 460214.435513160016853, 5427743.357427700422704 ], [ 460241.961975130019709, 5427734.257536699995399 ] ], [ [ 460212.422981159994379, 5427743.40182469971478 ], [ 460205.699353169999085, 5427747.799510699696839 ], [ 460201.86006716999691, 5427748.906653700396419 ], [ 460180.502924190019257, 5427755.120938690379262 ], [ 460178.467210190021433, 5427755.817367689684033 ], [ 460169.627924199972767, 5427755.370938690379262 ] ] ] } },
{ "type": "Feature", "properties": { "type": "FeatureCollection", "totalFeatures": 270, "numberMatched": 270, "numberReturned": 270, "timeStamp": "2025-10-06T14:15:33.080Z", "crs_type": "name", "crs_properties_name": "urn:ogc:def:crs:EPSG::25832", "feature_type": "Feature", "feature_id": "baustellen_vorschau.102312473", "geometry_name": "geom", "geometry_type": "MultiLineString", "geometry_coordinates": [ [ [ 460247.70749013, 5427734.3283447 ], [ 460246.81451013, 5427734.1440787 ], [ 460245.62382113, 5427737.2906937 ], [ 460231.42380114, 5427741.3696357 ], [ 460210.77220416, 5427747.5425527 ], [ 460208.20699816, 5427739.6651477 ], [ 460207.64449816, 5427739.2601477 ] ], [ [ 460210.75803016, 5427747.5400757 ], [ 460204.91615017, 5427749.3133817 ], [ 460177.89949819, 5427756.87764769 ], [ 460175.25440619, 5427755.95157069 ], [ 460166.6719982, 5427758.38514769 ], [ 460150.87699821, 5427763.04264769 ], [ 460129.27699823, 5427769.23014768 ], [ 460106.59699825, 5427775.73264768 ], [ 460074.60199827, 5427784.98014767 ], [ 460063.23949828, 5427788.31014767 ], [ 460051.20199829, 5427791.86514767 ], [ 460050.68449829, 5427792.60764767 ] ], [ [ 460059.75227529, 5427789.35319667 ], [ 460058.76007529, 5427785.59701068 ], [ 460053.91247029, 5427786.90104467 ], [ 460053.82742429, 5427786.48999067 ] ], [ [ 460172.49454419, 5427756.72399069 ], [ 460172.28193019, 5427755.74596469 ], [ 460172.49454419, 5427755.22151669 ], [ 460171.68661019, 5427751.63542169 ], [ 460169.7022102, 5427751.02592769 ] ], [ [ 460172.49454419, 5427756.69564169 ], [ 460175.49949319, 5427768.82883068 ] ] ], "geometry_x": null, "geometry_y": null, "id": 102312473, "gemeinde": "Karlsruhe", "vorgangszeitraum_von": "2026-05-14T22:00:00Z", "vorgangszeitraum_bis": "2026-07-19T21:59:59Z", "art": "Gas bzw. Wasserversorgung", "lage": "Johann-Strauß-Straße zw. Parkplatz Lorzingstraße/ Milliöeckerstraße und Durlacher Allee", "tagesbaustelle": null, "verursacher": "Stadtwerke Karlsruhe", "zusatzinfo": null, "sperrung": "mit Vollsperrung", "projektnummer": 41073, "vorgangsnummer": "2025V5450", "datenquelle": "Stadt Karlsruhe", "stand": "2025-09-21T22:00:00Z", "index_right": 54.0, "Stadtteil_Nummer": "192", "Stadtteil": "Dornwald-Untermühl" }, "geometry": { "type": "MultiLineString", "coordinates": [ [ [ 460247.707490129978396, 5427734.328344699926674 ], [ 460246.814510129974224, 5427734.144078699871898 ], [ 460245.623821130022407, 5427737.290693700313568 ], [ 460231.423801139986608, 5427741.369635700248182 ], [ 460210.772204159991816, 5427747.542552700266242 ], [ 460208.206998159992509, 5427739.665147700347006 ], [ 460207.644498159992509, 5427739.260147700086236 ] ], [ [ 460210.75803015998099, 5427747.540075699798763 ], [ 460204.916150169970933, 5427749.313381699845195 ], [ 460177.899498189974111, 5427756.877647689543664 ], [ 460175.25440619001165, 5427755.951570689678192 ], [ 460166.671998200006783, 5427758.385147689841688 ], [ 460150.876998209976591, 5427763.042647689580917 ], [ 460129.27699823002331, 5427769.230147680267692 ], [ 460106.596998249995522, 5427775.732647679746151 ], [ 460074.601998270023614, 5427784.980147670023143 ], [ 460063.239498279988766, 5427788.310147670097649 ], [ 460051.201998290023766, 5427791.865147669799626 ], [ 460050.684498290007468, 5427792.607647670432925 ] ], [ [ 460059.752275290025864, 5427789.353196670301259 ], [ 460058.76007528998889, 5427785.597010679543018 ], [ 460053.912470289971679, 5427786.901044669561088 ], [ 460053.827424290007912, 5427786.489990670233965 ] ], [ [ 460172.494544190005399, 5427756.723990689963102 ], [ 460172.281930189987179, 5427755.745964690111578 ], [ 460172.494544190005399, 5427755.221516690216959 ], [ 460171.686610190023202, 5427751.635421689599752 ], [ 460169.702210200019181, 5427751.025927689857781 ] ], [ [ 460172.494544190005399, 5427756.695641689933836 ], [ 460175.499493189970963, 5427768.828830679878592 ] ] ] } },
{ "type": "Feature", "properties": { "type": "FeatureCollection", "totalFeatures": 270, "numberMatched": 270, "numberReturned": 270, "timeStamp": "2025-10-06T14:15:33.080Z", "crs_type": "name", "crs_properties_name": "urn:ogc:def:crs:EPSG::25832", "feature_type": "Feature", "feature_id": "baustellen_vorschau.102312474", "geometry_name": "geom", "geometry_type": "MultiLineString", "geometry_coordinates": [ [ [ 460247.30507813, 5427734.6420747 ], [ 460247.96579313, 5427741.0170747 ], [ 460247.55507813, 5427742.6956467 ], [ 460245.78722113, 5427743.7670747 ], [ 460235.43007814, 5427747.0349327 ], [ 460223.82293615, 5427751.76707469 ], [ 460214.19793616, 5427755.26707469 ], [ 460203.76936417, 5427758.78493269 ], [ 460191.32293618, 5427762.69564669 ] ], [ [ 460214.53329316, 5427755.11493269 ], [ 460210.87257816, 5427746.4720747 ], [ 460208.42615016, 5427739.5613607 ], [ 460208.60472116, 5427738.9185037 ] ], [ [ 460211.40829316, 5427747.7042177 ], [ 460203.97972117, 5427749.9185037 ], [ 460188.05115018, 5427754.31136069 ], [ 460177.90829319, 5427757.11493269 ], [ 460175.21186419, 5427756.20421769 ], [ 460170.64043619, 5427757.48993269 ] ], [ [ 460172.69400719, 5427756.90064669 ], [ 460172.46186419, 5427755.95421769 ], [ 460172.65829319, 5427755.25778969 ], [ 460171.90829319, 5427751.65064669 ], [ 460172.10472119, 5427751.29350369 ] ], [ [ 460170.72972119, 5427757.45421769 ], [ 460161.3547212, 5427760.15064669 ], [ 460146.55115021, 5427764.50778969 ], [ 460130.17615023, 5427769.15064668 ], [ 460116.47972124, 5427773.06136068 ], [ 460092.44400726, 5427780.07921768 ], [ 460073.72972128, 5427785.40064667 ], [ 460056.92615029, 5427790.40064667 ], [ 460051.28329329, 5427792.04350367 ], [ 460051.05115029, 5427792.57921767 ] ], [ [ 460060.01543629, 5427789.48993267 ], [ 460059.14043629, 5427786.25778967 ] ] ], "geometry_x": null, "geometry_y": null, "id": 102312474, "gemeinde": "Karlsruhe", "vorgangszeitraum_von": "2026-05-14T22:00:00Z", "vorgangszeitraum_bis": "2026-07-19T21:59:59Z", "art": "Gas bzw. Wasserversorgung", "lage": "Johann-Strauß-Straße zw. Parkplatz Lorzingstraße/ Milliöeckerstraße und Durlacher Allee", "tagesbaustelle": null, "verursacher": "Stadtwerke Karlsruhe", "zusatzinfo": null, "sperrung": "mit Vollsperrung", "projektnummer": 41073, "vorgangsnummer": "2025V5450", "datenquelle": "Stadt Karlsruhe", "stand": "2025-09-21T22:00:00Z", "index_right": 54.0, "Stadtteil_Nummer": "192", "Stadtteil": "Dornwald-Untermühl" }, "geometry": { "type": "MultiLineString", "coordinates": [ [ [ 460247.305078129982576, 5427734.642074700444937 ], [ 460247.965793129988015, 5427741.017074700444937 ], [ 460247.555078129982576, 5427742.695646700449288 ], [ 460245.787221129983664, 5427743.767074700444937 ], [ 460235.430078139994293, 5427747.034932699985802 ], [ 460223.822936150012538, 5427751.767074690200388 ], [ 460214.197936160024256, 5427755.267074690200388 ], [ 460203.769364169973414, 5427758.784932689741254 ], [ 460191.322936179989483, 5427762.69564669020474 ] ], [ [ 460214.533293160027824, 5427755.11493268981576 ], [ 460210.872578160022385, 5427746.47207469958812 ], [ 460208.426150160026737, 5427739.561360700055957 ], [ 460208.604721160023473, 5427738.918503699824214 ] ], [ [ 460211.408293160027824, 5427747.7042177002877 ], [ 460203.979721169976983, 5427749.918503699824214 ], [ 460188.051150179991964, 5427754.311360689811409 ], [ 460177.90829319000477, 5427757.11493268981576 ], [ 460175.211864190001506, 5427756.204217690043151 ], [ 460170.640436190005857, 5427757.48993268981576 ] ], [ [ 460172.694007190002594, 5427756.900646690279245 ], [ 460172.461864190001506, 5427755.954217690043151 ], [ 460172.65829319000477, 5427755.257789690047503 ], [ 460171.90829319000477, 5427751.650646690279245 ], [ 460172.104721190000419, 5427751.293503689579666 ] ], [ [ 460170.729721190000419, 5427757.454217690043151 ], [ 460161.354721200012136, 5427760.150646690279245 ], [ 460146.551150210027117, 5427764.507789690047503 ], [ 460130.176150229992345, 5427769.150646680034697 ], [ 460116.479721240000799, 5427773.06136067956686 ], [ 460092.44400726002641, 5427780.079217679798603 ], [ 460073.729721279989462, 5427785.400646669790149 ], [ 460056.926150290004443, 5427790.400646669790149 ], [ 460051.283293290005531, 5427792.043503670021892 ], [ 460051.051150290004443, 5427792.579217669554055 ] ], [ [ 460060.015436290006619, 5427789.489932670257986 ], [ 460059.140436290006619, 5427786.257789669558406 ] ] ] } },
{ "type": "Feature", "properties": { "type": "FeatureCollection", "totalFeatures": 270, "numberMatched": 270, "numberReturned": 270, "timeStamp": "2025-10-06T14:15:33.080Z", "crs_type": "name", "crs_properties_name": "urn:ogc:def:crs:EPSG::25832", "feature_type": "Feature", "feature_id": "baustellen_vorschau.102312475", "geometry_name": "geom", "geometry_type": "Point", "geometry_coordinates": [ 460154.02060221, 5427785.31737167 ], "geometry_x": 460154.02060221002, "geometry_y": 5427785.3173716702, "id": 102312475, "gemeinde": "Karlsruhe", "vorgangszeitraum_von": "2026-05-14T22:00:00Z", "vorgangszeitraum_bis": "2026-07-19T21:59:59Z", "art": "Gas bzw. Wasserversorgung", "lage": "Johann-Strauß-Straße zw. Parkplatz Lorzingstraße/ Milliöeckerstraße und Durlacher Allee", "tagesbaustelle": null, "verursacher": "Stadtwerke Karlsruhe", "zusatzinfo": null, "sperrung": "mit Vollsperrung", "projektnummer": 41073, "vorgangsnummer": "2025V5450", "datenquelle": "Stadt Karlsruhe", "stand": "2025-09-21T22:00:00Z", "index_right": 54.0, "Stadtteil_Nummer": "192", "Stadtteil": "Dornwald-Untermühl" }, "geometry": { "type": "Point", "coordinates": [ 460154.020602210017387, 5427785.317371670156717 ] } },
{ "type": "Feature", "properties": { "type": "FeatureCollection", "totalFeatures": 270, "numberMatched": 270, "numberReturned": 270, "timeStamp": "2025-10-06T14:15:33.080Z", "crs_type": "name", "crs_properties_name": "urn:ogc:def:crs:EPSG::25832", "feature_type": "Feature", "feature_id": "baustellen_vorschau.102312476", "geometry_name": "geom", "geometry_type": "Point", "geometry_coordinates": [ 460156.11201421, 5427760.11348469 ], "geometry_x": 460156.11201421003, "geometry_y": 5427760.11348469, "id": 102312476, "gemeinde": "Karlsruhe", "vorgangszeitraum_von": "2026-05-14T22:00:00Z", "vorgangszeitraum_bis": "2026-07-19T21:59:59Z", "art": "Gas bzw. Wasserversorgung", "lage": "Johann-Strauß-Straße zw. Parkplatz Lorzingstraße/ Milliöeckerstraße und Durlacher Allee", "tagesbaustelle": null, "verursacher": "Stadtwerke Karlsruhe", "zusatzinfo": null, "sperrung": "mit Vollsperrung", "projektnummer": 41073, "vorgangsnummer": "2025V5450", "datenquelle": "Stadt Karlsruhe", "stand": "2025-09-21T22:00:00Z", "index_right": 54.0, "Stadtteil_Nummer": "192", "Stadtteil": "Dornwald-Untermühl" }, "geometry": { "type": "Point", "coordinates": [ 460156.112014210026246, 5427760.113484689965844 ] } },
{ "type": "Feature", "properties": { "type": "FeatureCollection", "totalFeatures": 270, "numberMatched": 270, "numberReturned": 270, "timeStamp": "2025-10-06T14:15:33.080Z", "crs_type": "name", "crs_properties_name": "urn:ogc:def:crs:EPSG::25832", "feature_type": "Feature", "feature_id": "baustellen_vorschau.102312477", "geometry_name": "geom", "geometry_type": "Point", "geometry_coordinates": [ 460150.41047021, 5427763.17628869 ], "geometry_x": 460150.41047021002, "geometry_y": 5427763.1762886904, "id": 102312477, "gemeinde": "Karlsruhe", "vorgangszeitraum_von": "2026-05-14T22:00:00Z", "vorgangszeitraum_bis": "2026-07-19T21:59:59Z", "art": "Gas bzw. Wasserversorgung", "lage": "Johann-Strauß-Straße zw. Parkplatz Lorzingstraße/ Milliöeckerstraße und Durlacher Allee", "tagesbaustelle": null, "verursacher": "Stadtwerke Karlsruhe", "zusatzinfo": null, "sperrung": "mit Vollsperrung", "projektnummer": 41073, "vorgangsnummer": "2025V5450", "datenquelle": "Stadt Karlsruhe", "stand": "2025-09-21T22:00:00Z", "index_right": 54.0, "Stadtteil_Nummer": "192", "Stadtteil": "Dornwald-Untermühl" }, "geometry": { "type": "Point", "coordinates": [ 460150.410470210015774, 5427763.176288690418005 ] } },
{ "type": "Feature", "properties": { "type": "FeatureCollection", "totalFeatures": 270, "numberMatched": 270, "numberReturned": 270, "timeStamp": "2025-10-06T14:15:33.080Z", "crs_type": "name", "crs_properties_name": "urn:ogc:def:crs:EPSG::25832", "feature_type": "Feature", "feature_id": "baustellen_vorschau.102312478", "geometry_name": "geom", "geometry_type": "Point", "geometry_coordinates": [ 460159.5172202, 5427760.69147969 ], "geometry_x": 460159.51722019998, "geometry_y": 5427760.6914796904, "id": 102312478, "gemeinde": "Karlsruhe", "vorgangszeitraum_von": "2026-05-14T22:00:00Z", "vorgangszeitraum_bis": "2026-07-19T21:59:59Z", "art": "Gas bzw. Wasserversorgung", "lage": "Johann-Strauß-Straße zw. Parkplatz Lorzingstraße/ Milliöeckerstraße und Durlacher Allee", "tagesbaustelle": null, "verursacher": "Stadtwerke Karlsruhe", "zusatzinfo": null, "sperrung": "mit Vollsperrung", "projektnummer": 41073, "vorgangsnummer": "2025V5450", "datenquelle": "Stadt Karlsruhe", "stand": "2025-09-21T22:00:00Z", "index_right": 54.0, "Stadtteil_Nummer": "192", "Stadtteil": "Dornwald-Untermühl" }, "geometry": { "type": "Point", "coordinates": [ 460159.517220199981239, 5427760.691479690372944 ] } },
{ "type": "Feature", "properties": { "type": "FeatureCollection", "totalFeatures": 270, "numberMatched": 270, "numberReturned": 270, "timeStamp": "2025-10-06T14:15:33.080Z", "crs_type": "name", "crs_properties_name": "urn:ogc:def:crs:EPSG::25832", "feature_type": "Feature", "feature_id": "baustellen_vorschau.102312635", "geometry_name": "geom", "geometry_type": "Polygon", "geometry_coordinates": [ [ [ 450711.56958008, 5428524.81696127 ], [ 450711.93489108, 5428520.50727427 ], [ 450734.89115106, 5428522.47597127 ], [ 450736.36930506, 5428526.85507827 ], [ 450728.84514107, 5428527.52262827 ], [ 450725.46764107, 5428529.54752827 ], [ 450724.81404107, 5428531.65612826 ], [ 450724.90910207, 5428535.41297426 ], [ 450727.13822107, 5428551.00023525 ], [ 450727.85817607, 5428558.55976225 ], [ 450730.19802907, 5428561.25959225 ], [ 450734.15778106, 5428562.69950225 ], [ 450741.89729606, 5428563.23946825 ], [ 450742.07728506, 5428570.97898324 ], [ 450724.79836807, 5428570.43901724 ], [ 450714.17903308, 5428571.33896124 ], [ 450697.2600931, 5428572.95885924 ], [ 450673.50158212, 5428577.63856624 ], [ 450637.50383815, 5428589.15784423 ], [ 450621.84481916, 5428596.53738223 ], [ 450606.36578917, 5428604.63687422 ], [ 450588.72689419, 5428616.87610721 ], [ 450582.96725519, 5428610.21652522 ], [ 450593.22661218, 5428602.65699822 ], [ 450608.88563117, 5428593.29758523 ], [ 450625.80457116, 5428584.83811523 ], [ 450644.88337514, 5428576.73862224 ], [ 450664.50214612, 5428570.61900624 ], [ 450683.94092811, 5428565.75931024 ], [ 450691.5004541, 5428563.95942324 ], [ 450707.69943909, 5428562.15953625 ], [ 450712.73912308, 5428561.79955925 ], [ 450715.79893108, 5428559.99967125 ], [ 450718.49876208, 5428555.67994225 ], [ 450717.95879608, 5428541.28084426 ], [ 450717.41883008, 5428535.70119426 ], [ 450716.69887508, 5428528.14166827 ], [ 450715.07897708, 5428525.62182627 ], [ 450711.47920208, 5428525.26184827 ], [ 450711.56958008, 5428524.81696127 ] ] ], "geometry_x": null, "geometry_y": null, "id": 102312635, "gemeinde": "Karlsruhe", "vorgangszeitraum_von": "2025-12-04T23:00:00Z", "vorgangszeitraum_bis": "2025-12-07T22:59:59Z", "art": "Straßenbau", "lage": "Fettweisstraße Höhe Einmündung Daxlander Straße bis Industriestraße, Engstelle mit Lichtsignal auf der Daxlander Straße", "tagesbaustelle": null, "verursacher": "Tiefbauamt", "zusatzinfo": null, "sperrung": "mit Vollsperrung", "projektnummer": 46572, "vorgangsnummer": "2025V5468", "datenquelle": "Stadt Karlsruhe", "stand": "2025-09-25T22:00:00Z", "index_right": null, "Stadtteil_Nummer": null, "Stadtteil": null }, "geometry": { "type": "Polygon", "coordinates": [ [ [ 450711.569580079987645, 5428524.816961269825697 ], [ 450711.934891080018133, 5428520.507274270057678 ], [ 450734.891151060000993, 5428522.475971270352602 ], [ 450736.369305060012266, 5428526.855078269727528 ], [ 450728.845141070021782, 5428527.522628270089626 ], [ 450725.467641070019454, 5428529.547528269700706 ], [ 450724.814041069999803, 5428531.656128260307014 ], [ 450724.909102070028894, 5428535.41297425981611 ], [ 450727.13822106999578, 5428551.000235250219703 ], [ 450727.858176069974434, 5428558.559762249700725 ], [ 450730.19802906998666, 5428561.25959224998951 ], [ 450734.157781060028356, 5428562.699502250179648 ], [ 450741.897296059993096, 5428563.23946825042367 ], [ 450742.077285060018767, 5428570.978983240202069 ], [ 450724.798368069983553, 5428570.439017239958048 ], [ 450714.179033079999499, 5428571.338961239904165 ], [ 450697.260093100019731, 5428572.958859239704907 ], [ 450673.50158212002134, 5428577.638566239736974 ], [ 450637.503838150005322, 5428589.157844229601324 ], [ 450621.844819160003681, 5428596.537382230162621 ], [ 450606.36578917002771, 5428604.636874220333993 ], [ 450588.72689419001108, 5428616.876107210293412 ], [ 450582.967255190014839, 5428610.216525220312178 ], [ 450593.226612180005759, 5428602.656998219899833 ], [ 450608.8856311700074, 5428593.297585230320692 ], [ 450625.804571159998886, 5428584.838115230202675 ], [ 450644.883375140023418, 5428576.738622239790857 ], [ 450664.502146120008547, 5428570.619006239809096 ], [ 450683.940928109979723, 5428565.759310239925981 ], [ 450691.500454100023489, 5428563.959423240274191 ], [ 450707.699439089978114, 5428562.159536249935627 ], [ 450712.739123079983983, 5428561.799559249542654 ], [ 450715.798931079974864, 5428559.999671249650419 ], [ 450718.498762079980224, 5428555.67994225025177 ], [ 450717.958796080027241, 5428541.280844260007143 ], [ 450717.41883008001605, 5428535.701194260269403 ], [ 450716.698875079979189, 5428528.141668270342052 ], [ 450715.078977080003824, 5428525.62182626966387 ], [ 450711.479202079994138, 5428525.261848269961774 ], [ 450711.569580079987645, 5428524.816961269825697 ] ] ] } },
{ "type": "Feature", "properties": { "type": "FeatureCollection", "totalFeatures": 270, "numberMatched": 270, "numberReturned": 270, "timeStamp": "2025-10-06T14:15:33.080Z", "crs_type": "name", "crs_properties_name": "urn:ogc:def:crs:EPSG::25832", "feature_type": "Feature", "feature_id": "baustellen_vorschau.102312645", "geometry_name": "geom", "geometry_type": "Polygon", "geometry_coordinates": [ [ [ 450685.04775111, 5428572.06319024 ], [ 450697.1408771, 5428569.16300324 ], [ 450709.67984109, 5428567.95062824 ], [ 450724.32816107, 5428567.06390324 ], [ 450751.88545905, 5428566.97930324 ], [ 450751.83264105, 5428570.41362824 ], [ 450728.75041707, 5428570.38217124 ], [ 450711.61053308, 5428571.38466024 ], [ 450697.6030411, 5428573.06892824 ], [ 450685.9048941, 5428575.20604724 ], [ 450675.70917411, 5428577.08459024 ], [ 450662.76203712, 5428580.63461923 ], [ 450645.04775114, 5428586.63461923 ], [ 450631.33346615, 5428592.63461923 ], [ 450616.47632316, 5428599.49176122 ], [ 450603.33346617, 5428608.06319022 ], [ 450590.47632318, 5428616.06319021 ], [ 450588.76203719, 5428613.49176121 ], [ 450595.33346618, 5428607.20604722 ], [ 450603.90489417, 5428601.49176122 ], [ 450615.90489416, 5428594.92033323 ], [ 450629.90489415, 5428588.06319023 ], [ 450638.55058614, 5428584.88887023 ], [ 450653.61918013, 5428579.49176124 ], [ 450666.19060812, 5428575.49176124 ], [ 450674.74630511, 5428573.47603024 ], [ 450685.04775111, 5428572.06319024 ] ] ], "geometry_x": null, "geometry_y": null, "id": 102312645, "gemeinde": "Karlsruhe", "vorgangszeitraum_von": "2025-11-23T23:00:00Z", "vorgangszeitraum_bis": "2025-12-04T22:59:59Z", "art": "Straßenbau", "lage": "Fettweisstraße zw. Einmündung Daxlander Straße und Industriestraße", "tagesbaustelle": null, "verursacher": "Tiefbauamt", "zusatzinfo": "Engstelle mit Lichtsignal", "sperrung": "mit Verkehrsbehinderung", "projektnummer": 46572, "vorgangsnummer": "2025V5467", "datenquelle": "Stadt Karlsruhe", "stand": "2025-09-25T22:00:00Z", "index_right": null, "Stadtteil_Nummer": null, "Stadtteil": null }, "geometry": { "type": "Polygon", "coordinates": [ [ [ 450685.047751109988894, 5428572.063190240412951 ], [ 450697.140877099998761, 5428569.163003239780664 ], [ 450709.679841089993715, 5428567.950628239661455 ], [ 450724.3281610700069, 5428567.063903239555657 ], [ 450751.885459050012287, 5428566.979303239844739 ], [ 450751.832641049986705, 5428570.413628240115941 ], [ 450728.750417069997638, 5428570.382171239703894 ], [ 450711.610533080005553, 5428571.384660240262747 ], [ 450697.603041100024711, 5428573.068928239867091 ], [ 450685.904894099978264, 5428575.206047239713371 ], [ 450675.709174109972082, 5428577.084590240381658 ], [ 450662.762037120002788, 5428580.634619230404496 ], [ 450645.047751140024047, 5428586.634619230404496 ], [ 450631.333466149982996, 5428592.634619230404496 ], [ 450616.476323159993626, 5428599.49176121968776 ], [ 450603.333466170006432, 5428608.063190219923854 ], [ 450590.476323180017062, 5428616.063190209679306 ], [ 450588.762037190026604, 5428613.491761210374534 ], [ 450595.333466180018149, 5428607.206047220155597 ], [ 450603.904894170002081, 5428601.49176121968776 ], [ 450615.904894159990363, 5428594.920333229936659 ], [ 450629.904894149978645, 5428588.063190230168402 ], [ 450638.550586140016094, 5428584.888870229944587 ], [ 450653.619180130015593, 5428579.491761240176857 ], [ 450666.190608119999524, 5428575.491761240176857 ], [ 450674.746305109991226, 5428573.476030239835382 ], [ 450685.047751109988894, 5428572.063190240412951 ] ] ] } },
{ "type": "Feature", "properties": { "type": "FeatureCollection", "totalFeatures": 270, "numberMatched": 270, "numberReturned": 270, "timeStamp": "2025-10-06T14:15:33.080Z", "crs_type": "name", "crs_properties_name": "urn:ogc:def:crs:EPSG::25832", "feature_type": "Feature", "feature_id": "baustellen_vorschau.102312700", "geometry_name": "geom", "geometry_type": "Polygon", "geometry_coordinates": [ [ [ 456722.61766507, 5427435.26646089 ], [ 456722.84265007, 5427428.42689489 ], [ 456728.37729906, 5427423.8371859 ], [ 456736.61177605, 5427424.0621719 ], [ 456735.80182805, 5427435.62643789 ], [ 456722.61766507, 5427435.26646089 ] ] ], "geometry_x": null, "geometry_y": null, "id": 102312700, "gemeinde": "Karlsruhe", "vorgangszeitraum_von": "2025-10-06T22:00:00Z", "vorgangszeitraum_bis": "2025-10-17T21:59:59Z", "art": "Fernwärmeversorgung", "lage": "Winterstraße zw. Marienstraße und Rüppurrer Straße", "tagesbaustelle": null, "verursacher": "Stadtwerke Karlsruhe", "zusatzinfo": null, "sperrung": "mit Verkehrsbehinderung", "projektnummer": 50059, "vorgangsnummer": "2025V5471", "datenquelle": "Stadt Karlsruhe", "stand": "2025-09-23T22:00:00Z", "index_right": 16.0, "Stadtteil_Nummer": "032", "Stadtteil": "Südlicher Teil" }, "geometry": { "type": "Polygon", "coordinates": [ [ [ 456722.617665069992654, 5427435.266460889950395 ], [ 456722.842650069971569, 5427428.426894890144467 ], [ 456728.377299059997313, 5427423.837185899727046 ], [ 456736.611776050005574, 5427424.062171899713576 ], [ 456735.801828049996402, 5427435.626437890343368 ], [ 456722.617665069992654, 5427435.266460889950395 ] ] ] } },
{ "type": "Feature", "properties": { "type": "FeatureCollection", "totalFeatures": 270, "numberMatched": 270, "numberReturned": 270, "timeStamp": "2025-10-06T14:15:33.080Z", "crs_type": "name", "crs_properties_name": "urn:ogc:def:crs:EPSG::25832", "feature_type": "Feature", "feature_id": "baustellen_vorschau.102312701", "geometry_name": "geom", "geometry_type": "Point", "geometry_coordinates": [ 456729.93577306, 5427430.01630589 ], "geometry_x": 456729.93577306002, "geometry_y": 5427430.0163058899, "id": 102312701, "gemeinde": "Karlsruhe", "vorgangszeitraum_von": "2025-10-06T22:00:00Z", "vorgangszeitraum_bis": "2025-10-17T21:59:59Z", "art": "Fernwärmeversorgung", "lage": "Winterstraße zw. Marienstraße und Rüppurrer Straße", "tagesbaustelle": null, "verursacher": "Stadtwerke Karlsruhe", "zusatzinfo": null, "sperrung": "mit Verkehrsbehinderung", "projektnummer": 50059, "vorgangsnummer": "2025V5471", "datenquelle": "Stadt Karlsruhe", "stand": "2025-09-23T22:00:00Z", "index_right": 16.0, "Stadtteil_Nummer": "032", "Stadtteil": "Südlicher Teil" }, "geometry": { "type": "Point", "coordinates": [ 456729.9357730600168, 5427430.016305889934301 ] } },
{ "type": "Feature", "properties": { "type": "FeatureCollection", "totalFeatures": 270, "numberMatched": 270, "numberReturned": 270, "timeStamp": "2025-10-06T14:15:33.080Z", "crs_type": "name", "crs_properties_name": "urn:ogc:def:crs:EPSG::25832", "feature_type": "Feature", "feature_id": "baustellen_vorschau.102312716", "geometry_name": "geom", "geometry_type": "LineString", "geometry_coordinates": [ [ 458299.76432076, 5428509.40034225 ], [ 458300.12146376, 5428510.47177125 ], [ 458280.97860577, 5428515.97177125 ], [ 458281.62146377, 5428517.61462825 ] ], "geometry_x": null, "geometry_y": null, "id": 102312716, "gemeinde": "Karlsruhe", "vorgangszeitraum_von": "2026-04-30T22:00:00Z", "vorgangszeitraum_bis": "2026-06-30T21:59:59Z", "art": "Fernwärmeversorgung", "lage": "Seubertstraße zw. Gerwigstraße und Haizinger Straße", "tagesbaustelle": null, "verursacher": "Stadtwerke Karlsruhe", "zusatzinfo": "Aufteilung nicht vorgenommen", "sperrung": "mit Verkehrsbehinderung", "projektnummer": 52219, "vorgangsnummer": "2025V5480", "datenquelle": "Stadt Karlsruhe", "stand": "2025-09-23T22:00:00Z", "index_right": 37.0, "Stadtteil_Nummer": "072", "Stadtteil": "Südlicher Teil" }, "geometry": { "type": "LineString", "coordinates": [ [ 458299.764320759975817, 5428509.400342250242829 ], [ 458300.121463759976905, 5428510.471771249547601 ], [ 458280.978605769982096, 5428515.971771249547601 ], [ 458281.621463769988623, 5428517.614628249779344 ] ] } },
{ "type": "Feature", "properties": { "type": "FeatureCollection", "totalFeatures": 270, "numberMatched": 270, "numberReturned": 270, "timeStamp": "2025-10-06T14:15:33.080Z", "crs_type": "name", "crs_properties_name": "urn:ogc:def:crs:EPSG::25832", "feature_type": "Feature", "feature_id": "baustellen_vorschau.102312717", "geometry_name": "geom", "geometry_type": "Point", "geometry_coordinates": [ 458290.28866077, 5428513.29686725 ], "geometry_x": 458290.28866076999, "geometry_y": 5428513.2968672505, "id": 102312717, "gemeinde": "Karlsruhe", "vorgangszeitraum_von": "2026-04-30T22:00:00Z", "vorgangszeitraum_bis": "2026-06-30T21:59:59Z", "art": "Fernwärmeversorgung", "lage": "Seubertstraße zw. Gerwigstraße und Haizinger Straße", "tagesbaustelle": null, "verursacher": "Stadtwerke Karlsruhe", "zusatzinfo": "Aufteilung nicht vorgenommen", "sperrung": "mit Verkehrsbehinderung", "projektnummer": 52219, "vorgangsnummer": "2025V5480", "datenquelle": "Stadt Karlsruhe", "stand": "2025-09-23T22:00:00Z", "index_right": 37.0, "Stadtteil_Nummer": "072", "Stadtteil": "Südlicher Teil" }, "geometry": { "type": "Point", "coordinates": [ 458290.288660769991111, 5428513.296867250464857 ] } },
{ "type": "Feature", "properties": { "type": "FeatureCollection", "totalFeatures": 270, "numberMatched": 270, "numberReturned": 270, "timeStamp": "2025-10-06T14:15:33.080Z", "crs_type": "name", "crs_properties_name": "urn:ogc:def:crs:EPSG::25832", "feature_type": "Feature", "feature_id": "baustellen_vorschau.102312724", "geometry_name": "geom", "geometry_type": "LineString", "geometry_coordinates": [ [ 455496.09215909, 5428360.79606535 ], [ 455491.9524211, 5428361.11104535 ], [ 455492.0874131, 5428361.96599135 ], [ 455486.4177731, 5428362.68594535 ] ], "geometry_x": null, "geometry_y": null, "id": 102312724, "gemeinde": "Karlsruhe", "vorgangszeitraum_von": "2026-04-30T22:00:00Z", "vorgangszeitraum_bis": "2026-06-30T21:59:59Z", "art": "Fernwärmeversorgung", "lage": "Hirschstraße zw. Amalienstraße und Kriegsstraße", "tagesbaustelle": null, "verursacher": "Stadtwerke Karlsruhe", "zusatzinfo": "Aufteilung nicht vorgenommen", "sperrung": "mit Verkehrsbehinderung", "projektnummer": 51344, "vorgangsnummer": "2025V5482", "datenquelle": "Stadt Karlsruhe", "stand": "2025-09-23T22:00:00Z", "index_right": 43.0, "Stadtteil_Nummer": "022", "Stadtteil": "Westlicher Teil" }, "geometry": { "type": "LineString", "coordinates": [ [ 455496.092159089981578, 5428360.796065350063145 ], [ 455491.952421099995263, 5428361.111045350320637 ], [ 455492.087413100001868, 5428361.965991349890828 ], [ 455486.417773100023624, 5428362.685945349745452 ] ] } },
{ "type": "Feature", "properties": { "type": "FeatureCollection", "totalFeatures": 270, "numberMatched": 270, "numberReturned": 270, "timeStamp": "2025-10-06T14:15:33.080Z", "crs_type": "name", "crs_properties_name": "urn:ogc:def:crs:EPSG::25832", "feature_type": "Feature", "feature_id": "baustellen_vorschau.102312725", "geometry_name": "geom", "geometry_type": "Point", "geometry_coordinates": [ 455491.3623311, 5428362.05806535 ], "geometry_x": 455491.36233109998, "geometry_y": 5428362.0580653502, "id": 102312725, "gemeinde": "Karlsruhe", "vorgangszeitraum_von": "2026-04-30T22:00:00Z", "vorgangszeitraum_bis": "2026-06-30T21:59:59Z", "art": "Fernwärmeversorgung", "lage": "Hirschstraße zw. Amalienstraße und Kriegsstraße", "tagesbaustelle": null, "verursacher": "Stadtwerke Karlsruhe", "zusatzinfo": "Aufteilung nicht vorgenommen", "sperrung": "mit Verkehrsbehinderung", "projektnummer": 51344, "vorgangsnummer": "2025V5482", "datenquelle": "Stadt Karlsruhe", "stand": "2025-09-23T22:00:00Z", "index_right": 43.0, "Stadtteil_Nummer": "022", "Stadtteil": "Westlicher Teil" }, "geometry": { "type": "Point", "coordinates": [ 455491.362331099982839, 5428362.058065350167453 ] } },
{ "type": "Feature", "properties": { "type": "FeatureCollection", "totalFeatures": 270, "numberMatched": 270, "numberReturned": 270, "timeStamp": "2025-10-06T14:15:33.080Z", "crs_type": "name", "crs_properties_name": "urn:ogc:def:crs:EPSG::25832", "feature_type": "Feature", "feature_id": "baustellen_vorschau.102312811", "geometry_name": "geom", "geometry_type": "MultiLineString", "geometry_coordinates": [ [ [ 453180.07783904, 5430784.28042692 ], [ 453180.18803904, 5430784.25622692 ], [ 453180.09853904, 5430783.90602692 ], [ 453179.86313904, 5430783.95182692 ], [ 453182.20073904, 5430792.94252692 ], [ 453177.76453904, 5430801.81482691 ], [ 453177.79103904, 5430801.80692691 ], [ 453176.30603905, 5430804.73172691 ], [ 453177.76453904, 5430801.81482691 ], [ 453169.91653905, 5430804.14682691 ] ], [ [ 453192.93303903, 5430780.95262693 ], [ 453192.50553903, 5430781.22262693 ], [ 453180.20063904, 5430783.83072692 ], [ 453180.21383904, 5430783.88352692 ], [ 453180.09853904, 5430783.90602692 ], [ 453180.08553904, 5430783.85512692 ], [ 453180.20063904, 5430783.83072692 ], [ 453179.59023904, 5430781.38892693 ], [ 453177.54913904, 5430780.25492693 ], [ 453173.97723905, 5430766.98782693 ], [ 453164.41993905, 5430730.40572696 ], [ 453164.26933906, 5430730.46392696 ], [ 453158.55473906, 5430731.88132696 ], [ 453164.29183906, 5430730.57632696 ], [ 453169.86673905, 5430752.65112694 ], [ 453169.96153905, 5430752.62502694 ], [ 453177.29603904, 5430780.56832693 ], [ 453179.27593904, 5430781.69322693 ], [ 453179.84683904, 5430783.88902692 ], [ 453180.13053904, 5430783.83262692 ] ], [ [ 453198.14923903, 5430785.85182692 ], [ 453192.43493903, 5430781.56612693 ], [ 453180.18803904, 5430784.25622692 ], [ 453182.40303904, 5430792.92262692 ], [ 453182.94303904, 5430793.17012692 ] ], [ [ 453058.06213914, 5430352.93862718 ], [ 453056.95503914, 5430356.22432718 ], [ 453060.59783914, 5430366.15292717 ], [ 453061.24023914, 5430367.55442717 ], [ 453068.94293913, 5430363.93972717 ], [ 453061.26483914, 5430367.60822717 ], [ 453061.75723914, 5430368.68252717 ], [ 453069.81213913, 5430365.68862717 ], [ 453061.77643914, 5430368.72432717 ], [ 453061.75723914, 5430368.68252717 ], [ 453061.74073914, 5430368.68862717 ], [ 453063.77643914, 5430372.90292717 ], [ 453064.09003914, 5430373.62692717 ], [ 453071.41773913, 5430370.59932717 ] ], [ [ 453125.32433909, 5430606.78932703 ], [ 453130.90393908, 5430605.43942703 ], [ 453127.50073908, 5430592.67732704 ], [ 453117.35983909, 5430595.04512704 ], [ 453127.48413908, 5430592.61522704 ], [ 453127.50073908, 5430592.67732704 ], [ 453127.57413908, 5430592.66022704 ], [ 453122.48953909, 5430574.34642705 ], [ 453122.39363909, 5430574.36802705 ], [ 453122.39953909, 5430574.39142705 ], [ 453112.3201391, 5430576.64122705 ], [ 453122.39363909, 5430574.36802705 ], [ 453120.14963909, 5430565.52692705 ], [ 453120.13863909, 5430565.52942705 ], [ 453120.14963909, 5430565.57192705 ], [ 453115.0199391, 5430566.69692705 ], [ 453120.13863909, 5430565.52942705 ], [ 453114.8647391, 5430545.23812707 ], [ 453104.5806391, 5430547.75312706 ], [ 453114.8400391, 5430545.14322707 ], [ 453114.8647391, 5430545.23812707 ], [ 453114.88493909, 5430545.23322707 ], [ 453112.6801391, 5430537.35872707 ], [ 453102.69073911, 5430539.83362707 ], [ 453112.6801391, 5430537.22372707 ], [ 453104.8506391, 5430509.01052709 ], [ 453099.99093911, 5430510.09042709 ] ], [ [ 453130.90393908, 5430605.43942703 ], [ 453135.66233908, 5430623.17102702 ], [ 453135.67363908, 5430623.16832702 ], [ 453142.24323907, 5430648.27672701 ], [ 453142.50013907, 5430648.21152701 ], [ 453139.49073908, 5430636.68862701 ], [ 453133.49073908, 5430614.11722702 ], [ 453121.45503909, 5430569.54572705 ], [ 453111.9907391, 5430533.43862707 ], [ 453103.2407391, 5430502.18862709 ], [ 453096.21413911, 5430476.29342711 ], [ 453096.20503911, 5430476.29572711 ], [ 453096.09953911, 5430475.76132711 ], [ 453095.76123911, 5430475.84762711 ], [ 453096.25613911, 5430477.51252711 ], [ 453104.8506391, 5430509.01052709 ] ], [ [ 453096.25613911, 5430477.51252711 ], [ 453090.99153911, 5430478.77242711 ] ], [ [ 453081.40713912, 5430452.98912712 ], [ 453089.41663912, 5430450.87422712 ], [ 453090.03643911, 5430452.93422712 ], [ 453088.87663912, 5430448.93932712 ], [ 453082.80373912, 5430426.81972714 ], [ 453082.71203912, 5430426.84572713 ], [ 453082.63443912, 5430426.55292714 ], [ 453073.08263913, 5430429.27562713 ], [ 453082.62343912, 5430426.51152714 ], [ 453079.96723912, 5430416.49642714 ], [ 453076.32243913, 5430404.75212715 ], [ 453072.31773913, 5430395.39272715 ], [ 453072.60783913, 5430395.29532715 ], [ 453072.57613913, 5430395.21962716 ], [ 453072.31773913, 5430395.30272715 ], [ 453069.75283913, 5430387.51822716 ], [ 453064.62313914, 5430389.40812716 ] ], [ [ 453089.41663912, 5430450.87422712 ], [ 453090.49623911, 5430454.51792712 ], [ 453090.03643911, 5430452.93422712 ], [ 453090.94653911, 5430455.95892712 ], [ 453090.92493911, 5430455.96472712 ], [ 453093.73633911, 5430465.45332711 ], [ 453095.76123911, 5430475.80262711 ], [ 453096.09153911, 5430475.72062711 ], [ 453094.02643911, 5430465.26002711 ], [ 453088.49073912, 5430446.36722713 ], [ 453082.94263912, 5430426.78032714 ], [ 453082.80373912, 5430426.81972714 ], [ 453082.79553912, 5430426.79002714 ], [ 453082.75703912, 5430426.80072714 ], [ 453082.71203912, 5430426.53082714 ], [ 453082.63443912, 5430426.55292714 ], [ 453082.62343912, 5430426.51152714 ], [ 453082.71203912, 5430426.48582714 ], [ 453082.79553912, 5430426.79002714 ], [ 453082.93443912, 5430426.75132714 ], [ 453082.02643912, 5430423.54572714 ], [ 453080.02643912, 5430415.86722714 ], [ 453076.52643913, 5430404.65292715 ], [ 453072.60783913, 5430395.29532715 ], [ 453078.75223912, 5430393.23292716 ], [ 453072.57613913, 5430395.21962716 ], [ 453072.38363913, 5430394.76002716 ], [ 453078.59783912, 5430392.76002716 ], [ 453072.34783913, 5430394.68862715 ], [ 453069.56213913, 5430386.26002716 ], [ 453064.09003914, 5430373.62692717 ], [ 453063.90323914, 5430373.70412717 ], [ 453069.75283913, 5430387.51822716 ] ], [ [ 453063.90323914, 5430373.70412717 ], [ 453060.91623914, 5430367.77472717 ], [ 453060.84343914, 5430367.80952717 ], [ 453056.70363914, 5430356.24522718 ], [ 453057.73863914, 5430352.87042718 ] ], [ [ 453179.84683904, 5430783.88902692 ], [ 453179.86313904, 5430783.95182692 ], [ 453164.19693906, 5430787.00192692 ], [ 453179.84683904, 5430783.88902692 ] ], [ [ 453164.41993905, 5430730.40572696 ], [ 453164.41393906, 5430730.38292696 ], [ 453164.20183906, 5430730.46392695 ], [ 453162.98693906, 5430725.89672696 ], [ 453152.95253906, 5430728.55162696 ], [ 453163.03193906, 5430725.85172696 ], [ 453157.81223906, 5430706.95292697 ], [ 453151.87263907, 5430708.52782697 ], [ 453157.76723906, 5430706.90802697 ], [ 453155.29243906, 5430697.14362698 ], [ 453149.03783907, 5430698.49352698 ], [ 453155.24743906, 5430697.14362698 ], [ 453152.48193906, 5430686.57202698 ], [ 453152.32263906, 5430686.61422698 ], [ 453149.93773907, 5430677.83982699 ], [ 453144.49313907, 5430679.05472699 ], [ 453149.93773907, 5430677.74982699 ], [ 453147.19293907, 5430667.17552699 ], [ 453141.70323907, 5430668.57042699 ], [ 453147.14793907, 5430667.17552699 ], [ 453142.60323907, 5430649.536627 ], [ 453137.06853908, 5430651.021527 ], [ 453142.55823907, 5430649.491627 ], [ 453142.28823907, 5430648.27672701 ], [ 453142.50283907, 5430648.221927 ], [ 453142.50013907, 5430648.21152701 ], [ 453148.45283907, 5430646.70182701 ], [ 453142.50283907, 5430648.221927 ], [ 453146.38363907, 5430663.081427 ], [ 453152.67643906, 5430686.42492698 ], [ 453158.44223906, 5430684.99432698 ], [ 453152.70053906, 5430686.51422698 ], [ 453152.77643906, 5430686.79572698 ], [ 453152.82773906, 5430686.78282698 ], [ 453152.81213906, 5430686.72432698 ], [ 453158.88363906, 5430685.26002698 ], [ 453152.82773906, 5430686.78282698 ], [ 453164.01033906, 5430728.75202696 ], [ 453170.26603905, 5430727.04792696 ], [ 453164.01183906, 5430728.75772696 ], [ 453164.01033906, 5430728.75202696 ], [ 453163.98933906, 5430728.75772696 ], [ 453164.41393906, 5430730.38292696 ], [ 453169.91653905, 5430728.28162696 ], [ 453164.41993905, 5430730.40572696 ] ], [ [ 453169.86673905, 5430752.65112694 ], [ 453169.87153905, 5430752.67002694 ], [ 453161.95203906, 5430754.82992694 ], [ 453169.86673905, 5430752.65112694 ] ], [ [ 453061.24023914, 5430367.55442717 ], [ 453061.26483914, 5430367.60822717 ], [ 453060.91623914, 5430367.77472717 ], [ 453060.88843914, 5430367.71952717 ], [ 453061.24023914, 5430367.55442717 ] ], [ [ 453135.66233908, 5430623.17102702 ], [ 453135.67363908, 5430623.21332702 ], [ 453129.86903908, 5430624.56322702 ], [ 453135.66233908, 5430623.17102702 ] ], [ [ 453096.21413911, 5430476.29342711 ], [ 453096.20503911, 5430476.26002711 ], [ 453102.3121391, 5430474.76002711 ], [ 453096.21413911, 5430476.29342711 ] ], [ [ 453096.09953911, 5430475.76132711 ], [ 453096.09153911, 5430475.72062711 ], [ 453102.4657391, 5430474.13772711 ], [ 453096.09953911, 5430475.76132711 ] ], [ [ 453090.49623911, 5430454.51792712 ], [ 453090.92493911, 5430455.96472712 ], [ 453085.23183912, 5430457.48882712 ], [ 453090.90153911, 5430455.91392712 ], [ 453090.49623911, 5430454.51792712 ] ], [ [ 453082.94263912, 5430426.78032714 ], [ 453082.93443912, 5430426.75132714 ], [ 453088.74163912, 5430425.13582714 ], [ 453082.94263912, 5430426.78032714 ] ], [ [ 453152.48193906, 5430686.57202698 ], [ 453152.45763906, 5430686.47922698 ], [ 453152.67643906, 5430686.42492698 ], [ 453152.70053906, 5430686.51422698 ], [ 453152.48193906, 5430686.57202698 ] ] ], "geometry_x": null, "geometry_y": null, "id": 102312811, "gemeinde": "Karlsruhe", "vorgangszeitraum_von": "2025-10-20T22:00:00Z", "vorgangszeitraum_bis": "2026-04-01T21:59:59Z", "art": "Gas bzw. Wasserversorgung", "lage": "Binger Straße zwischen Karlsruher Weg und Durlacher Weg", "tagesbaustelle": null, "verursacher": "Stadtwerke Karlsruhe", "zusatzinfo": "Abwicklung in mehreren Bauabschnitten", "sperrung": "mit Verkehrsbehinderung", "projektnummer": 40627, "vorgangsnummer": "2025V5494", "datenquelle": "Stadt Karlsruhe", "stand": "2025-09-23T22:00:00Z", "index_right": 63.0, "Stadtteil_Nummer": "064", "Stadtteil": "Rennbuckel" }, "geometry": { "type": "MultiLineString", "coordinates": [ [ [ 453180.077839040022809, 5430784.280426920391619 ], [ 453180.188039040018339, 5430784.256226919591427 ], [ 453180.098539040016476, 5430783.906026920303702 ], [ 453179.863139040011447, 5430783.951826919801533 ], [ 453182.200739039981272, 5430792.942526919767261 ], [ 453177.764539039984811, 5430801.814826910383999 ], [ 453177.791039040021133, 5430801.806926909834146 ], [ 453176.306039049988613, 5430804.731726909987628 ], [ 453177.764539039984811, 5430801.814826910383999 ], [ 453169.916539049998391, 5430804.146826909855008 ] ], [ [ 453192.933039030001964, 5430780.952626929618418 ], [ 453192.505539030011278, 5430781.222626930102706 ], [ 453180.200639039976522, 5430783.830726919695735 ], [ 453180.213839040021412, 5430783.883526920340955 ], [ 453180.098539040016476, 5430783.906026920303702 ], [ 453180.085539039981086, 5430783.855126920156181 ], [ 453180.200639039976522, 5430783.830726919695735 ], [ 453179.590239039971493, 5430781.388926929794252 ], [ 453177.549139039998408, 5430780.254926930181682 ], [ 453173.977239049971104, 5430766.987826930359006 ], [ 453164.41993904998526, 5430730.40572695992887 ], [ 453164.269339060003404, 5430730.463926959782839 ], [ 453158.554739059996791, 5430731.881326960399747 ], [ 453164.291839060024358, 5430730.576326959766448 ], [ 453169.866739050019532, 5430752.651126939803362 ], [ 453169.961539049982093, 5430752.625026940368116 ], [ 453177.296039040025789, 5430780.568326929584146 ], [ 453179.275939040002413, 5430781.693226929754019 ], [ 453179.846839039993938, 5430783.889026920311153 ], [ 453180.130539040022995, 5430783.832626920193434 ] ], [ [ 453198.149239030026365, 5430785.851826920174062 ], [ 453192.434939029975794, 5430781.566126929596066 ], [ 453180.188039040018339, 5430784.256226919591427 ], [ 453182.403039039985742, 5430792.922626920044422 ], [ 453182.943039040022995, 5430793.17012691963464 ] ], [ [ 453058.062139139976352, 5430352.938627179712057 ], [ 453056.95503914001165, 5430356.224327179603279 ], [ 453060.597839139983989, 5430366.152927169576287 ], [ 453061.240239139995538, 5430367.554427170194685 ], [ 453068.942939130007289, 5430363.939727170392871 ], [ 453061.264839139999822, 5430367.608227170072496 ], [ 453061.757239139988087, 5430368.682527169585228 ], [ 453069.812139130022842, 5430365.688627170398831 ], [ 453061.776439140026923, 5430368.724327170290053 ], [ 453061.757239139988087, 5430368.682527169585228 ], [ 453061.740739140019286, 5430368.688627170398831 ], [ 453063.776439140026923, 5430372.902927169576287 ], [ 453064.090039140020963, 5430373.626927169971168 ], [ 453071.417739129974507, 5430370.599327170290053 ] ], [ [ 453125.324339089973364, 5430606.789327030070126 ], [ 453130.903939080017153, 5430605.439427030272782 ], [ 453127.500739080016501, 5430592.677327039651573 ], [ 453117.359839089971501, 5430595.045127039775252 ], [ 453127.484139079984743, 5430592.615227039903402 ], [ 453127.500739080016501, 5430592.677327039651573 ], [ 453127.574139080010355, 5430592.660227039828897 ], [ 453122.489539090020116, 5430574.346427050419152 ], [ 453122.393639090005308, 5430574.368027050048113 ], [ 453122.399539089994505, 5430574.391427050344646 ], [ 453112.320139100018423, 5430576.64122704975307 ], [ 453122.393639090005308, 5430574.368027050048113 ], [ 453120.149639089999255, 5430565.526927050203085 ], [ 453120.138639090000652, 5430565.529427049681544 ], [ 453120.149639089999255, 5430565.571927050128579 ], [ 453115.019939100020565, 5430566.696927050128579 ], [ 453120.138639090000652, 5430565.529427049681544 ], [ 453114.864739099983126, 5430545.238127069547772 ], [ 453104.580639099993277, 5430547.753127059899271 ], [ 453114.840039099974092, 5430545.143227069638669 ], [ 453114.864739099983126, 5430545.238127069547772 ], [ 453114.884939089999534, 5430545.23322707042098 ], [ 453112.680139100004453, 5430537.358727069571614 ], [ 453102.690739109995775, 5430539.833627070300281 ], [ 453112.680139100004453, 5430537.223727069795132 ], [ 453104.850639100011904, 5430509.010527090169489 ], [ 453099.990939109993633, 5430510.090427090413868 ] ], [ [ 453130.903939080017153, 5430605.439427030272782 ], [ 453135.662339080008678, 5430623.171027019619942 ], [ 453135.67363908002153, 5430623.168327019549906 ], [ 453142.243239069997799, 5430648.276727009564638 ], [ 453142.500139069976285, 5430648.211527010425925 ], [ 453139.490739080007188, 5430636.688627010211349 ], [ 453133.490739080007188, 5430614.117227019742131 ], [ 453121.455039090011269, 5430569.545727049931884 ], [ 453111.990739099972416, 5430533.438627069815993 ], [ 453103.240739099972416, 5430502.18862709030509 ], [ 453096.21413911000127, 5430476.293427109718323 ], [ 453096.205039109976497, 5430476.295727109536529 ], [ 453096.099539109971374, 5430475.761327110230923 ], [ 453095.761239110026509, 5430475.847627109847963 ], [ 453096.256139110017102, 5430477.512527110055089 ], [ 453104.850639100011904, 5430509.010527090169489 ] ], [ [ 453096.256139110017102, 5430477.512527110055089 ], [ 453090.991539110022131, 5430478.772427110001445 ] ], [ [ 453081.407139119983185, 5430452.989127120003104 ], [ 453089.416639120026957, 5430450.874227119609714 ], [ 453090.036439110001083, 5430452.934227120131254 ], [ 453088.876639119989704, 5430448.939327119849622 ], [ 453082.8037391200196, 5430426.819727139547467 ], [ 453082.71203911997145, 5430426.845727129839361 ], [ 453082.634439120010938, 5430426.552927140146494 ], [ 453073.08263913000701, 5430429.275627129711211 ], [ 453082.623439120012335, 5430426.511527139693499 ], [ 453079.967239119985607, 5430416.496427140198648 ], [ 453076.322439129988197, 5430404.752127150073647 ], [ 453072.31773912999779, 5430395.392727149650455 ], [ 453072.607839129981585, 5430395.295327150262892 ], [ 453072.576139129989315, 5430395.219627159647644 ], [ 453072.31773912999779, 5430395.302727149799466 ], [ 453069.752839130000211, 5430387.518227159976959 ], [ 453064.623139140021522, 5430389.408127159811556 ] ], [ [ 453089.416639120026957, 5430450.874227119609714 ], [ 453090.496239110012539, 5430454.517927120439708 ], [ 453090.036439110001083, 5430452.934227120131254 ], [ 453090.946539109980222, 5430455.95892712008208 ], [ 453090.924939110002015, 5430455.964727119542658 ], [ 453093.736339110007975, 5430465.453327110037208 ], [ 453095.761239110026509, 5430475.802627109922469 ], [ 453096.091539109998848, 5430475.72062711045146 ], [ 453094.02643910999177, 5430465.260027109645307 ], [ 453088.490739119995851, 5430446.367227129638195 ], [ 453082.942639119981322, 5430426.78032714035362 ], [ 453082.8037391200196, 5430426.819727139547467 ], [ 453082.795539119979367, 5430426.7900271397084 ], [ 453082.75703912001336, 5430426.800727140158415 ], [ 453082.71203911997145, 5430426.530827140435576 ], [ 453082.634439120010938, 5430426.552927140146494 ], [ 453082.623439120012335, 5430426.511527139693499 ], [ 453082.71203911997145, 5430426.48582713957876 ], [ 453082.795539119979367, 5430426.7900271397084 ], [ 453082.934439119999297, 5430426.751327140256763 ], [ 453082.026439120003488, 5430423.545727140270174 ], [ 453080.026439120003488, 5430415.867227139882743 ], [ 453076.526439130015206, 5430404.652927150018513 ], [ 453072.607839129981585, 5430395.295327150262892 ], [ 453078.752239120018203, 5430393.232927160337567 ], [ 453072.576139129989315, 5430395.219627159647644 ], [ 453072.383639129984658, 5430394.760027159936726 ], [ 453078.597839120018762, 5430392.760027159936726 ], [ 453072.347839129972272, 5430394.688627149909735 ], [ 453069.562139130022842, 5430386.260027159936726 ], [ 453064.090039140020963, 5430373.626927169971168 ], [ 453063.903239139996003, 5430373.704127170145512 ], [ 453069.752839130000211, 5430387.518227159976959 ] ], [ [ 453063.903239139996003, 5430373.704127170145512 ], [ 453060.916239139973186, 5430367.774727170355618 ], [ 453060.843439140007831, 5430367.809527169913054 ], [ 453056.703639140003361, 5430356.245227180421352 ], [ 453057.738639139977749, 5430352.870427180081606 ] ], [ [ 453179.846839039993938, 5430783.889026920311153 ], [ 453179.863139040011447, 5430783.951826919801533 ], [ 453164.19693905999884, 5430787.001926920376718 ], [ 453179.846839039993938, 5430783.889026920311153 ] ], [ [ 453164.41993904998526, 5430730.40572695992887 ], [ 453164.413939060003031, 5430730.38292695954442 ], [ 453164.201839059998747, 5430730.463926949538291 ], [ 453162.986939059977885, 5430725.8967269603163 ], [ 453152.952539059973788, 5430728.551626959815621 ], [ 453163.031939060019795, 5430725.851726960390806 ], [ 453157.812239060003776, 5430706.952926970086992 ], [ 453151.872639069973957, 5430708.52782697044313 ], [ 453157.767239060020074, 5430706.908026969991624 ], [ 453155.292439059994649, 5430697.143626979552209 ], [ 453149.037839070020709, 5430698.493526980280876 ], [ 453155.247439060010947, 5430697.143626979552209 ], [ 453152.481939059973229, 5430686.572026980109513 ], [ 453152.322639059973881, 5430686.614226980134845 ], [ 453149.937739069981035, 5430677.839826989918947 ], [ 453144.493139069993049, 5430679.054726989939809 ], [ 453149.937739069981035, 5430677.749826990067959 ], [ 453147.192939069995191, 5430667.175526989623904 ], [ 453141.703239070018753, 5430668.570426990278065 ], [ 453147.147939070011489, 5430667.175526989623904 ], [ 453142.603239069983829, 5430649.536627000197768 ], [ 453137.068539079977199, 5430651.021526999771595 ], [ 453142.558239070000127, 5430649.491627000272274 ], [ 453142.288239069981501, 5430648.276727009564638 ], [ 453142.502839069988113, 5430648.221927000209689 ], [ 453142.500139069976285, 5430648.211527010425925 ], [ 453148.452839069999754, 5430646.701827010139823 ], [ 453142.502839069988113, 5430648.221927000209689 ], [ 453146.38363906997256, 5430663.081427000463009 ], [ 453152.676439060014673, 5430686.424926980398595 ], [ 453158.442239060008433, 5430684.994326979853213 ], [ 453152.700539059995208, 5430686.514226979576051 ], [ 453152.77643905999139, 5430686.795726980082691 ], [ 453152.827739059983287, 5430686.782826979644597 ], [ 453152.812139059999026, 5430686.724326980300248 ], [ 453158.88363906001905, 5430685.260026980191469 ], [ 453152.827739059983287, 5430686.782826979644597 ], [ 453164.01033905998338, 5430728.752026960253716 ], [ 453170.266039050009567, 5430727.047926959581673 ], [ 453164.011839059996419, 5430728.757726959884167 ], [ 453164.01033905998338, 5430728.752026960253716 ], [ 453163.989339059975464, 5430728.757726959884167 ], [ 453164.413939060003031, 5430730.38292695954442 ], [ 453169.916539049998391, 5430728.281626960262656 ], [ 453164.41993904998526, 5430730.40572695992887 ] ], [ [ 453169.866739050019532, 5430752.651126939803362 ], [ 453169.87153905001469, 5430752.67002694029361 ], [ 453161.952039060008246, 5430754.829926939681172 ], [ 453169.866739050019532, 5430752.651126939803362 ] ], [ [ 453061.240239139995538, 5430367.554427170194685 ], [ 453061.264839139999822, 5430367.608227170072496 ], [ 453060.916239139973186, 5430367.774727170355618 ], [ 453060.888439139991533, 5430367.719527170062065 ], [ 453061.240239139995538, 5430367.554427170194685 ] ], [ [ 453135.662339080008678, 5430623.171027019619942 ], [ 453135.67363908002153, 5430623.213327020406723 ], [ 453129.869039079989307, 5430624.563227020204067 ], [ 453135.662339080008678, 5430623.171027019619942 ] ], [ [ 453096.21413911000127, 5430476.293427109718323 ], [ 453096.205039109976497, 5430476.260027109645307 ], [ 453102.312139099987689, 5430474.760027109645307 ], [ 453096.21413911000127, 5430476.293427109718323 ] ], [ [ 453096.099539109971374, 5430475.761327110230923 ], [ 453096.091539109998848, 5430475.72062711045146 ], [ 453102.46573910000734, 5430474.137727109715343 ], [ 453096.099539109971374, 5430475.761327110230923 ] ], [ [ 453090.496239110012539, 5430454.517927120439708 ], [ 453090.924939110002015, 5430455.964727119542658 ], [ 453085.231839119980577, 5430457.488827119581401 ], [ 453090.90153910999652, 5430455.913927120156586 ], [ 453090.496239110012539, 5430454.517927120439708 ] ], [ [ 453082.942639119981322, 5430426.78032714035362 ], [ 453082.934439119999297, 5430426.751327140256763 ], [ 453088.741639119980391, 5430425.135827139951289 ], [ 453082.942639119981322, 5430426.78032714035362 ] ], [ [ 453152.481939059973229, 5430686.572026980109513 ], [ 453152.457639059983194, 5430686.479226980358362 ], [ 453152.676439060014673, 5430686.424926980398595 ], [ 453152.700539059995208, 5430686.514226979576051 ], [ 453152.481939059973229, 5430686.572026980109513 ] ] ] } },
{ "type": "Feature", "properties": { "type": "FeatureCollection", "totalFeatures": 270, "numberMatched": 270, "numberReturned": 270, "timeStamp": "2025-10-06T14:15:33.080Z", "crs_type": "name", "crs_properties_name": "urn:ogc:def:crs:EPSG::25832", "feature_type": "Feature", "feature_id": "baustellen_vorschau.102312812", "geometry_name": "geom", "geometry_type": "Point", "geometry_coordinates": [ 453124.80072409, 5430582.67089404 ], "geometry_x": 453124.80072409002, "geometry_y": 5430582.6708940398, "id": 102312812, "gemeinde": "Karlsruhe", "vorgangszeitraum_von": "2025-10-20T22:00:00Z", "vorgangszeitraum_bis": "2026-04-01T21:59:59Z", "art": "Gas bzw. Wasserversorgung", "lage": "Binger Straße zwischen Karlsruher Weg und Durlacher Weg", "tagesbaustelle": null, "verursacher": "Stadtwerke Karlsruhe", "zusatzinfo": "Abwicklung in mehreren Bauabschnitten", "sperrung": "mit Verkehrsbehinderung", "projektnummer": 40627, "vorgangsnummer": "2025V5494", "datenquelle": "Stadt Karlsruhe", "stand": "2025-09-23T22:00:00Z", "index_right": 63.0, "Stadtteil_Nummer": "064", "Stadtteil": "Rennbuckel" }, "geometry": { "type": "Point", "coordinates": [ 453124.800724090018775, 5430582.670894039794803 ] } },
{ "type": "Feature", "properties": { "type": "FeatureCollection", "totalFeatures": 270, "numberMatched": 270, "numberReturned": 270, "timeStamp": "2025-10-06T14:15:33.080Z", "crs_type": "name", "crs_properties_name": "urn:ogc:def:crs:EPSG::25832", "feature_type": "Feature", "feature_id": "baustellen_vorschau.102312942", "geometry_name": "geom", "geometry_type": "Polygon", "geometry_coordinates": [ [ [ 464265.33916475, 5422038.40763302 ], [ 464264.43922275, 5422023.28859303 ], [ 464263.17930275, 5421997.55022805 ], [ 464260.83945075, 5421975.23164506 ], [ 464255.43979376, 5421934.01426209 ], [ 464253.63990776, 5421923.21494809 ], [ 464247.70028476, 5421898.01654811 ], [ 464243.38055977, 5421879.11774812 ], [ 464238.34087977, 5421867.59847913 ], [ 464240.86071977, 5421865.61860513 ], [ 464245.00045677, 5421875.15799912 ], [ 464259.57953075, 5421939.23393108 ], [ 464262.63933675, 5421959.21266207 ], [ 464264.97918775, 5421981.17126806 ], [ 464266.77907375, 5422000.61003305 ], [ 464267.85900475, 5422023.82855904 ], [ 464268.57895975, 5422038.22764503 ], [ 464265.33916475, 5422038.40763302 ] ] ], "geometry_x": null, "geometry_y": null, "id": 102312942, "gemeinde": "Karlsruhe", "vorgangszeitraum_von": "2026-09-21T22:00:00Z", "vorgangszeitraum_bis": "2026-11-28T22:59:59Z", "art": "Gas bzw. Wasserversorgung", "lage": "Weiklestraße zwischen Neugrabenstraße und Zum Bergle", "tagesbaustelle": null, "verursacher": "Stadtwerke Karlsruhe", "zusatzinfo": "zw. Haus 22 bis 38", "sperrung": "mit Verkehrsbehinderung", "projektnummer": 44556, "vorgangsnummer": "2025V5516", "datenquelle": "Stadt Karlsruhe", "stand": "2025-09-24T22:00:00Z", "index_right": 24.0, "Stadtteil_Nummer": "211", "Stadtteil": "Stupferich" }, "geometry": { "type": "Polygon", "coordinates": [ [ [ 464265.339164750010241, 5422038.407633019611239 ], [ 464264.439222750021145, 5422023.288593029603362 ], [ 464263.179302749980707, 5421997.550228049978614 ], [ 464260.839450749976095, 5421975.231645059771836 ], [ 464255.439793760015164, 5421934.014262090437114 ], [ 464253.639907760021742, 5421923.214948089793324 ], [ 464247.700284759979695, 5421898.016548110172153 ], [ 464243.380559769982938, 5421879.117748119868338 ], [ 464238.340879769995809, 5421867.59847913030535 ], [ 464240.860719770018477, 5421865.61860513035208 ], [ 464245.000456770008896, 5421875.157999119721353 ], [ 464259.579530749993864, 5421939.233931080438197 ], [ 464262.639336750027724, 5421959.212662070058286 ], [ 464264.979187750024721, 5421981.171268059872091 ], [ 464266.779073750018142, 5422000.610033050179482 ], [ 464267.859004749974702, 5422023.828559040091932 ], [ 464268.578959750011563, 5422038.227645030245185 ], [ 464265.339164750010241, 5422038.407633019611239 ] ] ] } },
{ "type": "Feature", "properties": { "type": "FeatureCollection", "totalFeatures": 270, "numberMatched": 270, "numberReturned": 270, "timeStamp": "2025-10-06T14:15:33.080Z", "crs_type": "name", "crs_properties_name": "urn:ogc:def:crs:EPSG::25832", "feature_type": "Feature", "feature_id": "baustellen_vorschau.102312943", "geometry_name": "geom", "geometry_type": "Point", "geometry_coordinates": [ 464260.34507775, 5421956.80733407 ], "geometry_x": 464260.34507774998, "geometry_y": 5421956.8073340701, "id": 102312943, "gemeinde": "Karlsruhe", "vorgangszeitraum_von": "2026-09-21T22:00:00Z", "vorgangszeitraum_bis": "2026-11-28T22:59:59Z", "art": "Gas bzw. Wasserversorgung", "lage": "Weiklestraße zwischen Neugrabenstraße und Zum Bergle", "tagesbaustelle": null, "verursacher": "Stadtwerke Karlsruhe", "zusatzinfo": "zw. Haus 22 bis 38", "sperrung": "mit Verkehrsbehinderung", "projektnummer": 44556, "vorgangsnummer": "2025V5516", "datenquelle": "Stadt Karlsruhe", "stand": "2025-09-24T22:00:00Z", "index_right": 24.0, "Stadtteil_Nummer": "211", "Stadtteil": "Stupferich" }, "geometry": { "type": "Point", "coordinates": [ 464260.345077749982011, 5421956.80733407009393 ] } },
{ "type": "Feature", "properties": { "type": "FeatureCollection", "totalFeatures": 270, "numberMatched": 270, "numberReturned": 270, "timeStamp": "2025-10-06T14:15:33.080Z", "crs_type": "name", "crs_properties_name": "urn:ogc:def:crs:EPSG::25832", "feature_type": "Feature", "feature_id": "baustellen_vorschau.102313008", "geometry_name": "geom", "geometry_type": "Polygon", "geometry_coordinates": [ [ [ 464406.79881663, 5422379.90783783 ], [ 464403.52881364, 5422374.84182083 ], [ 464411.91625763, 5422369.33338283 ], [ 464415.21298563, 5422374.35265183 ], [ 464406.79881663, 5422379.90783783 ] ] ], "geometry_x": null, "geometry_y": null, "id": 102313008, "gemeinde": "Karlsruhe", "vorgangszeitraum_von": "2025-10-09T22:00:00Z", "vorgangszeitraum_bis": "2025-10-10T21:59:59Z", "art": "Bauliche Sondernutzung", "lage": "Gänsbergstraße zw. Höhenstraße und Eichwaldstraße", "tagesbaustelle": null, "verursacher": "Privat", "zusatzinfo": null, "sperrung": "mit Vollsperrung", "projektnummer": 53121, "vorgangsnummer": "2025V5529", "datenquelle": "Stadt Karlsruhe", "stand": "2025-09-24T22:00:00Z", "index_right": 24.0, "Stadtteil_Nummer": "211", "Stadtteil": "Stupferich" }, "geometry": { "type": "Polygon", "coordinates": [ [ [ 464406.7988166299765, 5422379.907837829552591 ], [ 464403.528813640004955, 5422374.841820829547942 ], [ 464411.916257629985921, 5422369.333382830023766 ], [ 464415.212985629972536, 5422374.352651829831302 ], [ 464406.7988166299765, 5422379.907837829552591 ] ] ] } },
{ "type": "Feature", "properties": { "type": "FeatureCollection", "totalFeatures": 270, "numberMatched": 270, "numberReturned": 270, "timeStamp": "2025-10-06T14:15:33.080Z", "crs_type": "name", "crs_properties_name": "urn:ogc:def:crs:EPSG::25832", "feature_type": "Feature", "feature_id": "baustellen_vorschau.102313009", "geometry_name": "geom", "geometry_type": "Point", "geometry_coordinates": [ 464409.36268863, 5422374.61278983 ], "geometry_x": 464409.36268863, "geometry_y": 5422374.6127898302, "id": 102313009, "gemeinde": "Karlsruhe", "vorgangszeitraum_von": "2025-10-09T22:00:00Z", "vorgangszeitraum_bis": "2025-10-10T21:59:59Z", "art": "Bauliche Sondernutzung", "lage": "Gänsbergstraße zw. Höhenstraße und Eichwaldstraße", "tagesbaustelle": null, "verursacher": "Privat", "zusatzinfo": null, "sperrung": "mit Vollsperrung", "projektnummer": 53121, "vorgangsnummer": "2025V5529", "datenquelle": "Stadt Karlsruhe", "stand": "2025-09-24T22:00:00Z", "index_right": 24.0, "Stadtteil_Nummer": "211", "Stadtteil": "Stupferich" }, "geometry": { "type": "Point", "coordinates": [ 464409.362688630004413, 5422374.612789830192924 ] } },
{ "type": "Feature", "properties": { "type": "FeatureCollection", "totalFeatures": 270, "numberMatched": 270, "numberReturned": 270, "timeStamp": "2025-10-06T14:15:33.080Z", "crs_type": "name", "crs_properties_name": "urn:ogc:def:crs:EPSG::25832", "feature_type": "Feature", "feature_id": "baustellen_vorschau.102313081", "geometry_name": "geom", "geometry_type": "Polygon", "geometry_coordinates": [ [ [ 462338.95091838, 5427271.58694997 ], [ 462342.36155138, 5427267.23301698 ], [ 462361.66452137, 5427281.25251596 ], [ 462353.74812737, 5427287.40465596 ], [ 462338.95091838, 5427271.58694997 ] ] ], "geometry_x": null, "geometry_y": null, "id": 102313081, "gemeinde": "Karlsruhe", "vorgangszeitraum_von": "2025-10-17T22:00:00Z", "vorgangszeitraum_bis": "2025-11-15T22:59:59Z", "art": "Gas bzw. Wasserversorgung", "lage": "Reichardtstraße zw. Sepp-Herberger-Weg u. Parkplatz Turmberg", "tagesbaustelle": null, "verursacher": "Stadtwerke Karlsruhe", "zusatzinfo": null, "sperrung": "mit Vollsperrung", "projektnummer": 48792, "vorgangsnummer": "2025V5539", "datenquelle": "Stadt Karlsruhe", "stand": "2025-09-24T22:00:00Z", "index_right": 55.0, "Stadtteil_Nummer": "193", "Stadtteil": "Hanggebiet" }, "geometry": { "type": "Polygon", "coordinates": [ [ [ 462338.950918379996438, 5427271.586949969641864 ], [ 462342.361551380017772, 5427267.233016979880631 ], [ 462361.664521370024886, 5427281.252515959553421 ], [ 462353.748127370025031, 5427287.404655960388482 ], [ 462338.950918379996438, 5427271.586949969641864 ] ] ] } },
{ "type": "Feature", "properties": { "type": "FeatureCollection", "totalFeatures": 270, "numberMatched": 270, "numberReturned": 270, "timeStamp": "2025-10-06T14:15:33.080Z", "crs_type": "name", "crs_properties_name": "urn:ogc:def:crs:EPSG::25832", "feature_type": "Feature", "feature_id": "baustellen_vorschau.102313082", "geometry_name": "geom", "geometry_type": "Point", "geometry_coordinates": [ 462350.01684238, 5427277.53448397 ], "geometry_x": 462350.01684237999, "geometry_y": 5427277.5344839701, "id": 102313082, "gemeinde": "Karlsruhe", "vorgangszeitraum_von": "2025-10-17T22:00:00Z", "vorgangszeitraum_bis": "2025-11-15T22:59:59Z", "art": "Gas bzw. Wasserversorgung", "lage": "Reichardtstraße zw. Sepp-Herberger-Weg u. Parkplatz Turmberg", "tagesbaustelle": null, "verursacher": "Stadtwerke Karlsruhe", "zusatzinfo": null, "sperrung": "mit Vollsperrung", "projektnummer": 48792, "vorgangsnummer": "2025V5539", "datenquelle": "Stadt Karlsruhe", "stand": "2025-09-24T22:00:00Z", "index_right": 55.0, "Stadtteil_Nummer": "193", "Stadtteil": "Hanggebiet" }, "geometry": { "type": "Point", "coordinates": [ 462350.016842379991431, 5427277.534483970142901 ] } },
{ "type": "Feature", "properties": { "type": "FeatureCollection", "totalFeatures": 270, "numberMatched": 270, "numberReturned": 270, "timeStamp": "2025-10-06T14:15:33.080Z", "crs_type": "name", "crs_properties_name": "urn:ogc:def:crs:EPSG::25832", "feature_type": "Feature", "feature_id": "baustellen_vorschau.102313100", "geometry_name": "geom", "geometry_type": "Polygon", "geometry_coordinates": [ [ [ 456556.17003621, 5427803.13462868 ], [ 456556.35573621, 5427797.97575768 ], [ 456565.5206872, 5427798.30566168 ], [ 456565.7100362, 5427803.44462867 ], [ 456556.17003621, 5427803.13462868 ] ] ], "geometry_x": null, "geometry_y": null, "id": 102313100, "gemeinde": "Karlsruhe", "vorgangszeitraum_von": "2025-10-13T22:00:00Z", "vorgangszeitraum_bis": "2025-10-15T21:59:59Z", "art": "Bauliche Sondernutzung", "lage": "Werderstraße zw. Wender von uns zur Wilhelmstraße", "tagesbaustelle": null, "verursacher": "Privat", "zusatzinfo": null, "sperrung": "mit Vollsperrung", "projektnummer": 53134, "vorgangsnummer": "2025V5547", "datenquelle": "Stadt Karlsruhe", "stand": "2025-09-24T22:00:00Z", "index_right": 46.0, "Stadtteil_Nummer": "031", "Stadtteil": "Nördlicher Teil" }, "geometry": { "type": "Polygon", "coordinates": [ [ [ 456556.170036209980026, 5427803.134628679603338 ], [ 456556.355736210010946, 5427797.975757679902017 ], [ 456565.520687200012617, 5427798.305661680176854 ], [ 456565.710036200005561, 5427803.444628669880331 ], [ 456556.170036209980026, 5427803.134628679603338 ] ] ] } },
{ "type": "Feature", "properties": { "type": "FeatureCollection", "totalFeatures": 270, "numberMatched": 270, "numberReturned": 270, "timeStamp": "2025-10-06T14:15:33.080Z", "crs_type": "name", "crs_properties_name": "urn:ogc:def:crs:EPSG::25832", "feature_type": "Feature", "feature_id": "baustellen_vorschau.102313101", "geometry_name": "geom", "geometry_type": "Point", "geometry_coordinates": [ 456560.9341752, 5427800.73220667 ], "geometry_x": 456560.9341752, "geometry_y": 5427800.7322066696, "id": 102313101, "gemeinde": "Karlsruhe", "vorgangszeitraum_von": "2025-10-13T22:00:00Z", "vorgangszeitraum_bis": "2025-10-15T21:59:59Z", "art": "Bauliche Sondernutzung", "lage": "Werderstraße zw. Wender von uns zur Wilhelmstraße", "tagesbaustelle": null, "verursacher": "Privat", "zusatzinfo": null, "sperrung": "mit Vollsperrung", "projektnummer": 53134, "vorgangsnummer": "2025V5547", "datenquelle": "Stadt Karlsruhe", "stand": "2025-09-24T22:00:00Z", "index_right": 46.0, "Stadtteil_Nummer": "031", "Stadtteil": "Nördlicher Teil" }, "geometry": { "type": "Point", "coordinates": [ 456560.934175200003665, 5427800.732206669636071 ] } },
{ "type": "Feature", "properties": { "type": "FeatureCollection", "totalFeatures": 270, "numberMatched": 270, "numberReturned": 270, "timeStamp": "2025-10-06T14:15:33.080Z", "crs_type": "name", "crs_properties_name": "urn:ogc:def:crs:EPSG::25832", "feature_type": "Feature", "feature_id": "baustellen_vorschau.102313313", "geometry_name": "geom", "geometry_type": "MultiPolygon", "geometry_coordinates": [ [ [ [ 451819.11858816, 5428983.67066199 ], [ 451819.05323616, 5428980.163449 ], [ 451866.41744812, 5428979.280886 ], [ 451866.48280012, 5428982.78809899 ], [ 451819.11858816, 5428983.67066199 ] ] ], [ [ [ 451873.91732712, 5428980.447521 ], [ 451876.07822912, 5428978.709888 ], [ 451899.7865591, 5429008.19332298 ], [ 451897.6256571, 5429009.93095598 ], [ 451873.91732712, 5428980.447521 ] ] ] ], "geometry_x": null, "geometry_y": null, "id": 102313313, "gemeinde": "Karlsruhe", "vorgangszeitraum_von": "2025-10-17T22:00:00Z", "vorgangszeitraum_bis": "2025-10-19T21:59:59Z", "art": "Bauliche Sondernutzung", "lage": "Rheinhafenstraße im Einmündungsbereich der Südbeckenstraße", "tagesbaustelle": null, "verursacher": "Privat", "zusatzinfo": null, "sperrung": "mit Verkehrsbehinderung", "projektnummer": 52522, "vorgangsnummer": "2025V5528", "datenquelle": "Stadt Karlsruhe", "stand": "2025-09-24T22:00:00Z", "index_right": 49.0, "Stadtteil_Nummer": "083", "Stadtteil": "Rheinhafen" }, "geometry": { "type": "MultiPolygon", "coordinates": [ [ [ [ 451819.118588160024956, 5428983.670661989599466 ], [ 451819.053236160019878, 5428980.163448999635875 ], [ 451866.41744812001707, 5428979.280886 ], [ 451866.482800120022148, 5428982.788098989985883 ], [ 451819.118588160024956, 5428983.670661989599466 ] ] ], [ [ [ 451873.917327120027039, 5428980.447521000169218 ], [ 451876.078229120001197, 5428978.709888 ], [ 451899.786559099971782, 5429008.193322979845107 ], [ 451897.625657099997625, 5429009.930955979973078 ], [ 451873.917327120027039, 5428980.447521000169218 ] ] ] ] } },
{ "type": "Feature", "properties": { "type": "FeatureCollection", "totalFeatures": 270, "numberMatched": 270, "numberReturned": 270, "timeStamp": "2025-10-06T14:15:33.080Z", "crs_type": "name", "crs_properties_name": "urn:ogc:def:crs:EPSG::25832", "feature_type": "Feature", "feature_id": "baustellen_vorschau.102313314", "geometry_name": "geom", "geometry_type": "Point", "geometry_coordinates": [ 451861.60844113, 5428981.12471 ], "geometry_x": 451861.60844113003, "geometry_y": 5428981.1247100001, "id": 102313314, "gemeinde": "Karlsruhe", "vorgangszeitraum_von": "2025-10-17T22:00:00Z", "vorgangszeitraum_bis": "2025-10-19T21:59:59Z", "art": "Bauliche Sondernutzung", "lage": "Rheinhafenstraße im Einmündungsbereich der Südbeckenstraße", "tagesbaustelle": null, "verursacher": "Privat", "zusatzinfo": null, "sperrung": "mit Verkehrsbehinderung", "projektnummer": 52522, "vorgangsnummer": "2025V5528", "datenquelle": "Stadt Karlsruhe", "stand": "2025-09-24T22:00:00Z", "index_right": 49.0, "Stadtteil_Nummer": "083", "Stadtteil": "Rheinhafen" }, "geometry": { "type": "Point", "coordinates": [ 451861.608441130025312, 5428981.124710000120103 ] } },
{ "type": "Feature", "properties": { "type": "FeatureCollection", "totalFeatures": 270, "numberMatched": 270, "numberReturned": 270, "timeStamp": "2025-10-06T14:15:33.080Z", "crs_type": "name", "crs_properties_name": "urn:ogc:def:crs:EPSG::25832", "feature_type": "Feature", "feature_id": "baustellen_vorschau.102313315", "geometry_name": "geom", "geometry_type": "MultiPolygon", "geometry_coordinates": [ [ [ [ 451819.11858816, 5428983.67066199 ], [ 451819.05323616, 5428980.163449 ], [ 451866.41744812, 5428979.280886 ], [ 451866.48280012, 5428982.78809899 ], [ 451819.11858816, 5428983.67066199 ] ] ], [ [ [ 451873.91732712, 5428980.447521 ], [ 451876.07822912, 5428978.709888 ], [ 451899.7865591, 5429008.19332298 ], [ 451897.6256571, 5429009.93095598 ], [ 451873.91732712, 5428980.447521 ] ] ] ], "geometry_x": null, "geometry_y": null, "id": 102313315, "gemeinde": "Karlsruhe", "vorgangszeitraum_von": "2025-10-10T22:00:00Z", "vorgangszeitraum_bis": "2025-10-12T21:59:59Z", "art": "Bauliche Sondernutzung", "lage": "Rheinhafenstraße im Einmündungsbereich Südbeckenstraße", "tagesbaustelle": null, "verursacher": "Privat", "zusatzinfo": null, "sperrung": "mit Verkehrsbehinderung", "projektnummer": 52522, "vorgangsnummer": "2025V5527", "datenquelle": "Stadt Karlsruhe", "stand": "2025-09-24T22:00:00Z", "index_right": 49.0, "Stadtteil_Nummer": "083", "Stadtteil": "Rheinhafen" }, "geometry": { "type": "MultiPolygon", "coordinates": [ [ [ [ 451819.118588160024956, 5428983.670661989599466 ], [ 451819.053236160019878, 5428980.163448999635875 ], [ 451866.41744812001707, 5428979.280886 ], [ 451866.482800120022148, 5428982.788098989985883 ], [ 451819.118588160024956, 5428983.670661989599466 ] ] ], [ [ [ 451873.917327120027039, 5428980.447521000169218 ], [ 451876.078229120001197, 5428978.709888 ], [ 451899.786559099971782, 5429008.193322979845107 ], [ 451897.625657099997625, 5429009.930955979973078 ], [ 451873.917327120027039, 5428980.447521000169218 ] ] ] ] } },
{ "type": "Feature", "properties": { "type": "FeatureCollection", "totalFeatures": 270, "numberMatched": 270, "numberReturned": 270, "timeStamp": "2025-10-06T14:15:33.080Z", "crs_type": "name", "crs_properties_name": "urn:ogc:def:crs:EPSG::25832", "feature_type": "Feature", "feature_id": "baustellen_vorschau.102313316", "geometry_name": "geom", "geometry_type": "Point", "geometry_coordinates": [ 451861.60844113, 5428981.12471 ], "geometry_x": 451861.60844113003, "geometry_y": 5428981.1247100001, "id": 102313316, "gemeinde": "Karlsruhe", "vorgangszeitraum_von": "2025-10-10T22:00:00Z", "vorgangszeitraum_bis": "2025-10-12T21:59:59Z", "art": "Bauliche Sondernutzung", "lage": "Rheinhafenstraße im Einmündungsbereich Südbeckenstraße", "tagesbaustelle": null, "verursacher": "Privat", "zusatzinfo": null, "sperrung": "mit Verkehrsbehinderung", "projektnummer": 52522, "vorgangsnummer": "2025V5527", "datenquelle": "Stadt Karlsruhe", "stand": "2025-09-24T22:00:00Z", "index_right": 49.0, "Stadtteil_Nummer": "083", "Stadtteil": "Rheinhafen" }, "geometry": { "type": "Point", "coordinates": [ 451861.608441130025312, 5428981.124710000120103 ] } },
{ "type": "Feature", "properties": { "type": "FeatureCollection", "totalFeatures": 270, "numberMatched": 270, "numberReturned": 270, "timeStamp": "2025-10-06T14:15:33.080Z", "crs_type": "name", "crs_properties_name": "urn:ogc:def:crs:EPSG::25832", "feature_type": "Feature", "feature_id": "baustellen_vorschau.102313318", "geometry_name": "geom", "geometry_type": "Polygon", "geometry_coordinates": [ [ [ 456335.06231838, 5426731.45311031 ], [ 456356.38780037, 5426738.8325183 ], [ 456360.80799036, 5426739.9043533 ], [ 456366.16985536, 5426738.6887793 ], [ 456370.80770935, 5426736.4024173 ], [ 456375.65993835, 5426733.18844531 ], [ 456379.31707335, 5426727.47425431 ], [ 456381.59894635, 5426718.68179031 ], [ 456381.68588934, 5426705.23713732 ], [ 456385.02716234, 5426706.61319832 ], [ 456385.73488434, 5426716.33379731 ], [ 456386.03061034, 5426722.90264931 ], [ 456384.52979434, 5426728.18388031 ], [ 456382.68009034, 5426732.1743713 ], [ 456380.03091735, 5426736.1148523 ], [ 456376.44417335, 5426738.8296303 ], [ 456372.46459235, 5426741.3340043 ], [ 456367.82982836, 5426743.2558023 ], [ 456362.81318936, 5426744.6170413 ], [ 456362.79781136, 5426746.4662813 ], [ 456381.39100835, 5426754.69209629 ], [ 456379.31016635, 5426759.04471329 ], [ 456332.59203939, 5426738.6374143 ], [ 456335.06231838, 5426731.45311031 ] ] ], "geometry_x": null, "geometry_y": null, "id": 102313318, "gemeinde": "Karlsruhe", "vorgangszeitraum_von": "2025-11-23T23:00:00Z", "vorgangszeitraum_bis": "2025-11-27T22:59:59Z", "art": "Straßenbau", "lage": "Schwarzwaldstraße zw. zentraler Zufahrt Hbf Süd u. Ettlinger Allee", "tagesbaustelle": null, "verursacher": "Tiefbauamt", "zusatzinfo": null, "sperrung": "mit Sperrung in eine Fahrtrichtung", "projektnummer": 52629, "vorgangsnummer": "2025V5587", "datenquelle": "Stadt Karlsruhe", "stand": "2025-09-25T22:00:00Z", "index_right": 57.0, "Stadtteil_Nummer": "142", "Stadtteil": "Dammerstock" }, "geometry": { "type": "Polygon", "coordinates": [ [ [ 456335.062318379990757, 5426731.453110310249031 ], [ 456356.387800369993784, 5426738.832518300041556 ], [ 456360.807990360015538, 5426739.904353300109506 ], [ 456366.169855359999929, 5426738.68877930007875 ], [ 456370.807709350017831, 5426736.402417300269008 ], [ 456375.659938350028824, 5426733.188445310108364 ], [ 456379.317073350015562, 5426727.474254310131073 ], [ 456381.598946349986363, 5426718.68179030995816 ], [ 456381.685889340005815, 5426705.237137320451438 ], [ 456385.027162340003997, 5426706.613198320381343 ], [ 456385.734884340025019, 5426716.333797309547663 ], [ 456386.030610340007115, 5426722.902649310417473 ], [ 456384.529794340021908, 5426728.183880309574306 ], [ 456382.680090340028983, 5426732.174371300265193 ], [ 456380.030917350028176, 5426736.114852299913764 ], [ 456376.444173349998891, 5426738.829630300402641 ], [ 456372.464592350006569, 5426741.334004299715161 ], [ 456367.829828360001557, 5426743.255802299827337 ], [ 456362.813189360022079, 5426744.617041300050914 ], [ 456362.797811359982006, 5426746.466281300410628 ], [ 456381.391008350008633, 5426754.692096290178597 ], [ 456379.310166349983774, 5426759.044713290408254 ], [ 456332.592039390001446, 5426738.637414299882948 ], [ 456335.062318379990757, 5426731.453110310249031 ] ] ] } },
{ "type": "Feature", "properties": { "type": "FeatureCollection", "totalFeatures": 270, "numberMatched": 270, "numberReturned": 270, "timeStamp": "2025-10-06T14:15:33.080Z", "crs_type": "name", "crs_properties_name": "urn:ogc:def:crs:EPSG::25832", "feature_type": "Feature", "feature_id": "baustellen_vorschau.102313455", "geometry_name": "geom", "geometry_type": "Polygon", "geometry_coordinates": [ [ [ 454859.92469862, 5427090.1925651 ], [ 454865.28155861, 5427086.1272781 ], [ 454895.78274759, 5427126.30529608 ], [ 454898.06721558, 5427131.88998808 ], [ 454896.94169359, 5427132.35039208 ], [ 454894.88814059, 5427133.19041707 ], [ 454887.63161459, 5427130.37121308 ], [ 454887.21923759, 5427127.49642908 ], [ 454884.80793759, 5427122.94082908 ], [ 454859.92469862, 5427090.1925651 ] ] ], "geometry_x": null, "geometry_y": null, "id": 102313455, "gemeinde": "Karlsruhe", "vorgangszeitraum_von": "2025-11-11T23:00:00Z", "vorgangszeitraum_bis": "2025-11-15T22:59:59Z", "art": "Straßenbau", "lage": "L 605 Brauerstraße zw. Südtangente Abfahrt Richtung Zentrum u. Ebertstraße/Hermann-Veit-Straße", "tagesbaustelle": null, "verursacher": "Tiefbauamt", "zusatzinfo": "Entfall von zwei Richtungsfahrstreifen", "sperrung": "mit Verkehrsbehinderung", "projektnummer": 52714, "vorgangsnummer": "2025V5601", "datenquelle": "Stadt Karlsruhe", "stand": "2025-09-25T22:00:00Z", "index_right": 30.0, "Stadtteil_Nummer": "131", "Stadtteil": "Beiertheim" }, "geometry": { "type": "Polygon", "coordinates": [ [ [ 454859.924698619986884, 5427090.192565100267529 ], [ 454865.281558609975036, 5427086.127278099767864 ], [ 454895.782747589983046, 5427126.305296080186963 ], [ 454898.06721558002755, 5427131.889988079667091 ], [ 454896.941693590022624, 5427132.350392079912126 ], [ 454894.888140589988325, 5427133.190417069941759 ], [ 454887.631614590005483, 5427130.371213080361485 ], [ 454887.219237589975819, 5427127.496429080143571 ], [ 454884.807937589997891, 5427122.940829079598188 ], [ 454859.924698619986884, 5427090.192565100267529 ] ] ] } },
{ "type": "Feature", "properties": { "type": "FeatureCollection", "totalFeatures": 270, "numberMatched": 270, "numberReturned": 270, "timeStamp": "2025-10-06T14:15:33.080Z", "crs_type": "name", "crs_properties_name": "urn:ogc:def:crs:EPSG::25832", "feature_type": "Feature", "feature_id": "baustellen_vorschau.102313457", "geometry_name": "geom", "geometry_type": "Polygon", "geometry_coordinates": [ [ [ 454900.41623358, 5427119.45152508 ], [ 454892.89543059, 5427121.30748908 ], [ 454863.01861761, 5427081.2114971 ], [ 454870.42499661, 5427075.58511711 ], [ 454882.5293406, 5427091.4547751 ], [ 454890.41463759, 5427101.00212909 ], [ 454898.32573758, 5427107.92582909 ], [ 454895.51091859, 5427113.16516508 ], [ 454900.41623358, 5427119.45152508 ] ] ], "geometry_x": null, "geometry_y": null, "id": 102313457, "gemeinde": "Karlsruhe", "vorgangszeitraum_von": "2025-11-15T23:00:00Z", "vorgangszeitraum_bis": "2025-11-20T22:59:59Z", "art": "Straßenbau", "lage": "L 605 Brauerstraße zw. Südtangente Abfahrt Richtung Zentrum u. Ebertstraße/Hermann-Veit-Straße", "tagesbaustelle": null, "verursacher": "Tiefbauamt", "zusatzinfo": "Entfall von drei Richtungsfahrstreifen", "sperrung": "mit Verkehrsbehinderung", "projektnummer": 52714, "vorgangsnummer": "2025V5602", "datenquelle": "Stadt Karlsruhe", "stand": "2025-09-25T22:00:00Z", "index_right": 30.0, "Stadtteil_Nummer": "131", "Stadtteil": "Beiertheim" }, "geometry": { "type": "Polygon", "coordinates": [ [ [ 454900.416233579977416, 5427119.451525080017745 ], [ 454892.895430590026081, 5427121.307489080354571 ], [ 454863.018617609981447, 5427081.211497100070119 ], [ 454870.424996609974187, 5427075.585117110051215 ], [ 454882.529340600012802, 5427091.454775099642575 ], [ 454890.414637590001803, 5427101.00212909001857 ], [ 454898.325737580016721, 5427107.925829090178013 ], [ 454895.51091859000735, 5427113.165165079757571 ], [ 454900.416233579977416, 5427119.451525080017745 ] ] ] } },
{ "type": "Feature", "properties": { "type": "FeatureCollection", "totalFeatures": 270, "numberMatched": 270, "numberReturned": 270, "timeStamp": "2025-10-06T14:15:33.080Z", "crs_type": "name", "crs_properties_name": "urn:ogc:def:crs:EPSG::25832", "feature_type": "Feature", "feature_id": "baustellen_vorschau.102313460", "geometry_name": "geom", "geometry_type": "Point", "geometry_coordinates": [ 454879.4029386, 5427110.46271809 ], "geometry_x": 454879.40293859999, "geometry_y": 5427110.46271809, "id": 102313460, "gemeinde": "Karlsruhe", "vorgangszeitraum_von": "2025-11-11T23:00:00Z", "vorgangszeitraum_bis": "2025-11-15T22:59:59Z", "art": "Straßenbau", "lage": "L 605 Brauerstraße zw. Südtangente Abfahrt Richtung Zentrum u. Ebertstraße/Hermann-Veit-Straße", "tagesbaustelle": null, "verursacher": "Tiefbauamt", "zusatzinfo": "Entfall von zwei Richtungsfahrstreifen", "sperrung": "mit Verkehrsbehinderung", "projektnummer": 52714, "vorgangsnummer": "2025V5601", "datenquelle": "Stadt Karlsruhe", "stand": "2025-09-25T22:00:00Z", "index_right": 30.0, "Stadtteil_Nummer": "131", "Stadtteil": "Beiertheim" }, "geometry": { "type": "Point", "coordinates": [ 454879.402938599989284, 5427110.462718090042472 ] } },
{ "type": "Feature", "properties": { "type": "FeatureCollection", "totalFeatures": 270, "numberMatched": 270, "numberReturned": 270, "timeStamp": "2025-10-06T14:15:33.080Z", "crs_type": "name", "crs_properties_name": "urn:ogc:def:crs:EPSG::25832", "feature_type": "Feature", "feature_id": "baustellen_vorschau.102313464", "geometry_name": "geom", "geometry_type": "Point", "geometry_coordinates": [ 454882.2308546, 5427098.78270209 ], "geometry_x": 454882.23085460003, "geometry_y": 5427098.7827020902, "id": 102313464, "gemeinde": "Karlsruhe", "vorgangszeitraum_von": "2025-11-15T23:00:00Z", "vorgangszeitraum_bis": "2025-11-20T22:59:59Z", "art": "Straßenbau", "lage": "L 605 Brauerstraße zw. Südtangente Abfahrt Richtung Zentrum u. Ebertstraße/Hermann-Veit-Straße", "tagesbaustelle": null, "verursacher": "Tiefbauamt", "zusatzinfo": "Entfall von drei Richtungsfahrstreifen", "sperrung": "mit Verkehrsbehinderung", "projektnummer": 52714, "vorgangsnummer": "2025V5602", "datenquelle": "Stadt Karlsruhe", "stand": "2025-09-25T22:00:00Z", "index_right": 30.0, "Stadtteil_Nummer": "131", "Stadtteil": "Beiertheim" }, "geometry": { "type": "Point", "coordinates": [ 454882.230854600027669, 5427098.782702090218663 ] } },
{ "type": "Feature", "properties": { "type": "FeatureCollection", "totalFeatures": 270, "numberMatched": 270, "numberReturned": 270, "timeStamp": "2025-10-06T14:15:33.080Z", "crs_type": "name", "crs_properties_name": "urn:ogc:def:crs:EPSG::25832", "feature_type": "Feature", "feature_id": "baustellen_vorschau.102313476", "geometry_name": "geom", "geometry_type": "Polygon", "geometry_coordinates": [ [ [ 454975.15723752, 5426706.82452932 ], [ 454957.48943753, 5426713.70832932 ], [ 454916.95243757, 5426724.90232931 ], [ 454871.3619376, 5426737.07772931 ], [ 454854.08053762, 5426744.3297293 ], [ 454839.55753763, 5426753.68352929 ], [ 454830.47603664, 5426761.44475529 ], [ 454825.77957964, 5426758.11499529 ], [ 454828.81303764, 5426754.2834293 ], [ 454844.07583763, 5426742.9686293 ], [ 454862.65191061, 5426733.63885231 ], [ 454896.74371258, 5426725.90423031 ], [ 454956.36609953, 5426709.74681032 ], [ 454983.22324251, 5426701.31823933 ], [ 454975.15723752, 5426706.82452932 ] ] ], "geometry_x": null, "geometry_y": null, "id": 102313476, "gemeinde": "Karlsruhe", "vorgangszeitraum_von": "2025-11-11T23:00:00Z", "vorgangszeitraum_bis": "2025-11-20T22:59:59Z", "art": "Straßenbau", "lage": "Südtangente von Osten kommend Abfahrt zur L 605 Brauerstraße Richtung Zentrum", "tagesbaustelle": null, "verursacher": "Tiefbauamt", "zusatzinfo": "Sperrung wegen Arbeitsstellen auf der L 605 Knoten Ebertstraße/Hermann-Veit-Straße", "sperrung": "mit Sperrung in eine Fahrtrichtung", "projektnummer": 52714, "vorgangsnummer": "2025V5604", "datenquelle": "Stadt Karlsruhe", "stand": "2025-09-25T22:00:00Z", "index_right": 30.0, "Stadtteil_Nummer": "131", "Stadtteil": "Beiertheim" }, "geometry": { "type": "Polygon", "coordinates": [ [ [ 454975.157237519975752, 5426706.824529320001602 ], [ 454957.489437529991847, 5426713.708329319953918 ], [ 454916.952437570027541, 5426724.902329309843481 ], [ 454871.361937600013334, 5426737.077729309909046 ], [ 454854.080537620000541, 5426744.329729299992323 ], [ 454839.557537630025763, 5426753.683529290370643 ], [ 454830.47603664000053, 5426761.444755289703608 ], [ 454825.779579640016891, 5426758.114995289593935 ], [ 454828.813037640007678, 5426754.283429300412536 ], [ 454844.075837630021852, 5426742.968629299663007 ], [ 454862.651910609973129, 5426733.638852310366929 ], [ 454896.743712580006104, 5426725.904230309650302 ], [ 454956.366099530016072, 5426709.746810319833457 ], [ 454983.223242509993725, 5426701.3182393303141 ], [ 454975.157237519975752, 5426706.824529320001602 ] ] ] } },
{ "type": "Feature", "properties": { "type": "FeatureCollection", "totalFeatures": 270, "numberMatched": 270, "numberReturned": 270, "timeStamp": "2025-10-06T14:15:33.080Z", "crs_type": "name", "crs_properties_name": "urn:ogc:def:crs:EPSG::25832", "feature_type": "Feature", "feature_id": "baustellen_vorschau.102313477", "geometry_name": "geom", "geometry_type": "Point", "geometry_coordinates": [ 454892.71184459, 5426730.69486631 ], "geometry_x": 454892.71184459003, "geometry_y": 5426730.6948663099, "id": 102313477, "gemeinde": "Karlsruhe", "vorgangszeitraum_von": "2025-11-11T23:00:00Z", "vorgangszeitraum_bis": "2025-11-20T22:59:59Z", "art": "Straßenbau", "lage": "Südtangente von Osten kommend Abfahrt zur L 605 Brauerstraße Richtung Zentrum", "tagesbaustelle": null, "verursacher": "Tiefbauamt", "zusatzinfo": "Sperrung wegen Arbeitsstellen auf der L 605 Knoten Ebertstraße/Hermann-Veit-Straße", "sperrung": "mit Sperrung in eine Fahrtrichtung", "projektnummer": 52714, "vorgangsnummer": "2025V5604", "datenquelle": "Stadt Karlsruhe", "stand": "2025-09-25T22:00:00Z", "index_right": 30.0, "Stadtteil_Nummer": "131", "Stadtteil": "Beiertheim" }, "geometry": { "type": "Point", "coordinates": [ 454892.711844590026885, 5426730.69486630987376 ] } },
{ "type": "Feature", "properties": { "type": "FeatureCollection", "totalFeatures": 270, "numberMatched": 270, "numberReturned": 270, "timeStamp": "2025-10-06T14:15:33.080Z", "crs_type": "name", "crs_properties_name": "urn:ogc:def:crs:EPSG::25832", "feature_type": "Feature", "feature_id": "baustellen_vorschau.102313480", "geometry_name": "geom", "geometry_type": "Point", "geometry_coordinates": [ 450661.34810113, 5428579.06762423 ], "geometry_x": 450661.34810112999, "geometry_y": 5428579.0676242299, "id": 102313480, "gemeinde": "Karlsruhe", "vorgangszeitraum_von": "2025-11-23T23:00:00Z", "vorgangszeitraum_bis": "2025-12-04T22:59:59Z", "art": "Straßenbau", "lage": "Fettweisstraße zw. Einmündung Daxlander Straße und Industriestraße", "tagesbaustelle": null, "verursacher": "Tiefbauamt", "zusatzinfo": "Engstelle mit Lichtsignal", "sperrung": "mit Verkehrsbehinderung", "projektnummer": 46572, "vorgangsnummer": "2025V5467", "datenquelle": "Stadt Karlsruhe", "stand": "2025-09-25T22:00:00Z", "index_right": 49.0, "Stadtteil_Nummer": "083", "Stadtteil": "Rheinhafen" }, "geometry": { "type": "Point", "coordinates": [ 450661.348101129988208, 5428579.067624229937792 ] } },
{ "type": "Feature", "properties": { "type": "FeatureCollection", "totalFeatures": 270, "numberMatched": 270, "numberReturned": 270, "timeStamp": "2025-10-06T14:15:33.080Z", "crs_type": "name", "crs_properties_name": "urn:ogc:def:crs:EPSG::25832", "feature_type": "Feature", "feature_id": "baustellen_vorschau.102313481", "geometry_name": "geom", "geometry_type": "Point", "geometry_coordinates": [ 450675.40087411, 5428571.44759424 ], "geometry_x": 450675.40087411, "geometry_y": 5428571.4475942403, "id": 102313481, "gemeinde": "Karlsruhe", "vorgangszeitraum_von": "2025-12-04T23:00:00Z", "vorgangszeitraum_bis": "2025-12-07T22:59:59Z", "art": "Straßenbau", "lage": "Fettweisstraße Höhe Einmündung Daxlander Straße bis Industriestraße, Engstelle mit Lichtsignal auf der Daxlander Straße", "tagesbaustelle": null, "verursacher": "Tiefbauamt", "zusatzinfo": null, "sperrung": "mit Vollsperrung", "projektnummer": 46572, "vorgangsnummer": "2025V5468", "datenquelle": "Stadt Karlsruhe", "stand": "2025-09-25T22:00:00Z", "index_right": 42.0, "Stadtteil_Nummer": "091", "Stadtteil": "Alt-Daxlanden" }, "geometry": { "type": "Point", "coordinates": [ 450675.400874109996948, 5428571.447594240307808 ] } },
{ "type": "Feature", "properties": { "type": "FeatureCollection", "totalFeatures": 270, "numberMatched": 270, "numberReturned": 270, "timeStamp": "2025-10-06T14:15:33.080Z", "crs_type": "name", "crs_properties_name": "urn:ogc:def:crs:EPSG::25832", "feature_type": "Feature", "feature_id": "baustellen_vorschau.102313485", "geometry_name": "geom", "geometry_type": "Polygon", "geometry_coordinates": [ [ [ 450732.87275007, 5428526.65133027 ], [ 450728.58554107, 5428527.58212827 ], [ 450727.29484107, 5428528.00672827 ], [ 450726.36874107, 5428528.53512827 ], [ 450725.27144107, 5428529.92932827 ], [ 450724.74594107, 5428532.57532826 ], [ 450725.75584207, 5428545.68829626 ], [ 450726.89334107, 5428559.49202825 ], [ 450727.90681107, 5428561.27870525 ], [ 450731.23484107, 5428562.88772825 ], [ 450713.31914108, 5428563.51602825 ], [ 450716.98594708, 5428561.67659125 ], [ 450717.95554108, 5428559.71462825 ], [ 450718.75643808, 5428555.20661325 ], [ 450718.04659508, 5428537.73999726 ], [ 450717.20434108, 5428530.06112826 ], [ 450715.59344108, 5428527.07132827 ], [ 450712.82574108, 5428525.14532827 ], [ 450732.87275007, 5428526.65133027 ] ] ], "geometry_x": null, "geometry_y": null, "id": 102313485, "gemeinde": "Karlsruhe", "vorgangszeitraum_von": "2025-11-23T23:00:00Z", "vorgangszeitraum_bis": "2025-12-07T22:59:59Z", "art": "Straßenbau", "lage": "Verbindungsstraße Daxlander Straße zur Fettweisstraße", "tagesbaustelle": null, "verursacher": "Tiefbauamt", "zusatzinfo": null, "sperrung": "mit Vollsperrung", "projektnummer": 46572, "vorgangsnummer": "2025V5605", "datenquelle": "Stadt Karlsruhe", "stand": "2025-09-25T22:00:00Z", "index_right": 42.0, "Stadtteil_Nummer": "091", "Stadtteil": "Alt-Daxlanden" }, "geometry": { "type": "Polygon", "coordinates": [ [ [ 450732.872750070004258, 5428526.651330269873142 ], [ 450728.58554106997326, 5428527.582128269597888 ], [ 450727.294841070019174, 5428528.006728270091116 ], [ 450726.368741069978569, 5428528.535128270275891 ], [ 450725.27144107001368, 5428529.929328270256519 ], [ 450724.745941070024855, 5428532.575328259728849 ], [ 450725.755842069978826, 5428545.6882962603122 ], [ 450726.893341069982853, 5428559.492028250358999 ], [ 450727.90681106998818, 5428561.278705249540508 ], [ 450731.234841070021503, 5428562.887728249654174 ], [ 450713.319141080020927, 5428563.516028249636292 ], [ 450716.985947080014739, 5428561.676591250114143 ], [ 450717.955541079980321, 5428559.714628250338137 ], [ 450718.756438079988584, 5428555.206613250076771 ], [ 450718.046595079998951, 5428537.739997260272503 ], [ 450717.204341079981532, 5428530.061128259636462 ], [ 450715.593441080010962, 5428527.071328270249069 ], [ 450712.825741079985164, 5428525.14532827027142 ], [ 450732.872750070004258, 5428526.651330269873142 ] ] ] } },
{ "type": "Feature", "properties": { "type": "FeatureCollection", "totalFeatures": 270, "numberMatched": 270, "numberReturned": 270, "timeStamp": "2025-10-06T14:15:33.080Z", "crs_type": "name", "crs_properties_name": "urn:ogc:def:crs:EPSG::25832", "feature_type": "Feature", "feature_id": "baustellen_vorschau.102313486", "geometry_name": "geom", "geometry_type": "Point", "geometry_coordinates": [ 450721.97212807, 5428544.54316026 ], "geometry_x": 450721.97212807002, "geometry_y": 5428544.5431602597, "id": 102313486, "gemeinde": "Karlsruhe", "vorgangszeitraum_von": "2025-11-23T23:00:00Z", "vorgangszeitraum_bis": "2025-12-07T22:59:59Z", "art": "Straßenbau", "lage": "Verbindungsstraße Daxlander Straße zur Fettweisstraße", "tagesbaustelle": null, "verursacher": "Tiefbauamt", "zusatzinfo": null, "sperrung": "mit Vollsperrung", "projektnummer": 46572, "vorgangsnummer": "2025V5605", "datenquelle": "Stadt Karlsruhe", "stand": "2025-09-25T22:00:00Z", "index_right": 42.0, "Stadtteil_Nummer": "091", "Stadtteil": "Alt-Daxlanden" }, "geometry": { "type": "Point", "coordinates": [ 450721.972128070017789, 5428544.543160259723663 ] } },
{ "type": "Feature", "properties": { "type": "FeatureCollection", "totalFeatures": 270, "numberMatched": 270, "numberReturned": 270, "timeStamp": "2025-10-06T14:15:33.080Z", "crs_type": "name", "crs_properties_name": "urn:ogc:def:crs:EPSG::25832", "feature_type": "Feature", "feature_id": "baustellen_vorschau.102313560", "geometry_name": "geom", "geometry_type": "Point", "geometry_coordinates": [ 456360.62270436, 5426744.6564243 ], "geometry_x": 456360.62270435999, "geometry_y": 5426744.6564242998, "id": 102313560, "gemeinde": "Karlsruhe", "vorgangszeitraum_von": "2025-11-23T23:00:00Z", "vorgangszeitraum_bis": "2025-11-27T22:59:59Z", "art": "Straßenbau", "lage": "Schwarzwaldstraße zw. zentraler Zufahrt Hbf Süd u. Ettlinger Allee", "tagesbaustelle": null, "verursacher": "Tiefbauamt", "zusatzinfo": null, "sperrung": "mit Sperrung in eine Fahrtrichtung", "projektnummer": 52629, "vorgangsnummer": "2025V5587", "datenquelle": "Stadt Karlsruhe", "stand": "2025-09-25T22:00:00Z", "index_right": 57.0, "Stadtteil_Nummer": "142", "Stadtteil": "Dammerstock" }, "geometry": { "type": "Point", "coordinates": [ 456360.622704359993804, 5426744.656424299813807 ] } },
{ "type": "Feature", "properties": { "type": "FeatureCollection", "totalFeatures": 270, "numberMatched": 270, "numberReturned": 270, "timeStamp": "2025-10-06T14:15:33.080Z", "crs_type": "name", "crs_properties_name": "urn:ogc:def:crs:EPSG::25832", "feature_type": "Feature", "feature_id": "baustellen_vorschau.102314046", "geometry_name": "geom", "geometry_type": "MultiPolygon", "geometry_coordinates": [ [ [ [ 456574.04003619, 5427589.8346288 ], [ 456574.82003619, 5427572.42462881 ], [ 456575.10003619, 5427566.13462881 ], [ 456575.07003619, 5427566.13462881 ], [ 456575.24003619, 5427560.06462882 ], [ 456584.82003618, 5427560.28462882 ], [ 456585.49003618, 5427556.32462882 ], [ 456585.60003618, 5427549.05462882 ], [ 456585.79003618, 5427549.04462882 ], [ 456587.87003618, 5427548.91462882 ], [ 456593.18003617, 5427542.92462883 ], [ 456595.70003617, 5427583.7246288 ], [ 456598.25753617, 5427578.76072881 ], [ 456599.68613617, 5427566.43922881 ], [ 456597.72383617, 5427537.36182883 ], [ 456588.35383618, 5427537.95092883 ], [ 456588.24163618, 5427536.43922883 ], [ 456612.16663616, 5427534.73842883 ], [ 456612.27443616, 5427536.44692883 ], [ 456599.12693617, 5427537.27352883 ], [ 456602.00753617, 5427537.15352883 ], [ 456604.68613617, 5427578.22492881 ], [ 456599.66003617, 5427588.0446288 ], [ 456598.82003617, 5427610.23462879 ], [ 456574.17003619, 5427609.32462879 ], [ 456574.28003619, 5427606.16462879 ], [ 456574.87003619, 5427589.8546288 ], [ 456574.04003619, 5427589.8346288 ] ] ], [ [ [ 456654.77713612, 5427529.56952883 ], [ 456688.70713609, 5427527.36452884 ], [ 456688.70713609, 5427530.19952883 ], [ 456654.91213612, 5427532.58452883 ], [ 456654.77713612, 5427529.56952883 ] ] ] ], "geometry_x": null, "geometry_y": null, "id": 102314046, "gemeinde": "Karlsruhe", "vorgangszeitraum_von": "2025-11-23T23:00:00Z", "vorgangszeitraum_bis": "2026-12-31T22:59:59Z", "art": "Bauliche Sondernutzung", "lage": "Augartenstraße Höhe Nr. 21", "tagesbaustelle": null, "verursacher": "Hochbau und Gebäudewirtschaft", "zusatzinfo": "Entfall von Parkmöglichkeiten", "sperrung": "keine Verkehrsbehinderung", "projektnummer": 50933, "vorgangsnummer": "2025V5267", "datenquelle": "Stadt Karlsruhe", "stand": "2025-09-28T22:00:00Z", "index_right": 16.0, "Stadtteil_Nummer": "032", "Stadtteil": "Südlicher Teil" }, "geometry": { "type": "MultiPolygon", "coordinates": [ [ [ [ 456574.040036190010142, 5427589.834628799930215 ], [ 456574.820036189979874, 5427572.424628810025752 ], [ 456575.100036190007813, 5427566.134628809988499 ], [ 456575.070036189979874, 5427566.134628809988499 ], [ 456575.240036190021783, 5427560.064628819935024 ], [ 456584.820036180026364, 5427560.284628819674253 ], [ 456585.490036180010065, 5427556.324628819711506 ], [ 456585.600036179996096, 5427549.054628820158541 ], [ 456585.790036179998424, 5427549.044628820382059 ], [ 456587.870036180014722, 5427548.914628819562495 ], [ 456593.180036170000676, 5427542.924628829583526 ], [ 456595.700036170019303, 5427583.724628799594939 ], [ 456598.257536170014646, 5427578.760728809982538 ], [ 456599.686136169999372, 5427566.439228810369968 ], [ 456597.723836169985589, 5427537.361828830093145 ], [ 456588.353836180001963, 5427537.950928829610348 ], [ 456588.241636180027854, 5427536.439228829927742 ], [ 456612.166636159992777, 5427534.738428830169141 ], [ 456612.274436159990728, 5427536.446928829886019 ], [ 456599.126936169981491, 5427537.27352883014828 ], [ 456602.007536170014646, 5427537.153528830036521 ], [ 456604.686136169999372, 5427578.22492881026119 ], [ 456599.66003616998205, 5427588.044628799892962 ], [ 456598.820036170014646, 5427610.234628790058196 ], [ 456574.170036190014798, 5427609.324628789909184 ], [ 456574.280036190000828, 5427606.164628789760172 ], [ 456574.87003619002644, 5427589.854628800414503 ], [ 456574.040036190010142, 5427589.834628799930215 ] ] ], [ [ [ 456654.777136120013893, 5427529.569528830237687 ], [ 456688.707136089971755, 5427527.364528840407729 ], [ 456688.707136089971755, 5427530.199528830125928 ], [ 456654.912136120023206, 5427532.584528829902411 ], [ 456654.777136120013893, 5427529.569528830237687 ] ] ] ] } },
{ "type": "Feature", "properties": { "type": "FeatureCollection", "totalFeatures": 270, "numberMatched": 270, "numberReturned": 270, "timeStamp": "2025-10-06T14:15:33.080Z", "crs_type": "name", "crs_properties_name": "urn:ogc:def:crs:EPSG::25832", "feature_type": "Feature", "feature_id": "baustellen_vorschau.102314047", "geometry_name": "geom", "geometry_type": "Point", "geometry_coordinates": [ 456594.10483017, 5427575.97892881 ], "geometry_x": 456594.10483016999, "geometry_y": 5427575.97892881, "id": 102314047, "gemeinde": "Karlsruhe", "vorgangszeitraum_von": "2025-11-23T23:00:00Z", "vorgangszeitraum_bis": "2026-12-31T22:59:59Z", "art": "Bauliche Sondernutzung", "lage": "Augartenstraße Höhe Nr. 21", "tagesbaustelle": null, "verursacher": "Hochbau und Gebäudewirtschaft", "zusatzinfo": "Entfall von Parkmöglichkeiten", "sperrung": "keine Verkehrsbehinderung", "projektnummer": 50933, "vorgangsnummer": "2025V5267", "datenquelle": "Stadt Karlsruhe", "stand": "2025-09-28T22:00:00Z", "index_right": 16.0, "Stadtteil_Nummer": "032", "Stadtteil": "Südlicher Teil" }, "geometry": { "type": "Point", "coordinates": [ 456594.104830169992056, 5427575.978928809985518 ] } },
{ "type": "Feature", "properties": { "type": "FeatureCollection", "totalFeatures": 270, "numberMatched": 270, "numberReturned": 270, "timeStamp": "2025-10-06T14:15:33.080Z", "crs_type": "name", "crs_properties_name": "urn:ogc:def:crs:EPSG::25832", "feature_type": "Feature", "feature_id": "baustellen_vorschau.102314473", "geometry_name": "geom", "geometry_type": "LineString", "geometry_coordinates": [ [ 452055.21195796, 5427763.54166571 ], [ 451986.27339801, 5427567.61102183 ], [ 451971.76001702, 5427371.68037794 ], [ 451928.21987406, 5427117.69621009 ], [ 451888.30807609, 5426990.70412617 ], [ 451797.59944417, 5426867.34038724 ], [ 451652.46563428, 5426685.92312435 ], [ 451481.93340743, 5426482.73578947 ], [ 451260.60434661, 5426236.00831161 ] ], "geometry_x": null, "geometry_y": null, "id": 102314473, "gemeinde": "Karlsruhe", "vorgangszeitraum_von": "2025-10-12T22:00:00Z", "vorgangszeitraum_bis": "2025-10-13T21:59:59Z", "art": "Grünpflegearbeiten", "lage": "B36 zwischen Rheinhafenstraße und Ortsgrenze Rheinstetten", "tagesbaustelle": "Wanderbaustelle", "verursacher": "Gartenbauamt", "zusatzinfo": "9:00 Uhr - 15:00 Uhr, beide Fahrtrichtungen betroffen", "sperrung": "mit Verkehrsbehinderung", "projektnummer": 49248, "vorgangsnummer": "2025V5721", "datenquelle": "Stadt Karlsruhe", "stand": "2025-09-30T22:00:00Z", "index_right": null, "Stadtteil_Nummer": null, "Stadtteil": null }, "geometry": { "type": "LineString", "coordinates": [ [ 452055.211957959982101, 5427763.541665709577501 ], [ 451986.273398010001983, 5427567.611021829769015 ], [ 451971.760017019987572, 5427371.680377939715981 ], [ 451928.219874060014263, 5427117.696210090070963 ], [ 451888.308076090004761, 5426990.704126169905066 ], [ 451797.599444170016795, 5426867.340387240052223 ], [ 451652.465634280000813, 5426685.923124349676073 ], [ 451481.933407430013176, 5426482.735789470374584 ], [ 451260.60434661002364, 5426236.008311609737575 ] ] } },
{ "type": "Feature", "properties": { "type": "FeatureCollection", "totalFeatures": 270, "numberMatched": 270, "numberReturned": 270, "timeStamp": "2025-10-06T14:15:33.080Z", "crs_type": "name", "crs_properties_name": "urn:ogc:def:crs:EPSG::25832", "feature_type": "Feature", "feature_id": "baustellen_vorschau.102314476", "geometry_name": "geom", "geometry_type": "Point", "geometry_coordinates": [ 451823.12127114, 5426902.05007222 ], "geometry_x": 451823.12127114, "geometry_y": 5426902.0500722202, "id": 102314476, "gemeinde": "Karlsruhe", "vorgangszeitraum_von": "2025-10-12T22:00:00Z", "vorgangszeitraum_bis": "2025-10-13T21:59:59Z", "art": "Grünpflegearbeiten", "lage": "B36 zwischen Rheinhafenstraße und Ortsgrenze Rheinstetten", "tagesbaustelle": "Wanderbaustelle", "verursacher": "Gartenbauamt", "zusatzinfo": "9:00 Uhr - 15:00 Uhr, beide Fahrtrichtungen betroffen", "sperrung": "mit Verkehrsbehinderung", "projektnummer": 49248, "vorgangsnummer": "2025V5721", "datenquelle": "Stadt Karlsruhe", "stand": "2025-09-30T22:00:00Z", "index_right": 13.0, "Stadtteil_Nummer": "094", "Stadtteil": "Rheinstrandsiedlung" }, "geometry": { "type": "Point", "coordinates": [ 451823.121271140000317, 5426902.050072220154107 ] } },
{ "type": "Feature", "properties": { "type": "FeatureCollection", "totalFeatures": 270, "numberMatched": 270, "numberReturned": 270, "timeStamp": "2025-10-06T14:15:33.080Z", "crs_type": "name", "crs_properties_name": "urn:ogc:def:crs:EPSG::25832", "feature_type": "Feature", "feature_id": "baustellen_vorschau.102314524", "geometry_name": "geom", "geometry_type": "Polygon", "geometry_coordinates": [ [ [ 450449.3800423, 5428716.48897115 ], [ 450444.19199031, 5428708.68227316 ], [ 450473.39426128, 5428688.32655117 ], [ 450478.47506028, 5428695.94774917 ], [ 450449.3800423, 5428716.48897115 ] ] ], "geometry_x": null, "geometry_y": null, "id": 102314524, "gemeinde": "Karlsruhe", "vorgangszeitraum_von": "2025-10-22T22:00:00Z", "vorgangszeitraum_bis": "2025-10-23T21:59:59Z", "art": "Kraneinsatz", "lage": "Fettweisstraße zw. Industriestraße und Hohleichweg", "tagesbaustelle": null, "verursacher": "Privat", "zusatzinfo": null, "sperrung": "mit Vollsperrung", "projektnummer": 53234, "vorgangsnummer": "2025V5726", "datenquelle": "Stadt Karlsruhe", "stand": "2025-09-30T22:00:00Z", "index_right": null, "Stadtteil_Nummer": null, "Stadtteil": null }, "geometry": { "type": "Polygon", "coordinates": [ [ [ 450449.380042299977504, 5428716.488971149548888 ], [ 450444.191990309976973, 5428708.682273159734905 ], [ 450473.394261280016508, 5428688.326551170088351 ], [ 450478.475060280004982, 5428695.947749169543386 ], [ 450449.380042299977504, 5428716.488971149548888 ] ] ] } },
{ "type": "Feature", "properties": { "type": "FeatureCollection", "totalFeatures": 270, "numberMatched": 270, "numberReturned": 270, "timeStamp": "2025-10-06T14:15:33.080Z", "crs_type": "name", "crs_properties_name": "urn:ogc:def:crs:EPSG::25832", "feature_type": "Feature", "feature_id": "baustellen_vorschau.102314525", "geometry_name": "geom", "geometry_type": "Point", "geometry_coordinates": [ 450461.30453029, 5428702.40089416 ], "geometry_x": 450461.30453029001, "geometry_y": 5428702.4008941604, "id": 102314525, "gemeinde": "Karlsruhe", "vorgangszeitraum_von": "2025-10-22T22:00:00Z", "vorgangszeitraum_bis": "2025-10-23T21:59:59Z", "art": "Kraneinsatz", "lage": "Fettweisstraße zw. Industriestraße und Hohleichweg", "tagesbaustelle": null, "verursacher": "Privat", "zusatzinfo": null, "sperrung": "mit Vollsperrung", "projektnummer": 53234, "vorgangsnummer": "2025V5726", "datenquelle": "Stadt Karlsruhe", "stand": "2025-09-30T22:00:00Z", "index_right": 49.0, "Stadtteil_Nummer": "083", "Stadtteil": "Rheinhafen" }, "geometry": { "type": "Point", "coordinates": [ 450461.304530290013645, 5428702.40089416038245 ] } },
{ "type": "Feature", "properties": { "type": "FeatureCollection", "totalFeatures": 270, "numberMatched": 270, "numberReturned": 270, "timeStamp": "2025-10-06T14:15:33.080Z", "crs_type": "name", "crs_properties_name": "urn:ogc:def:crs:EPSG::25832", "feature_type": "Feature", "feature_id": "baustellen_vorschau.102314547", "geometry_name": "geom", "geometry_type": "Polygon", "geometry_coordinates": [ [ [ 456710.76096408, 5427527.97685384 ], [ 456705.76096408, 5427528.26256783 ], [ 456705.33239208, 5427521.83399684 ], [ 456712.33239208, 5427520.83399684 ], [ 456714.04667807, 5427518.97685384 ], [ 456716.47525007, 5427518.97685384 ], [ 456716.18953507, 5427529.11971084 ], [ 456713.33239207, 5427529.26256784 ], [ 456710.76096408, 5427527.97685384 ] ] ], "geometry_x": null, "geometry_y": null, "id": 102314547, "gemeinde": "Karlsruhe", "vorgangszeitraum_von": "2025-10-12T22:00:00Z", "vorgangszeitraum_bis": "2025-11-07T22:59:59Z", "art": "Fernwärmeversorgung", "lage": "Augartenstraße zw. Wilhemstraße und Marienstraße", "tagesbaustelle": null, "verursacher": "Stadtwerke Karlsruhe", "zusatzinfo": null, "sperrung": "mit Vollsperrung", "projektnummer": 45072, "vorgangsnummer": "2025V5729", "datenquelle": "Stadt Karlsruhe", "stand": "2025-09-30T22:00:00Z", "index_right": 16.0, "Stadtteil_Nummer": "032", "Stadtteil": "Südlicher Teil" }, "geometry": { "type": "Polygon", "coordinates": [ [ [ 456710.760964079992846, 5427527.976853840053082 ], [ 456705.760964079992846, 5427528.262567830272019 ], [ 456705.332392079988495, 5427521.833996839821339 ], [ 456712.332392079988495, 5427520.833996839821339 ], [ 456714.046678069978952, 5427518.976853840053082 ], [ 456716.475250069983304, 5427518.976853840053082 ], [ 456716.189535069977865, 5427529.119710840284824 ], [ 456713.332392069976777, 5427529.262567839585245 ], [ 456710.760964079992846, 5427527.976853840053082 ] ] ] } },
{ "type": "Feature", "properties": { "type": "FeatureCollection", "totalFeatures": 270, "numberMatched": 270, "numberReturned": 270, "timeStamp": "2025-10-06T14:15:33.080Z", "crs_type": "name", "crs_properties_name": "urn:ogc:def:crs:EPSG::25832", "feature_type": "Feature", "feature_id": "baustellen_vorschau.102314548", "geometry_name": "geom", "geometry_type": "Point", "geometry_coordinates": [ 456711.47750208, 5427524.47094284 ], "geometry_x": 456711.47750207997, "geometry_y": 5427524.47094284, "id": 102314548, "gemeinde": "Karlsruhe", "vorgangszeitraum_von": "2025-10-12T22:00:00Z", "vorgangszeitraum_bis": "2025-11-07T22:59:59Z", "art": "Fernwärmeversorgung", "lage": "Augartenstraße zw. Wilhemstraße und Marienstraße", "tagesbaustelle": null, "verursacher": "Stadtwerke Karlsruhe", "zusatzinfo": null, "sperrung": "mit Vollsperrung", "projektnummer": 45072, "vorgangsnummer": "2025V5729", "datenquelle": "Stadt Karlsruhe", "stand": "2025-09-30T22:00:00Z", "index_right": 16.0, "Stadtteil_Nummer": "032", "Stadtteil": "Südlicher Teil" }, "geometry": { "type": "Point", "coordinates": [ 456711.4775020799716, 5427524.470942839980125 ] } },
{ "type": "Feature", "properties": { "type": "FeatureCollection", "totalFeatures": 270, "numberMatched": 270, "numberReturned": 270, "timeStamp": "2025-10-06T14:15:33.080Z", "crs_type": "name", "crs_properties_name": "urn:ogc:def:crs:EPSG::25832", "feature_type": "Feature", "feature_id": "baustellen_vorschau.102314747", "geometry_name": "geom", "geometry_type": "Polygon", "geometry_coordinates": [ [ [ 455051.38409845, 5426794.18974327 ], [ 455049.20552746, 5426787.79688628 ], [ 455053.20552745, 5426786.43974328 ], [ 455055.31267045, 5426792.83260027 ], [ 455051.38409845, 5426794.18974327 ] ] ], "geometry_x": null, "geometry_y": null, "id": 102314747, "gemeinde": "Karlsruhe", "vorgangszeitraum_von": "2025-10-19T22:00:00Z", "vorgangszeitraum_bis": "2025-11-28T22:59:59Z", "art": "Fernwärmeversorgung", "lage": "Bulacher Straße zw. Breite Straße und Bulacher Loch", "tagesbaustelle": null, "verursacher": "Stadtwerke Karlsruhe", "zusatzinfo": "Engstelle 1-streifige Verkehrsführung im Baubereich", "sperrung": "mit Verkehrsbehinderung", "projektnummer": 52845, "vorgangsnummer": "2025V5310", "datenquelle": "Stadt Karlsruhe", "stand": "2025-10-05T22:00:00Z", "index_right": 30.0, "Stadtteil_Nummer": "131", "Stadtteil": "Beiertheim" }, "geometry": { "type": "Polygon", "coordinates": [ [ [ 455051.384098450012971, 5426794.189743270166218 ], [ 455049.205527460027952, 5426787.796886280179024 ], [ 455053.205527450016234, 5426786.439743280410767 ], [ 455055.312670450017322, 5426792.832600270397961 ], [ 455051.384098450012971, 5426794.189743270166218 ] ] ] } },
{ "type": "Feature", "properties": { "type": "FeatureCollection", "totalFeatures": 270, "numberMatched": 270, "numberReturned": 270, "timeStamp": "2025-10-06T14:15:33.080Z", "crs_type": "name", "crs_properties_name": "urn:ogc:def:crs:EPSG::25832", "feature_type": "Feature", "feature_id": "baustellen_vorschau.102314748", "geometry_name": "geom", "geometry_type": "Point", "geometry_coordinates": [ 455052.27293645, 5426790.30652028 ], "geometry_x": 455052.27293645003, "geometry_y": 5426790.3065202804, "id": 102314748, "gemeinde": "Karlsruhe", "vorgangszeitraum_von": "2025-10-19T22:00:00Z", "vorgangszeitraum_bis": "2025-11-28T22:59:59Z", "art": "Fernwärmeversorgung", "lage": "Bulacher Straße zw. Breite Straße und Bulacher Loch", "tagesbaustelle": null, "verursacher": "Stadtwerke Karlsruhe", "zusatzinfo": "Engstelle 1-streifige Verkehrsführung im Baubereich", "sperrung": "mit Verkehrsbehinderung", "projektnummer": 52845, "vorgangsnummer": "2025V5310", "datenquelle": "Stadt Karlsruhe", "stand": "2025-10-05T22:00:00Z", "index_right": 30.0, "Stadtteil_Nummer": "131", "Stadtteil": "Beiertheim" }, "geometry": { "type": "Point", "coordinates": [ 455052.272936450026464, 5426790.306520280428231 ] } }
]
}
