type,totalFeatures,numberMatched,numberReturned,timeStamp,crs_type,crs_properties_name,feature_type,feature_id,geometry_name,geometry_type,geometry_coordinates,geometry_x,geometry_y,id,gemeinde,vorgangszeitraum_von,vorgangszeitraum_bis,art,lage,tagesbaustelle,verursacher,zusatzinfo,sperrung,projektnummer,vorgangsnummer,datenquelle,stand,geometry,index_right,Stadtteil_Nummer,Stadtteil
FeatureCollection,270,270,270,2025-10-06T14:15:33.080Z,name,urn:ogc:def:crs:EPSG::25832,Feature,baustellen_vorschau.101725969,geom,Polygon,"[[[455848.9770598, 5428434.5537653], [455750.69134588, 5428304.55376538], [455758.97705987, 5428298.26805139], [455859.54848779, 5428425.69662231], [455848.9770598, 5428434.5537653]]]",,,101725969,Karlsruhe,2026-04-29T22:00:00Z,2026-10-31T22:59:59Z,Strom bzw. TK-Versorgung,Herrenstraße zw. Karlstor und Amalienstraße,,Stadtwerke Karlsruhe,Aufteilung nicht vorgenommen,mit Verkehrsbehinderung,22525,2019V3692,Stadt Karlsruhe,2025-07-27T22:00:00Z,"POLYGON ((455848.97706 5428434.553765, 455750.691346 5428304.553765, 455758.97706 5428298.268051, 455859.548488 5428425.696622, 455848.97706 5428434.553765))",14,021,Östlicher Teil
FeatureCollection,270,270,270,2025-10-06T14:15:33.080Z,name,urn:ogc:def:crs:EPSG::25832,Feature,baustellen_vorschau.102244740,geom,Polygon,"[[[455200.31430834, 5428615.9673782], [455198.74717134, 5428620.26948919], [455199.53288634, 5428631.51948919], [455201.31860034, 5428653.26948918], [455202.92574334, 5428673.73377517], [455204.27484034, 5428690.44569516], [455205.27484034, 5428703.37426715], [455208.34626834, 5428703.26712415], [455208.98912634, 5428707.40998115], [455215.06055433, 5428707.19569515], [455215.48912633, 5428709.69569514], [455205.88198334, 5428710.26712414], [455207.17431734, 5428716.99659514], [455208.36489734, 5428720.73841814], [455210.34919734, 5428749.70919812], [455188.91875735, 5428751.86358112], [455186.99115135, 5428730.71661213], [455201.90174834, 5428728.16536913], [455199.80406034, 5428706.73492915], [455199.01034034, 5428694.94251815], [455196.51579135, 5428663.76066117], [455194.70157435, 5428639.94906119], [455192.77396835, 5428616.4209322], [455200.31430834, 5428615.9673782]]]",,,102244740,Karlsruhe,2026-07-29T22:00:00Z,2026-10-16T21:59:59Z,Fernwärmeversorgung,Reinhold-Frank-Straße zwischen Belfortstraße und Kaiserallee,,Stadtwerke Karlsruhe,"Abwicklung in mehreren Bauabschnitten, Aufteilung nicht vorgenommen",mit Sperrung in eine Fahrtrichtung,40847,2024V5284,Stadt Karlsruhe,2025-10-05T22:00:00Z,"POLYGON ((455200.314308 5428615.967378, 455198.747171 5428620.269489, 455199.532886 5428631.519489, 455201.3186 5428653.269489, 455202.925743 5428673.733775, 455204.27484 5428690.445695, 455205.27484 5428703.374267, 455208.346268 5428703.267124, 455208.989126 5428707.409981, 455215.060554 5428707.195695, 455215.489126 5428709.695695, 455205.881983 5428710.267124, 455207.174317 5428716.996595, 455208.364897 5428720.738418, 455210.349197 5428749.709198, 455188.918757 5428751.863581, 455186.991151 5428730.716612, 455201.901748 5428728.165369, 455199.80406 5428706.734929, 455199.01034 5428694.942518, 455196.515791 5428663.760661, 455194.701574 5428639.949061, 455192.773968 5428616.420932, 455200.314308 5428615.967378))",43,022,Westlicher Teil
FeatureCollection,270,270,270,2025-10-06T14:15:33.080Z,name,urn:ogc:def:crs:EPSG::25832,Feature,baustellen_vorschau.102244740,geom,Polygon,"[[[455200.31430834, 5428615.9673782], [455198.74717134, 5428620.26948919], [455199.53288634, 5428631.51948919], [455201.31860034, 5428653.26948918], [455202.92574334, 5428673.73377517], [455204.27484034, 5428690.44569516], [455205.27484034, 5428703.37426715], [455208.34626834, 5428703.26712415], [455208.98912634, 5428707.40998115], [455215.06055433, 5428707.19569515], [455215.48912633, 5428709.69569514], [455205.88198334, 5428710.26712414], [455207.17431734, 5428716.99659514], [455208.36489734, 5428720.73841814], [455210.34919734, 5428749.70919812], [455188.91875735, 5428751.86358112], [455186.99115135, 5428730.71661213], [455201.90174834, 5428728.16536913], [455199.80406034, 5428706.73492915], [455199.01034034, 5428694.94251815], [455196.51579135, 5428663.76066117], [455194.70157435, 5428639.94906119], [455192.77396835, 5428616.4209322], [455200.31430834, 5428615.9673782]]]",,,102244740,Karlsruhe,2026-07-29T22:00:00Z,2026-10-16T21:59:59Z,Fernwärmeversorgung,Reinhold-Frank-Straße zwischen Belfortstraße und Kaiserallee,,Stadtwerke Karlsruhe,"Abwicklung in mehreren Bauabschnitten, Aufteilung nicht vorgenommen",mit Sperrung in eine Fahrtrichtung,40847,2024V5284,Stadt Karlsruhe,2025-10-05T22:00:00Z,"POLYGON ((455200.314308 5428615.967378, 455198.747171 5428620.269489, 455199.532886 5428631.519489, 455201.3186 5428653.269489, 455202.925743 5428673.733775, 455204.27484 5428690.445695, 455205.27484 5428703.374267, 455208.346268 5428703.267124, 455208.989126 5428707.409981, 455215.060554 5428707.195695, 455215.489126 5428709.695695, 455205.881983 5428710.267124, 455207.174317 5428716.996595, 455208.364897 5428720.738418, 455210.349197 5428749.709198, 455188.918757 5428751.863581, 455186.991151 5428730.716612, 455201.901748 5428728.165369, 455199.80406 5428706.734929, 455199.01034 5428694.942518, 455196.515791 5428663.760661, 455194.701574 5428639.949061, 455192.773968 5428616.420932, 455200.314308 5428615.967378))",34,052,Südlicher Teil
FeatureCollection,270,270,270,2025-10-06T14:15:33.080Z,name,urn:ogc:def:crs:EPSG::25832,Feature,baustellen_vorschau.102132432,geom,Polygon,"[[[460090.83519126, 5427778.35737768], [460168.6203332, 5427755.97412869], [460170.06373319, 5427753.30382869], [460169.5843222, 5427751.67420769], [460175.99365619, 5427749.7961137], [460177.62443319, 5427755.32442869], [460178.45833319, 5427755.79702869], [460204.92313317, 5427748.1831287], [460205.38903317, 5427747.44442869], [460204.03583317, 5427742.6199287], [460210.23125616, 5427740.8333767], [460211.13547016, 5427743.7748357], [460213.63913316, 5427742.9498287], [460222.82081315, 5427740.2448777], [460247.54243313, 5427733.3100287], [460250.99193313, 5427730.87462871], [460252.96603313, 5427728.32382871], [460260.35864412, 5427732.5437527], [460258.51593312, 5427735.0882287], [460256.85793312, 5427737.1495287], [460254.93823312, 5427738.7919287], [460252.71833313, 5427740.0333287], [460250.39853313, 5427741.0878287], [460205.76373317, 5427754.24762869], [460131.07323323, 5427775.81742868], [460128.39673323, 5427777.08832868], [460126.91444423, 5427778.54006668], [460112.79873324, 5427782.40632868], [460109.77183325, 5427781.35202867], [460105.99913325, 5427781.39792868], [460100.17512225, 5427783.03907068], [460094.78491126, 5427784.60605967], [460092.80827126, 5427785.18058267], [460091.27748326, 5427779.89454868], [460090.83519126, 5427778.35737768]]]",,,102132432,Karlsruhe,2026-08-02T22:00:00Z,2026-09-06T21:59:59Z,Straßenbau,Johann-Strauß-Straße zw. Anton-Bruckner-Straße und Zufahrt K 9659 (ehem. B 10),,Tiefbauamt,"Abwicklung in mehreren Bauabschnitten, Aufteilung nicht vorgenommen",mit Verkehrsbehinderung,12438,2022V5259,Stadt Karlsruhe,2025-05-19T22:00:00Z,"POLYGON ((460090.835191 5427778.357378, 460168.620333 5427755.974129, 460170.063733 5427753.303829, 460169.584322 5427751.674208, 460175.993656 5427749.796114, 460177.624433 5427755.324429, 460178.458333 5427755.797029, 460204.923133 5427748.183129, 460205.389033 5427747.444429, 460204.035833 5427742.619929, 460210.231256 5427740.833377, 460211.13547 5427743.774836, 460213.639133 5427742.949829, 460222.820813 5427740.244878, 460247.542433 5427733.310029, 460250.991933 5427730.874629, 460252.966033 5427728.323829, 460260.358644 5427732.543753, 460258.515933 5427735.088229, 460256.857933 5427737.149529, 460254.938233 5427738.791929, 460252.718333 5427740.033329, 460250.398533 5427741.087829, 460205.763733 5427754.247629, 460131.073233 5427775.817429, 460128.396733 5427777.088329, 460126.914444 5427778.540067, 460112.798733 5427782.406329, 460109.771833 5427781.352029, 460105.999133 5427781.397929, 460100.175122 5427783.039071, 460094.784911 5427784.60606, 460092.808271 5427785.180583, 460091.277483 5427779.894549, 460090.835191 5427778.357378))",54,192,Dornwald-Untermühl
FeatureCollection,270,270,270,2025-10-06T14:15:33.080Z,name,urn:ogc:def:crs:EPSG::25832,Feature,baustellen_vorschau.102135581,geom,Polygon,"[[[452992.4506392, 5430304.86442721], [452988.9688392, 5430296.51682721], [453009.06233918, 5430282.20732722], [453027.60263917, 5430266.58022723], [453026.83973917, 5430257.50592724], [453032.20483916, 5430254.71402724], [453038.29463916, 5430257.06512724], [453049.72853915, 5430248.59322724], [453129.55663908, 5430181.81172728], [453130.44483008, 5430175.80649328], [453133.51683908, 5430173.51562728], [453137.02743907, 5430174.99902729], [453151.50427006, 5430163.79213629], [453227.592339, 5430099.54252733], [453226.638212, 5430092.59983733], [453231.85013899, 5430091.09272733], [453235.65063899, 5430092.40322733], [453254.01054398, 5430078.01807334], [453322.78903892, 5430020.23332738], [453322.23781592, 5430014.42509338], [453325.54143892, 5430011.69292738], [453328.20283891, 5430013.60852738], [453332.97823891, 5430012.13852738], [453376.89103887, 5429975.4715274], [453419.73433884, 5429939.72342742], [453438.01305682, 5429924.32988843], [453477.74563879, 5429890.08152745], [453519.95355775, 5429852.88701148], [453538.77143874, 5429837.04602748], [453545.04010073, 5429832.90294249], [453549.45503873, 5429841.95892748], [453536.40113874, 5429845.44220848], [453457.5277748, 5429912.66714844], [453349.9592219, 5430002.10594739], [453315.88702192, 5430030.09019037], [453184.29070203, 5430141.46122431], [453141.34607907, 5430176.75235028], [453139.15824307, 5430181.69950328], [453134.61739008, 5430185.42183628], [453129.89275008, 5430185.53432728], [453106.4945331, 5430205.10783627], [453037.30366516, 5430262.23328423], [452998.04028219, 5430295.34321621], [452992.4506392, 5430304.86442721]]]",,,102135581,Karlsruhe,2026-07-29T22:00:00Z,2027-07-31T21:59:59Z,Gas bzw. Wasserversorgung,Siemensallee zwischen B36/ Neureuter Straße und Hertzstraße,,Stadtwerke Karlsruhe,"Abwicklung in mehreren Bauabschnitten, Aufteilung nicht vorgenommen",mit Sperrung in eine Fahrtrichtung,40810,2022V5679,Stadt Karlsruhe,2025-09-16T22:00:00Z,"POLYGON ((452992.450639 5430304.864427, 452988.968839 5430296.516827, 453009.062339 5430282.207327, 453027.602639 5430266.580227, 453026.839739 5430257.505927, 453032.204839 5430254.714027, 453038.294639 5430257.065127, 453049.728539 5430248.593227, 453129.556639 5430181.811727, 453130.44483 5430175.806493, 453133.516839 5430173.515627, 453137.027439 5430174.999027, 453151.50427 5430163.792136, 453227.592339 5430099.542527, 453226.638212 5430092.599837, 453231.850139 5430091.092727, 453235.650639 5430092.403227, 453254.010544 5430078.018073, 453322.789039 5430020.233327, 453322.237816 5430014.425093, 453325.541439 5430011.692927, 453328.202839 5430013.608527, 453332.978239 5430012.138527, 453376.891039 5429975.471527, 453419.734339 5429939.723427, 453438.013057 5429924.329888, 453477.745639 5429890.081527, 453519.953558 5429852.887011, 453538.771439 5429837.046027, 453545.040101 5429832.902942, 453549.455039 5429841.958927, 453536.401139 5429845.442208, 453457.527775 5429912.667148, 453349.959222 5430002.105947, 453315.887022 5430030.09019, 453184.290702 5430141.461224, 453141.346079 5430176.75235, 453139.158243 5430181.699503, 453134.61739 5430185.421836, 453129.89275 5430185.534327, 453106.494533 5430205.107836, 453037.303665 5430262.233284, 452998.040282 5430295.343216, 452992.450639 5430304.864427))",50,082,Weingärtensiedlung
FeatureCollection,270,270,270,2025-10-06T14:15:33.080Z,name,urn:ogc:def:crs:EPSG::25832,Feature,baustellen_vorschau.102248527,geom,Polygon,"[[[454935.67223755, 5426740.0632293], [454928.47763756, 5426700.48282933], [455033.73413747, 5426666.30102935], [455108.40333741, 5426627.61932937], [455242.44783729, 5426553.85132941], [455367.48453719, 5426495.38512945], [455525.80963706, 5426445.91122948], [455536.60543705, 5426485.49152945], [455383.67683718, 5426532.26612943], [455259.53933728, 5426592.53012939], [455126.39353739, 5426665.39922935], [455044.52693746, 5426706.77992933], [454935.67223755, 5426740.0632293]]]",,,102248527,Karlsruhe,2025-11-22T23:00:00Z,2025-11-28T22:59:59Z,Tunnelwartung,K 9675 zw. AS3 und AS4 (Edeltrudtunnel),,Tiefbauamt,Ausführung jeweils zw. 22.00 und 5.00 Uhr,mit Vollsperrung,44411,2024V5696,Stadt Karlsruhe,2025-09-24T22:00:00Z,"POLYGON ((454935.672238 5426740.063229, 454928.477638 5426700.482829, 455033.734137 5426666.301029, 455108.403337 5426627.619329, 455242.447837 5426553.851329, 455367.484537 5426495.385129, 455525.809637 5426445.911229, 455536.605437 5426485.491529, 455383.676837 5426532.266129, 455259.539337 5426592.530129, 455126.393537 5426665.399229, 455044.526937 5426706.779929, 454935.672238 5426740.063229))",29,141,Weiherfeld
FeatureCollection,270,270,270,2025-10-06T14:15:33.080Z,name,urn:ogc:def:crs:EPSG::25832,Feature,baustellen_vorschau.102248527,geom,Polygon,"[[[454935.67223755, 5426740.0632293], [454928.47763756, 5426700.48282933], [455033.73413747, 5426666.30102935], [455108.40333741, 5426627.61932937], [455242.44783729, 5426553.85132941], [455367.48453719, 5426495.38512945], [455525.80963706, 5426445.91122948], [455536.60543705, 5426485.49152945], [455383.67683718, 5426532.26612943], [455259.53933728, 5426592.53012939], [455126.39353739, 5426665.39922935], [455044.52693746, 5426706.77992933], [454935.67223755, 5426740.0632293]]]",,,102248527,Karlsruhe,2025-11-22T23:00:00Z,2025-11-28T22:59:59Z,Tunnelwartung,K 9675 zw. AS3 und AS4 (Edeltrudtunnel),,Tiefbauamt,Ausführung jeweils zw. 22.00 und 5.00 Uhr,mit Vollsperrung,44411,2024V5696,Stadt Karlsruhe,2025-09-24T22:00:00Z,"POLYGON ((454935.672238 5426740.063229, 454928.477638 5426700.482829, 455033.734137 5426666.301029, 455108.403337 5426627.619329, 455242.447837 5426553.851329, 455367.484537 5426495.385129, 455525.809637 5426445.911229, 455536.605437 5426485.491529, 455383.676837 5426532.266129, 455259.539337 5426592.530129, 455126.393537 5426665.399229, 455044.526937 5426706.779929, 454935.672238 5426740.063229))",0,132,Bulach
FeatureCollection,270,270,270,2025-10-06T14:15:33.080Z,name,urn:ogc:def:crs:EPSG::25832,Feature,baustellen_vorschau.102248527,geom,Polygon,"[[[454935.67223755, 5426740.0632293], [454928.47763756, 5426700.48282933], [455033.73413747, 5426666.30102935], [455108.40333741, 5426627.61932937], [455242.44783729, 5426553.85132941], [455367.48453719, 5426495.38512945], [455525.80963706, 5426445.91122948], [455536.60543705, 5426485.49152945], [455383.67683718, 5426532.26612943], [455259.53933728, 5426592.53012939], [455126.39353739, 5426665.39922935], [455044.52693746, 5426706.77992933], [454935.67223755, 5426740.0632293]]]",,,102248527,Karlsruhe,2025-11-22T23:00:00Z,2025-11-28T22:59:59Z,Tunnelwartung,K 9675 zw. AS3 und AS4 (Edeltrudtunnel),,Tiefbauamt,Ausführung jeweils zw. 22.00 und 5.00 Uhr,mit Vollsperrung,44411,2024V5696,Stadt Karlsruhe,2025-09-24T22:00:00Z,"POLYGON ((454935.672238 5426740.063229, 454928.477638 5426700.482829, 455033.734137 5426666.301029, 455108.403337 5426627.619329, 455242.447837 5426553.851329, 455367.484537 5426495.385129, 455525.809637 5426445.911229, 455536.605437 5426485.491529, 455383.676837 5426532.266129, 455259.539337 5426592.530129, 455126.393537 5426665.399229, 455044.526937 5426706.779929, 454935.672238 5426740.063229))",30,131,Beiertheim
FeatureCollection,270,270,270,2025-10-06T14:15:33.080Z,name,urn:ogc:def:crs:EPSG::25832,Feature,baustellen_vorschau.102248550,geom,Polygon,"[[[457218.46492266, 5428222.25296242], [457060.61739279, 5428275.7821344], [456907.26244192, 5428304.41217138], [456537.33968523, 5428248.56942541], [456192.64537651, 5428249.98675441], [455788.99019985, 5428253.10487741], [455491.3512001, 5428253.95527441], [455491.0677341, 5428234.11267442], [455744.57630289, 5428235.63829142], [455989.93344568, 5428234.56686242], [456337.43344539, 5428231.70971942], [456539.21915922, 5428231.70971942], [456818.50487299, 5428271.7097194], [456910.29058692, 5428285.63829139], [457054.57630179, 5428257.06686241], [457212.79058666, 5428204.20971944], [457218.46492266, 5428222.25296242]]]",,,102248550,Karlsruhe,2025-10-11T22:00:00Z,2025-10-17T21:59:59Z,Tunnelwartung,Kriegsstraße zw. Hirschstraße und Henriette-Obermüller-Straße (Karoline-Luise-Tunnel),,Tiefbauamt,Nachtarbeiten im Tunnel zw. 20.00 und 6.00 Uhr,mit Sperrung in eine Fahrtrichtung,44408,2024V5702,Stadt Karlsruhe,2025-09-24T22:00:00Z,"POLYGON ((457218.464923 5428222.252962, 457060.617393 5428275.782134, 456907.262442 5428304.412171, 456537.339685 5428248.569425, 456192.645377 5428249.986754, 455788.9902 5428253.104877, 455491.3512 5428253.955274, 455491.067734 5428234.112674, 455744.576303 5428235.638291, 455989.933446 5428234.566862, 456337.433445 5428231.709719, 456539.219159 5428231.709719, 456818.504873 5428271.709719, 456910.290587 5428285.638291, 457054.576302 5428257.066862, 457212.790587 5428204.209719, 457218.464923 5428222.252962))",33,041,Östlicher Teil
FeatureCollection,270,270,270,2025-10-06T14:15:33.080Z,name,urn:ogc:def:crs:EPSG::25832,Feature,baustellen_vorschau.102248550,geom,Polygon,"[[[457218.46492266, 5428222.25296242], [457060.61739279, 5428275.7821344], [456907.26244192, 5428304.41217138], [456537.33968523, 5428248.56942541], [456192.64537651, 5428249.98675441], [455788.99019985, 5428253.10487741], [455491.3512001, 5428253.95527441], [455491.0677341, 5428234.11267442], [455744.57630289, 5428235.63829142], [455989.93344568, 5428234.56686242], [456337.43344539, 5428231.70971942], [456539.21915922, 5428231.70971942], [456818.50487299, 5428271.7097194], [456910.29058692, 5428285.63829139], [457054.57630179, 5428257.06686241], [457212.79058666, 5428204.20971944], [457218.46492266, 5428222.25296242]]]",,,102248550,Karlsruhe,2025-10-11T22:00:00Z,2025-10-17T21:59:59Z,Tunnelwartung,Kriegsstraße zw. Hirschstraße und Henriette-Obermüller-Straße (Karoline-Luise-Tunnel),,Tiefbauamt,Nachtarbeiten im Tunnel zw. 20.00 und 6.00 Uhr,mit Sperrung in eine Fahrtrichtung,44408,2024V5702,Stadt Karlsruhe,2025-09-24T22:00:00Z,"POLYGON ((457218.464923 5428222.252962, 457060.617393 5428275.782134, 456907.262442 5428304.412171, 456537.339685 5428248.569425, 456192.645377 5428249.986754, 455788.9902 5428253.104877, 455491.3512 5428253.955274, 455491.067734 5428234.112674, 455744.576303 5428235.638291, 455989.933446 5428234.566862, 456337.433445 5428231.709719, 456539.219159 5428231.709719, 456818.504873 5428271.709719, 456910.290587 5428285.638291, 457054.576302 5428257.066862, 457212.790587 5428204.209719, 457218.464923 5428222.252962))",6,042,Mittlerer Teil
FeatureCollection,270,270,270,2025-10-06T14:15:33.080Z,name,urn:ogc:def:crs:EPSG::25832,Feature,baustellen_vorschau.102248550,geom,Polygon,"[[[457218.46492266, 5428222.25296242], [457060.61739279, 5428275.7821344], [456907.26244192, 5428304.41217138], [456537.33968523, 5428248.56942541], [456192.64537651, 5428249.98675441], [455788.99019985, 5428253.10487741], [455491.3512001, 5428253.95527441], [455491.0677341, 5428234.11267442], [455744.57630289, 5428235.63829142], [455989.93344568, 5428234.56686242], [456337.43344539, 5428231.70971942], [456539.21915922, 5428231.70971942], [456818.50487299, 5428271.7097194], [456910.29058692, 5428285.63829139], [457054.57630179, 5428257.06686241], [457212.79058666, 5428204.20971944], [457218.46492266, 5428222.25296242]]]",,,102248550,Karlsruhe,2025-10-11T22:00:00Z,2025-10-17T21:59:59Z,Tunnelwartung,Kriegsstraße zw. Hirschstraße und Henriette-Obermüller-Straße (Karoline-Luise-Tunnel),,Tiefbauamt,Nachtarbeiten im Tunnel zw. 20.00 und 6.00 Uhr,mit Sperrung in eine Fahrtrichtung,44408,2024V5702,Stadt Karlsruhe,2025-09-24T22:00:00Z,"POLYGON ((457218.464923 5428222.252962, 457060.617393 5428275.782134, 456907.262442 5428304.412171, 456537.339685 5428248.569425, 456192.645377 5428249.986754, 455788.9902 5428253.104877, 455491.3512 5428253.955274, 455491.067734 5428234.112674, 455744.576303 5428235.638291, 455989.933446 5428234.566862, 456337.433445 5428231.709719, 456539.219159 5428231.709719, 456818.504873 5428271.709719, 456910.290587 5428285.638291, 457054.576302 5428257.066862, 457212.790587 5428204.209719, 457218.464923 5428222.252962))",46,031,Nördlicher Teil
FeatureCollection,270,270,270,2025-10-06T14:15:33.080Z,name,urn:ogc:def:crs:EPSG::25832,Feature,baustellen_vorschau.102248550,geom,Polygon,"[[[457218.46492266, 5428222.25296242], [457060.61739279, 5428275.7821344], [456907.26244192, 5428304.41217138], [456537.33968523, 5428248.56942541], [456192.64537651, 5428249.98675441], [455788.99019985, 5428253.10487741], [455491.3512001, 5428253.95527441], [455491.0677341, 5428234.11267442], [455744.57630289, 5428235.63829142], [455989.93344568, 5428234.56686242], [456337.43344539, 5428231.70971942], [456539.21915922, 5428231.70971942], [456818.50487299, 5428271.7097194], [456910.29058692, 5428285.63829139], [457054.57630179, 5428257.06686241], [457212.79058666, 5428204.20971944], [457218.46492266, 5428222.25296242]]]",,,102248550,Karlsruhe,2025-10-11T22:00:00Z,2025-10-17T21:59:59Z,Tunnelwartung,Kriegsstraße zw. Hirschstraße und Henriette-Obermüller-Straße (Karoline-Luise-Tunnel),,Tiefbauamt,Nachtarbeiten im Tunnel zw. 20.00 und 6.00 Uhr,mit Sperrung in eine Fahrtrichtung,44408,2024V5702,Stadt Karlsruhe,2025-09-24T22:00:00Z,"POLYGON ((457218.464923 5428222.252962, 457060.617393 5428275.782134, 456907.262442 5428304.412171, 456537.339685 5428248.569425, 456192.645377 5428249.986754, 455788.9902 5428253.104877, 455491.3512 5428253.955274, 455491.067734 5428234.112674, 455744.576303 5428235.638291, 455989.933446 5428234.566862, 456337.433445 5428231.709719, 456539.219159 5428231.709719, 456818.504873 5428271.709719, 456910.290587 5428285.638291, 457054.576302 5428257.066862, 457212.790587 5428204.209719, 457218.464923 5428222.252962))",15,012,Südwestlicher Teil
FeatureCollection,270,270,270,2025-10-06T14:15:33.080Z,name,urn:ogc:def:crs:EPSG::25832,Feature,baustellen_vorschau.102248550,geom,Polygon,"[[[457218.46492266, 5428222.25296242], [457060.61739279, 5428275.7821344], [456907.26244192, 5428304.41217138], [456537.33968523, 5428248.56942541], [456192.64537651, 5428249.98675441], [455788.99019985, 5428253.10487741], [455491.3512001, 5428253.95527441], [455491.0677341, 5428234.11267442], [455744.57630289, 5428235.63829142], [455989.93344568, 5428234.56686242], [456337.43344539, 5428231.70971942], [456539.21915922, 5428231.70971942], [456818.50487299, 5428271.7097194], [456910.29058692, 5428285.63829139], [457054.57630179, 5428257.06686241], [457212.79058666, 5428204.20971944], [457218.46492266, 5428222.25296242]]]",,,102248550,Karlsruhe,2025-10-11T22:00:00Z,2025-10-17T21:59:59Z,Tunnelwartung,Kriegsstraße zw. Hirschstraße und Henriette-Obermüller-Straße (Karoline-Luise-Tunnel),,Tiefbauamt,Nachtarbeiten im Tunnel zw. 20.00 und 6.00 Uhr,mit Sperrung in eine Fahrtrichtung,44408,2024V5702,Stadt Karlsruhe,2025-09-24T22:00:00Z,"POLYGON ((457218.464923 5428222.252962, 457060.617393 5428275.782134, 456907.262442 5428304.412171, 456537.339685 5428248.569425, 456192.645377 5428249.986754, 455788.9902 5428253.104877, 455491.3512 5428253.955274, 455491.067734 5428234.112674, 455744.576303 5428235.638291, 455989.933446 5428234.566862, 456337.433445 5428231.709719, 456539.219159 5428231.709719, 456818.504873 5428271.709719, 456910.290587 5428285.638291, 457054.576302 5428257.066862, 457212.790587 5428204.209719, 457218.464923 5428222.252962))",14,021,Östlicher Teil
FeatureCollection,270,270,270,2025-10-06T14:15:33.080Z,name,urn:ogc:def:crs:EPSG::25832,Feature,baustellen_vorschau.102248550,geom,Polygon,"[[[457218.46492266, 5428222.25296242], [457060.61739279, 5428275.7821344], [456907.26244192, 5428304.41217138], [456537.33968523, 5428248.56942541], [456192.64537651, 5428249.98675441], [455788.99019985, 5428253.10487741], [455491.3512001, 5428253.95527441], [455491.0677341, 5428234.11267442], [455744.57630289, 5428235.63829142], [455989.93344568, 5428234.56686242], [456337.43344539, 5428231.70971942], [456539.21915922, 5428231.70971942], [456818.50487299, 5428271.7097194], [456910.29058692, 5428285.63829139], [457054.57630179, 5428257.06686241], [457212.79058666, 5428204.20971944], [457218.46492266, 5428222.25296242]]]",,,102248550,Karlsruhe,2025-10-11T22:00:00Z,2025-10-17T21:59:59Z,Tunnelwartung,Kriegsstraße zw. Hirschstraße und Henriette-Obermüller-Straße (Karoline-Luise-Tunnel),,Tiefbauamt,Nachtarbeiten im Tunnel zw. 20.00 und 6.00 Uhr,mit Sperrung in eine Fahrtrichtung,44408,2024V5702,Stadt Karlsruhe,2025-09-24T22:00:00Z,"POLYGON ((457218.464923 5428222.252962, 457060.617393 5428275.782134, 456907.262442 5428304.412171, 456537.339685 5428248.569425, 456192.645377 5428249.986754, 455788.9902 5428253.104877, 455491.3512 5428253.955274, 455491.067734 5428234.112674, 455744.576303 5428235.638291, 455989.933446 5428234.566862, 456337.433445 5428231.709719, 456539.219159 5428231.709719, 456818.504873 5428271.709719, 456910.290587 5428285.638291, 457054.576302 5428257.066862, 457212.790587 5428204.209719, 457218.464923 5428222.252962))",43,022,Westlicher Teil
FeatureCollection,270,270,270,2025-10-06T14:15:33.080Z,name,urn:ogc:def:crs:EPSG::25832,Feature,baustellen_vorschau.102248550,geom,Polygon,"[[[457218.46492266, 5428222.25296242], [457060.61739279, 5428275.7821344], [456907.26244192, 5428304.41217138], [456537.33968523, 5428248.56942541], [456192.64537651, 5428249.98675441], [455788.99019985, 5428253.10487741], [455491.3512001, 5428253.95527441], [455491.0677341, 5428234.11267442], [455744.57630289, 5428235.63829142], [455989.93344568, 5428234.56686242], [456337.43344539, 5428231.70971942], [456539.21915922, 5428231.70971942], [456818.50487299, 5428271.7097194], [456910.29058692, 5428285.63829139], [457054.57630179, 5428257.06686241], [457212.79058666, 5428204.20971944], [457218.46492266, 5428222.25296242]]]",,,102248550,Karlsruhe,2025-10-11T22:00:00Z,2025-10-17T21:59:59Z,Tunnelwartung,Kriegsstraße zw. Hirschstraße und Henriette-Obermüller-Straße (Karoline-Luise-Tunnel),,Tiefbauamt,Nachtarbeiten im Tunnel zw. 20.00 und 6.00 Uhr,mit Sperrung in eine Fahrtrichtung,44408,2024V5702,Stadt Karlsruhe,2025-09-24T22:00:00Z,"POLYGON ((457218.464923 5428222.252962, 457060.617393 5428275.782134, 456907.262442 5428304.412171, 456537.339685 5428248.569425, 456192.645377 5428249.986754, 455788.9902 5428253.104877, 455491.3512 5428253.955274, 455491.067734 5428234.112674, 455744.576303 5428235.638291, 455989.933446 5428234.566862, 456337.433445 5428231.709719, 456539.219159 5428231.709719, 456818.504873 5428271.709719, 456910.290587 5428285.638291, 457054.576302 5428257.066862, 457212.790587 5428204.209719, 457218.464923 5428222.252962))",58,073,Westlicher Teil
FeatureCollection,270,270,270,2025-10-06T14:15:33.080Z,name,urn:ogc:def:crs:EPSG::25832,Feature,baustellen_vorschau.102248566,geom,Polygon,"[[[461207.40493233, 5427727.78182871], [461203.08270733, 5427724.45004271], [461201.93985033, 5427714.87861471], [461208.22556433, 5427717.30718571], [461209.08270733, 5427712.73575771], [461217.93985032, 5427713.45004271], [461217.79699332, 5427720.02147171], [461222.36842132, 5427720.16432871], [461222.51127832, 5427728.16432871], [461213.24409633, 5427726.68649671], [461222.76048232, 5427777.41787268], [461216.92131832, 5427778.51320467], [461207.40493233, 5427727.78182871]]]",,,102248566,Karlsruhe,2026-03-01T23:00:00Z,2026-05-29T21:59:59Z,Kanalbau,Lederstraße zw.Pfinzstraße u. Seboldstraße,,Tiefbauamt,"Abwicklung in mehreren Bauabschnitten, Aufteilung nicht vorgenommen",mit Vollsperrung,41041,2024V5704,Stadt Karlsruhe,2025-08-31T22:00:00Z,"POLYGON ((461207.404932 5427727.781829, 461203.082707 5427724.450043, 461201.93985 5427714.878615, 461208.225564 5427717.307186, 461209.082707 5427712.735758, 461217.93985 5427713.450043, 461217.796993 5427720.021472, 461222.368421 5427720.164329, 461222.511278 5427728.164329, 461213.244096 5427726.686497, 461222.760482 5427777.417873, 461216.921318 5427778.513205, 461207.404932 5427727.781829))",67,191,Alt-Durlach
FeatureCollection,270,270,270,2025-10-06T14:15:33.080Z,name,urn:ogc:def:crs:EPSG::25832,Feature,baustellen_vorschau.102249366,geom,Polygon,"[[[452919.52904425, 5430019.96149238], [452910.67190126, 5429984.8186354], [452878.10047329, 5429993.67577839], [452882.10047329, 5429998.53292139], [452883.24333028, 5430004.81863538], [452898.95761627, 5430063.10435035], [452898.38618727, 5430069.39006435], [452894.38618728, 5430075.39006435], [452899.24333027, 5430090.81863534], [452902.95761627, 5430091.96149233], [452907.24333026, 5430095.96149233], [452910.10047326, 5430107.96149232], [452928.38618725, 5430174.53292129], [452958.95761622, 5430292.24720721], [453003.24333019, 5430280.53292122], [453002.95761619, 5430281.39006422], [453004.10047319, 5430284.81863522], [452957.24333022, 5430297.10435021], [452906.10047327, 5430097.10435033], [452902.10047327, 5430094.24720733], [452896.95761627, 5430093.10435034], [452891.24333028, 5430072.53292135], [452895.24333027, 5430069.67577835], [452895.24333027, 5430063.67577835], [452878.10047329, 5429997.67577839], [452861.2433303, 5429980.5329214], [452862.9576163, 5429979.6757784], [452874.38618729, 5429991.67577839], [452909.81475926, 5429981.1043504], [452909.52904426, 5429978.5329214], [452910.95761626, 5429978.2472074], [452921.52904425, 5430018.81863538], [452919.52904425, 5430019.96149238]]]",,,102249366,Karlsruhe,2026-01-18T23:00:00Z,2026-02-28T22:59:59Z,Strom bzw. TK-Versorgung,B36/ Neureuter Straße zw. Borsigstraße und Sienemsallee,,Stadtwerke Karlsruhe,"vs 5 Wochen, Aufteilung nicht vorgenommen",mit Verkehrsbehinderung,40464,2024V5817,Stadt Karlsruhe,2025-09-22T22:00:00Z,"POLYGON ((452919.529044 5430019.961492, 452910.671901 5429984.818635, 452878.100473 5429993.675778, 452882.100473 5429998.532921, 452883.24333 5430004.818635, 452898.957616 5430063.10435, 452898.386187 5430069.390064, 452894.386187 5430075.390064, 452899.24333 5430090.818635, 452902.957616 5430091.961492, 452907.24333 5430095.961492, 452910.100473 5430107.961492, 452928.386187 5430174.532921, 452958.957616 5430292.247207, 453003.24333 5430280.532921, 453002.957616 5430281.390064, 453004.100473 5430284.818635, 452957.24333 5430297.10435, 452906.100473 5430097.10435, 452902.100473 5430094.247207, 452896.957616 5430093.10435, 452891.24333 5430072.532921, 452895.24333 5430069.675778, 452895.24333 5430063.675778, 452878.100473 5429997.675778, 452861.24333 5429980.532921, 452862.957616 5429979.675778, 452874.386187 5429991.675778, 452909.814759 5429981.10435, 452909.529044 5429978.532921, 452910.957616 5429978.247207, 452921.529044 5430018.818635, 452919.529044 5430019.961492))",50,082,Weingärtensiedlung
FeatureCollection,270,270,270,2025-10-06T14:15:33.080Z,name,urn:ogc:def:crs:EPSG::25832,Feature,baustellen_vorschau.102249382,geom,Polygon,"[[[452690.45443945, 5430272.70882723], [452696.12373944, 5430265.67892723], [452724.01663942, 5430238.69312725], [452720.61503942, 5430233.93092725], [452709.04973943, 5430245.26942724], [452709.50323943, 5430242.09462725], [452747.3740394, 5430204.90412727], [452756.21813939, 5430191.07112728], [452754.85753939, 5430185.17502728], [452764.60873938, 5430177.69162729], [452749.4150394, 5430162.04432729], [452751.90953939, 5430160.23022729], [452768.46383938, 5430175.19712729], [452769.14413938, 5430178.37192728], [452758.48583939, 5430187.21602728], [452759.39293939, 5430193.79232728], [452755.99143939, 5430199.91522727], [452743.2922394, 5430213.06792726], [452723.33633942, 5430232.57022725], [452726.28433942, 5430236.65212725], [452728.32523941, 5430238.69312725], [452694.30953944, 5430270.89462723], [452694.76313944, 5430280.19222722], [452701.33943944, 5430288.12922722], [452757.57883939, 5430359.10872718], [452762.34103939, 5430361.60322718], [452767.78353938, 5430360.46932718], [452789.55353936, 5430341.64732719], [452794.76933936, 5430347.99692718], [452874.59283929, 5430281.55292722], [452879.35503929, 5430279.51192723], [452882.52983929, 5430276.79072723], [452845.33933932, 5430138.68692731], [452848.06063931, 5430130.52312731], [452849.65743931, 5430128.79322731], [452849.28823931, 5430129.00092731], [452840.64533932, 5430119.85802732], [452815.28823934, 5430147.9295273], [452824.57393933, 5430158.4295273], [452823.64533933, 5430158.7152273], [452814.57393934, 5430148.6438273], [452786.07393937, 5430173.42952729], [452791.00253936, 5430179.64382728], [452780.07393937, 5430189.35802728], [452759.07393939, 5430207.28662727], [452727.85963942, 5430237.14382725], [452727.07393942, 5430236.21522725], [452758.29233939, 5430206.20552727], [452789.70023936, 5430179.55992728], [452785.05143937, 5430174.34412729], [452783.46403937, 5430175.93152729], [452777.45453937, 5430178.08582728], [452773.14593938, 5430178.31262728], [452769.51753938, 5430178.08582728], [452769.85773938, 5430176.95202729], [452777.79473937, 5430176.38512728], [452782.21673937, 5430175.13782729], [452784.82463937, 5430172.30322729], [452787.65923937, 5430170.60242729], [452794.57583936, 5430164.70632729], [452814.19153934, 5430147.4717273], [452824.73643933, 5430136.35992731], [452841.63083932, 5430116.74422732], [452854.33003931, 5430104.49852733], [452889.13953928, 5430075.58522734], [452890.61353928, 5430076.60562735], [452841.35963932, 5430119.14382732], [452850.23913931, 5430128.16312731], [452853.50313931, 5430124.62702732], [452872.09833929, 5430109.20662732], [452892.73453928, 5430092.42552733], [452895.90933927, 5430091.06492734], [452890.46683928, 5430074.96412735], [452894.09523928, 5430072.69642735], [452899.99123927, 5430092.19872733], [452893.41483928, 5430094.69322734], [452851.91573931, 5430130.29632731], [452847.83383931, 5430135.05852731], [452851.23543931, 5430149.7987273], [452858.94563931, 5430180.63962728], [452864.3881393, 5430200.82222727], [452882.30303929, 5430267.03952723], [452885.02433928, 5430276.79072723], [452924.48253925, 5430322.5985272], [452919.72033926, 5430326.68042719], [452921.30773925, 5430322.8253272], [452884.79753928, 5430279.28522723], [452879.35503929, 5430282.68672722], [452874.59283929, 5430284.50092722], [452832.64013933, 5430319.4237272], [452793.18193936, 5430351.17172718], [452788.87323937, 5430345.95602718], [452766.42283938, 5430363.41742718], [452761.66063939, 5430364.32442717], [452758.48583939, 5430363.41742718], [452754.17723939, 5430361.37642718], [452690.90803945, 5430279.28522723], [452690.45443945, 5430272.70882723]]]",,,102249382,Karlsruhe,2026-01-18T23:00:00Z,2026-06-16T21:59:59Z,Strom bzw. TK-Versorgung,Gablonzerstraße zw. B36 und Schoemperlenstraße,,Stadtwerke Karlsruhe,"Arbeitsstelle im Geh-, und Radwegbereich, Abwicklung in mehreren Bauabschnitten",mit Verkehrsbehinderung,40464,2024V5818,Stadt Karlsruhe,2025-09-22T22:00:00Z,"POLYGON ((452690.454439 5430272.708827, 452696.123739 5430265.678927, 452724.016639 5430238.693127, 452720.615039 5430233.930927, 452709.049739 5430245.269427, 452709.503239 5430242.094627, 452747.374039 5430204.904127, 452756.218139 5430191.071127, 452754.857539 5430185.175027, 452764.608739 5430177.691627, 452749.415039 5430162.044327, 452751.909539 5430160.230227, 452768.463839 5430175.197127, 452769.144139 5430178.371927, 452758.485839 5430187.216027, 452759.392939 5430193.792327, 452755.991439 5430199.915227, 452743.292239 5430213.067927, 452723.336339 5430232.570227, 452726.284339 5430236.652127, 452728.325239 5430238.693127, 452694.309539 5430270.894627, 452694.763139 5430280.192227, 452701.339439 5430288.129227, 452757.578839 5430359.108727, 452762.341039 5430361.603227, 452767.783539 5430360.469327, 452789.553539 5430341.647327, 452794.769339 5430347.996927, 452874.592839 5430281.552927, 452879.355039 5430279.511927, 452882.529839 5430276.790727, 452845.339339 5430138.686927, 452848.060639 5430130.523127, 452849.657439 5430128.793227, 452849.288239 5430129.000927, 452840.645339 5430119.858027, 452815.288239 5430147.929527, 452824.573939 5430158.429527, 452823.645339 5430158.715227, 452814.573939 5430148.643827, 452786.073939 5430173.429527, 452791.002539 5430179.643827, 452780.073939 5430189.358027, 452759.073939 5430207.286627, 452727.859639 5430237.143827, 452727.073939 5430236.215227, 452758.292339 5430206.205527, 452789.700239 5430179.559927, 452785.051439 5430174.344127, 452783.464039 5430175.931527, 452777.454539 5430178.085827, 452773.145939 5430178.312627, 452769.517539 5430178.085827, 452769.857739 5430176.952027, 452777.794739 5430176.385127, 452782.216739 5430175.137827, 452784.824639 5430172.303227, 452787.659239 5430170.602427, 452794.575839 5430164.706327, 452814.191539 5430147.471727, 452824.736439 5430136.359927, 452841.630839 5430116.744227, 452854.330039 5430104.498527, 452889.139539 5430075.585227, 452890.613539 5430076.605627, 452841.359639 5430119.143827, 452850.239139 5430128.163127, 452853.503139 5430124.627027, 452872.098339 5430109.206627, 452892.734539 5430092.425527, 452895.909339 5430091.064927, 452890.466839 5430074.964127, 452894.095239 5430072.696427, 452899.991239 5430092.198727, 452893.414839 5430094.693227, 452851.915739 5430130.296327, 452847.833839 5430135.058527, 452851.235439 5430149.798727, 452858.945639 5430180.639627, 452864.388139 5430200.822227, 452882.303039 5430267.039527, 452885.024339 5430276.790727, 452924.482539 5430322.598527, 452919.720339 5430326.680427, 452921.307739 5430322.825327, 452884.797539 5430279.285227, 452879.355039 5430282.686727, 452874.592839 5430284.500927, 452832.640139 5430319.423727, 452793.181939 5430351.171727, 452788.873239 5430345.956027, 452766.422839 5430363.417427, 452761.660639 5430364.324427, 452758.485839 5430363.417427, 452754.177239 5430361.376427, 452690.908039 5430279.285227, 452690.454439 5430272.708827))",50,082,Weingärtensiedlung
FeatureCollection,270,270,270,2025-10-06T14:15:33.080Z,name,urn:ogc:def:crs:EPSG::25832,Feature,baustellen_vorschau.102249547,geom,Polygon,"[[[455121.8081954, 5428064.90675052], [455137.45542439, 5428063.77289352], [455140.17668139, 5428088.15082151], [455142.33101039, 5428100.2830935], [455130.8790534, 5428108.7870215], [455126.7971674, 5428104.2515935], [455122.9420534, 5428098.5823075], [455122.6018954, 5428089.05790751], [455122.6018954, 5428083.16185051], [455121.8081954, 5428064.90675052]]]",,,102249547,Karlsruhe,2026-07-29T22:00:00Z,2026-09-18T21:59:59Z,Gleisbau,Brauerstraße zw. Putlitzstraße und Gartenstraße,,Verkehrsbetriebe Karlsruhe,,mit Verkehrsbehinderung,46471,2024V5787,Stadt Karlsruhe,2024-11-04T23:00:00Z,"POLYGON ((455121.808195 5428064.906751, 455137.455424 5428063.772894, 455140.176681 5428088.150822, 455142.33101 5428100.283094, 455130.879053 5428108.787022, 455126.797167 5428104.251594, 455122.942053 5428098.582308, 455122.601895 5428089.057908, 455122.601895 5428083.161851, 455121.808195 5428064.906751))",7,043,Beiertheimer Feld
FeatureCollection,270,270,270,2025-10-06T14:15:33.080Z,name,urn:ogc:def:crs:EPSG::25832,Feature,baustellen_vorschau.102249547,geom,Polygon,"[[[455121.8081954, 5428064.90675052], [455137.45542439, 5428063.77289352], [455140.17668139, 5428088.15082151], [455142.33101039, 5428100.2830935], [455130.8790534, 5428108.7870215], [455126.7971674, 5428104.2515935], [455122.9420534, 5428098.5823075], [455122.6018954, 5428089.05790751], [455122.6018954, 5428083.16185051], [455121.8081954, 5428064.90675052]]]",,,102249547,Karlsruhe,2026-07-29T22:00:00Z,2026-09-18T21:59:59Z,Gleisbau,Brauerstraße zw. Putlitzstraße und Gartenstraße,,Verkehrsbetriebe Karlsruhe,,mit Verkehrsbehinderung,46471,2024V5787,Stadt Karlsruhe,2024-11-04T23:00:00Z,"POLYGON ((455121.808195 5428064.906751, 455137.455424 5428063.772894, 455140.176681 5428088.150822, 455142.33101 5428100.283094, 455130.879053 5428108.787022, 455126.797167 5428104.251594, 455122.942053 5428098.582308, 455122.601895 5428089.057908, 455122.601895 5428083.161851, 455121.808195 5428064.906751))",6,042,Mittlerer Teil
FeatureCollection,270,270,270,2025-10-06T14:15:33.080Z,name,urn:ogc:def:crs:EPSG::25832,Feature,baustellen_vorschau.102249553,geom,Polygon,"[[[455083.93736744, 5428119.44527849], [455083.48382444, 5428108.9004075], [455093.57515343, 5428108.1067075], [455111.26332441, 5428106.6326935], [455118.63339541, 5428102.6641935], [455122.9420534, 5428098.5823075], [455130.3121244, 5428109.2405645], [455136.54833839, 5428118.31142149], [455108.76883842, 5428117.85787849], [455083.93736744, 5428119.44527849]]]",,,102249553,Karlsruhe,2026-09-28T22:00:00Z,2026-11-29T22:59:59Z,Gleisbau,Gartenstraße Einmündung Brauerstraße Westseite,,Verkehrsbetriebe Karlsruhe,,mit Verkehrsbehinderung,46471,2024V5788,Stadt Karlsruhe,2024-11-04T23:00:00Z,"POLYGON ((455083.937367 5428119.445278, 455083.483824 5428108.900408, 455093.575153 5428108.106708, 455111.263324 5428106.632694, 455118.633395 5428102.664194, 455122.942053 5428098.582308, 455130.312124 5428109.240564, 455136.548338 5428118.311421, 455108.768838 5428117.857878, 455083.937367 5428119.445278))",7,043,Beiertheimer Feld
FeatureCollection,270,270,270,2025-10-06T14:15:33.080Z,name,urn:ogc:def:crs:EPSG::25832,Feature,baustellen_vorschau.102249556,geom,Polygon,"[[[455135.16273539, 5428118.36586549], [455129.7321914, 5428109.5641175], [455128.5993074, 5428107.7273175], [455142.17073539, 5428098.51303151], [455143.67073539, 5428102.3701745], [455146.74216438, 5428105.6558885], [455149.59930738, 5428107.7987465], [455157.02787838, 5428111.2987465], [455167.16071037, 5428114.1502555], [455180.83984136, 5428115.0501985], [455196.65900834, 5428116.27047949], [455204.32835034, 5428113.79027849], [455220.69820532, 5428100.6712875], [455226.28695032, 5428103.1205995], [455235.84617431, 5428094.84112451], [455243.0457103, 5428088.74133351], [455247.8855843, 5428094.35151351], [455243.2058813, 5428098.31126151], [455224.21547432, 5428114.2418595], [455218.00748132, 5428117.66003349], [455209.43820333, 5428121.17338149], [455199.06547234, 5428123.51323349], [455180.65538136, 5428123.64055049], [455151.96879438, 5428120.69252149], [455135.16273539, 5428118.36586549]]]",,,102249556,Karlsruhe,2026-03-01T23:00:00Z,2026-05-17T21:59:59Z,Gleisbau,Gartenstraße Einmündung Brauerstraße Ostseite bis Jollystraße,,Verkehrsbetriebe Karlsruhe,,mit Verkehrsbehinderung,46471,2024V5789,Stadt Karlsruhe,2024-10-08T22:00:00Z,"POLYGON ((455135.162735 5428118.365865, 455129.732191 5428109.564118, 455128.599307 5428107.727318, 455142.170735 5428098.513032, 455143.670735 5428102.370174, 455146.742164 5428105.655888, 455149.599307 5428107.798746, 455157.027878 5428111.298746, 455167.16071 5428114.150256, 455180.839841 5428115.050198, 455196.659008 5428116.270479, 455204.32835 5428113.790278, 455220.698205 5428100.671288, 455226.28695 5428103.1206, 455235.846174 5428094.841125, 455243.04571 5428088.741334, 455247.885584 5428094.351514, 455243.205881 5428098.311262, 455224.215474 5428114.24186, 455218.007481 5428117.660033, 455209.438203 5428121.173381, 455199.065472 5428123.513233, 455180.655381 5428123.64055, 455151.968794 5428120.692521, 455135.162735 5428118.365865))",7,043,Beiertheimer Feld
FeatureCollection,270,270,270,2025-10-06T14:15:33.080Z,name,urn:ogc:def:crs:EPSG::25832,Feature,baustellen_vorschau.102249556,geom,Polygon,"[[[455135.16273539, 5428118.36586549], [455129.7321914, 5428109.5641175], [455128.5993074, 5428107.7273175], [455142.17073539, 5428098.51303151], [455143.67073539, 5428102.3701745], [455146.74216438, 5428105.6558885], [455149.59930738, 5428107.7987465], [455157.02787838, 5428111.2987465], [455167.16071037, 5428114.1502555], [455180.83984136, 5428115.0501985], [455196.65900834, 5428116.27047949], [455204.32835034, 5428113.79027849], [455220.69820532, 5428100.6712875], [455226.28695032, 5428103.1205995], [455235.84617431, 5428094.84112451], [455243.0457103, 5428088.74133351], [455247.8855843, 5428094.35151351], [455243.2058813, 5428098.31126151], [455224.21547432, 5428114.2418595], [455218.00748132, 5428117.66003349], [455209.43820333, 5428121.17338149], [455199.06547234, 5428123.51323349], [455180.65538136, 5428123.64055049], [455151.96879438, 5428120.69252149], [455135.16273539, 5428118.36586549]]]",,,102249556,Karlsruhe,2026-03-01T23:00:00Z,2026-05-17T21:59:59Z,Gleisbau,Gartenstraße Einmündung Brauerstraße Ostseite bis Jollystraße,,Verkehrsbetriebe Karlsruhe,,mit Verkehrsbehinderung,46471,2024V5789,Stadt Karlsruhe,2024-10-08T22:00:00Z,"POLYGON ((455135.162735 5428118.365865, 455129.732191 5428109.564118, 455128.599307 5428107.727318, 455142.170735 5428098.513032, 455143.670735 5428102.370174, 455146.742164 5428105.655888, 455149.599307 5428107.798746, 455157.027878 5428111.298746, 455167.16071 5428114.150256, 455180.839841 5428115.050198, 455196.659008 5428116.270479, 455204.32835 5428113.790278, 455220.698205 5428100.671288, 455226.28695 5428103.1206, 455235.846174 5428094.841125, 455243.04571 5428088.741334, 455247.885584 5428094.351514, 455243.205881 5428098.311262, 455224.215474 5428114.24186, 455218.007481 5428117.660033, 455209.438203 5428121.173381, 455199.065472 5428123.513233, 455180.655381 5428123.64055, 455151.968794 5428120.692521, 455135.162735 5428118.365865))",6,042,Mittlerer Teil
FeatureCollection,270,270,270,2025-10-06T14:15:33.080Z,name,urn:ogc:def:crs:EPSG::25832,Feature,baustellen_vorschau.102250933,geom,Polygon,"[[[454609.99359883, 5428227.14125743], [454606.85074183, 5428221.06982843], [454658.20788479, 5428198.06982845], [454696.35074176, 5428180.85554246], [454728.70788473, 5428166.21268547], [454754.27931371, 5428154.78411447], [454775.20788469, 5428145.56982848], [454784.70788469, 5428141.21268548], [454795.70788468, 5428137.56982848], [454801.56502767, 5428136.14125748], [454808.35074167, 5428134.85554248], [454815.63645666, 5428133.92697149], [454829.20788465, 5428132.92697149], [454868.49359862, 5428129.85554249], [454868.42217062, 5428138.71268548], [454833.70788464, 5428141.99839948], [454803.49359867, 5428144.42697148], [454791.49359868, 5428147.14125748], [454780.56502769, 5428150.35554247], [454764.2078847, 5428156.64125747], [454717.49359874, 5428178.56982846], [454680.42217077, 5428195.28411445], [454609.99359883, 5428227.14125743]]]",,,102250933,Karlsruhe,2026-09-27T22:00:00Z,2026-11-28T22:59:59Z,Gleisbau,Gartenstraße zwischen Kriegsstraße und Lorenzstraße,,Verkehrsbetriebe Karlsruhe,,mit Vollsperrung,46472,2024V5995,Stadt Karlsruhe,2024-11-04T23:00:00Z,"POLYGON ((454609.993599 5428227.141257, 454606.850742 5428221.069828, 454658.207885 5428198.069828, 454696.350742 5428180.855542, 454728.707885 5428166.212685, 454754.279314 5428154.784114, 454775.207885 5428145.569828, 454784.707885 5428141.212685, 454795.707885 5428137.569828, 454801.565028 5428136.141257, 454808.350742 5428134.855542, 454815.636457 5428133.926971, 454829.207885 5428132.926971, 454868.493599 5428129.855542, 454868.422171 5428138.712685, 454833.707885 5428141.998399, 454803.493599 5428144.426971, 454791.493599 5428147.141257, 454780.565028 5428150.355542, 454764.207885 5428156.641257, 454717.493599 5428178.569828, 454680.422171 5428195.284114, 454609.993599 5428227.141257))",7,043,Beiertheimer Feld
FeatureCollection,270,270,270,2025-10-06T14:15:33.080Z,name,urn:ogc:def:crs:EPSG::25832,Feature,baustellen_vorschau.102250934,geom,Polygon,"[[[454544.42217089, 5428257.85554241], [454538.85074189, 5428244.99839942], [454573.99359886, 5428228.14125743], [454579.27931386, 5428240.99839942], [454544.42217089, 5428257.85554241]]]",,,102250934,Karlsruhe,2026-09-27T22:00:00Z,2026-11-28T22:59:59Z,Gleisbau,Gartenstraße zwischen Kriegsstraße und Lorenzstraße,,Verkehrsbetriebe Karlsruhe,,mit Vollsperrung,46472,2024V5995,Stadt Karlsruhe,2024-11-04T23:00:00Z,"POLYGON ((454544.422171 5428257.855542, 454538.850742 5428244.998399, 454573.993599 5428228.141257, 454579.279314 5428240.998399, 454544.422171 5428257.855542))",7,043,Beiertheimer Feld
FeatureCollection,270,270,270,2025-10-06T14:15:33.080Z,name,urn:ogc:def:crs:EPSG::25832,Feature,baustellen_vorschau.102253903,geom,Polygon,"[[[455186.33083735, 5428229.79912843], [455189.27709435, 5428226.42317443], [455333.49883723, 5428223.43912843], [455333.34657623, 5428219.59187843], [455341.02444522, 5428219.57621543], [455343.06113722, 5428225.98152843], [455405.68613717, 5428224.93842843], [455405.74412417, 5428239.17398242], [455350.14505021, 5428239.87342742], [455186.47541935, 5428241.89621642], [455186.33083735, 5428229.79912843]]]",,,102253903,Karlsruhe,2025-12-31T23:00:00Z,2026-06-30T21:59:59Z,Straßenbau,B 10 Kriegsstraße zw. Brauerstraße u. Hirschstraße,,Tiefbauamt,1-streifige Verkehrsführung in beide Fahrtrichtungen mit Überleitung auf die Gegenfahrbahn,mit Verkehrsbehinderung,48994,2024V6324,Stadt Karlsruhe,2025-05-11T22:00:00Z,"POLYGON ((455186.330837 5428229.799128, 455189.277094 5428226.423174, 455333.498837 5428223.439128, 455333.346576 5428219.591878, 455341.024445 5428219.576215, 455343.061137 5428225.981528, 455405.686137 5428224.938428, 455405.744124 5428239.173982, 455350.14505 5428239.873427, 455186.475419 5428241.896216, 455186.330837 5428229.799128))",6,042,Mittlerer Teil
FeatureCollection,270,270,270,2025-10-06T14:15:33.080Z,name,urn:ogc:def:crs:EPSG::25832,Feature,baustellen_vorschau.102253961,geom,Polygon,"[[[455340.14693722, 5428206.94312844], [455340.94826622, 5428221.17853243], [455333.20875723, 5428221.62850443], [455332.15793723, 5428207.46862844], [455340.14693722, 5428206.94312844]]]",,,102253961,Karlsruhe,2025-12-31T23:00:00Z,2026-06-30T21:59:59Z,Straßenbau,Leopoldstraße zw. Gartenstraße u. B 10 Kriegsstraße,,Tiefbauamt,Sperrung im Einmündungsbereich zur Kriegsstraße,mit Vollsperrung,48994,2024V6325,Stadt Karlsruhe,2024-11-04T23:00:00Z,"POLYGON ((455340.146937 5428206.943128, 455340.948266 5428221.178532, 455333.208757 5428221.628504, 455332.157937 5428207.468628, 455340.146937 5428206.943128))",6,042,Mittlerer Teil
FeatureCollection,270,270,270,2025-10-06T14:15:33.080Z,name,urn:ogc:def:crs:EPSG::25832,Feature,baustellen_vorschau.102257494,geom,Polygon,"[[[450917.79282891, 5428067.62503854], [450932.8714459, 5428078.31305353], [450981.02295786, 5428112.44377851], [450998.58084084, 5428125.7475285], [451152.01094071, 5428229.68272844], [451165.0815127, 5428238.60522943], [451178.07700769, 5428246.43741843], [451169.8121407, 5428254.09082843], [451159.71604071, 5428245.45742843], [451039.04624081, 5428162.70482848], [450979.94704886, 5428122.0381875], [450941.76219389, 5428095.88688852], [450918.66251791, 5428081.24862853], [450905.09221692, 5428070.97814653], [450910.96126091, 5428063.04292254], [450917.79282891, 5428067.62503854]]]",,,102257494,Karlsruhe,2026-01-11T23:00:00Z,2026-11-30T22:59:59Z,Haltestellenumbau mit Straßenumgestaltung,Kastenwörtstraße zw. Hammweg u. Pfalzstraße,,Verkehrsbetriebe Karlsruhe,,mit Vollsperrung,31400,2024V6803,Stadt Karlsruhe,2025-02-05T23:00:00Z,"POLYGON ((450917.792829 5428067.625039, 450932.871446 5428078.313054, 450981.022958 5428112.443779, 450998.580841 5428125.747528, 451152.010941 5428229.682728, 451165.081513 5428238.605229, 451178.077008 5428246.437418, 451169.812141 5428254.090828, 451159.716041 5428245.457428, 451039.046241 5428162.704828, 450979.947049 5428122.038188, 450941.762194 5428095.886889, 450918.662518 5428081.248629, 450905.092217 5428070.978147, 450910.961261 5428063.042923, 450917.792829 5428067.625039))",42,091,Alt-Daxlanden
FeatureCollection,270,270,270,2025-10-06T14:15:33.080Z,name,urn:ogc:def:crs:EPSG::25832,Feature,baustellen_vorschau.102257494,geom,Polygon,"[[[450917.79282891, 5428067.62503854], [450932.8714459, 5428078.31305353], [450981.02295786, 5428112.44377851], [450998.58084084, 5428125.7475285], [451152.01094071, 5428229.68272844], [451165.0815127, 5428238.60522943], [451178.07700769, 5428246.43741843], [451169.8121407, 5428254.09082843], [451159.71604071, 5428245.45742843], [451039.04624081, 5428162.70482848], [450979.94704886, 5428122.0381875], [450941.76219389, 5428095.88688852], [450918.66251791, 5428081.24862853], [450905.09221692, 5428070.97814653], [450910.96126091, 5428063.04292254], [450917.79282891, 5428067.62503854]]]",,,102257494,Karlsruhe,2026-01-11T23:00:00Z,2026-11-30T22:59:59Z,Haltestellenumbau mit Straßenumgestaltung,Kastenwörtstraße zw. Hammweg u. Pfalzstraße,,Verkehrsbetriebe Karlsruhe,,mit Vollsperrung,31400,2024V6803,Stadt Karlsruhe,2025-02-05T23:00:00Z,"POLYGON ((450917.792829 5428067.625039, 450932.871446 5428078.313054, 450981.022958 5428112.443779, 450998.580841 5428125.747528, 451152.010941 5428229.682728, 451165.081513 5428238.605229, 451178.077008 5428246.437418, 451169.812141 5428254.090828, 451159.716041 5428245.457428, 451039.046241 5428162.704828, 450979.947049 5428122.038188, 450941.762194 5428095.886889, 450918.662518 5428081.248629, 450905.092217 5428070.978147, 450910.961261 5428063.042923, 450917.792829 5428067.625039))",41,092,Neu-Daxlanden
FeatureCollection,270,270,270,2025-10-06T14:15:33.080Z,name,urn:ogc:def:crs:EPSG::25832,Feature,baustellen_vorschau.102257656,geom,Polygon,"[[[458459.85960764, 5431546.43104746], [458431.50193467, 5431509.41342648], [458440.12023466, 5431515.75902648], [458442.48823466, 5431513.94752647], [458454.74353465, 5431529.91432647], [458452.62349465, 5431532.43087746], [458459.85960764, 5431546.43104746]]]",,,102257656,Karlsruhe,2025-10-12T22:00:00Z,2025-11-08T22:59:59Z,Straßenbau,Theodor-Heuss-Allee zw. Schneidemühler Straße u. Insterburger Straße,,Tiefbauamt,,mit Verkehrsbehinderung,31676,2024V6833,Stadt Karlsruhe,2025-06-30T22:00:00Z,"POLYGON ((458459.859608 5431546.431047, 458431.501935 5431509.413426, 458440.120235 5431515.759026, 458442.488235 5431513.947526, 458454.743535 5431529.914326, 458452.623495 5431532.430877, 458459.859608 5431546.431047))",68,161,Waldlage
FeatureCollection,270,270,270,2025-10-06T14:15:33.080Z,name,urn:ogc:def:crs:EPSG::25832,Feature,baustellen_vorschau.102257664,geom,Polygon,"[[[458398.7522047, 5431476.4403965], [458421.44373468, 5431509.84492648], [458413.32113468, 5431503.70522648], [458409.83841169, 5431504.00459348], [458399.62123469, 5431487.22752649], [458401.26083469, 5431486.05482649], [458398.7522047, 5431476.4403965]]]",,,102257664,Karlsruhe,2025-11-08T23:00:00Z,2025-12-15T22:59:59Z,Straßenbau,Theodor-Heuss-Allee zw.Insterburger Straße u.  Schneidemühler Straße,,Tiefbauamt,Arbeitsstelle im Seitenraum (Bushaltestelle),keine Verkehrsbehinderung,31676,2024V6836,Stadt Karlsruhe,2025-06-30T22:00:00Z,"POLYGON ((458398.752205 5431476.440396, 458421.443735 5431509.844926, 458413.321135 5431503.705226, 458409.838412 5431504.004593, 458399.621235 5431487.227526, 458401.260835 5431486.054826, 458398.752205 5431476.440396))",68,161,Waldlage
FeatureCollection,270,270,270,2025-10-06T14:15:33.080Z,name,urn:ogc:def:crs:EPSG::25832,Feature,baustellen_vorschau.102259413,geom,Polygon,"[[[455477.2392161, 5427118.39657708], [455480.1030801, 5427116.47647008], [455488.77104609, 5427129.63093207], [455506.60071308, 5427157.93413006], [455526.35693706, 5427188.67102904], [455546.52432504, 5427220.64549302], [455560.58438003, 5427242.07667501], [455571.80050202, 5427259.959247], [455586.07360701, 5427282.02305298], [455589.49063701, 5427279.85262898], [455590.76368601, 5427281.51922498], [455587.37343001, 5427283.93813698], [455611.94602599, 5427321.98816096], [455615.99062499, 5427325.75512696], [455624.12980898, 5427326.16935896], [455631.04651197, 5427325.82919296], [455638.87482497, 5427325.36585796], [455639.04059697, 5427328.83088295], [455615.21328799, 5427330.67660695], [455608.95925399, 5427323.10048796], [455590.00175801, 5427293.39263598], [455565.77233503, 5427256.262173], [455543.73838305, 5427222.50305502], [455537.23553905, 5427212.42996702], [455524.29291306, 5427191.30642004], [455515.73378107, 5427177.88453204], [455503.12479808, 5427158.30462806], [455490.35280609, 5427138.55397007], [455482.2167231, 5427126.26464708], [455477.2392161, 5427118.39657708]]]",,,102259413,Karlsruhe,2025-11-02T23:00:00Z,2026-02-28T22:59:59Z,Fernwärmeversorgung,Gebhardstraße zw. Kolpingplatz und Ebertstraße,,Stadtwerke Karlsruhe,"Abwicklung in mehreren Bauabschnitten, Aufteilung nicht vorgenommen",mit Sperrung in eine Fahrtrichtung,47730,2024V7075,Stadt Karlsruhe,2025-08-19T22:00:00Z,"POLYGON ((455477.239216 5427118.396577, 455480.10308 5427116.47647, 455488.771046 5427129.630932, 455506.600713 5427157.93413, 455526.356937 5427188.671029, 455546.524325 5427220.645493, 455560.58438 5427242.076675, 455571.800502 5427259.959247, 455586.073607 5427282.023053, 455589.490637 5427279.852629, 455590.763686 5427281.519225, 455587.37343 5427283.938137, 455611.946026 5427321.988161, 455615.990625 5427325.755127, 455624.129809 5427326.169359, 455631.046512 5427325.829193, 455638.874825 5427325.365858, 455639.040597 5427328.830883, 455615.213288 5427330.676607, 455608.959254 5427323.100488, 455590.001758 5427293.392636, 455565.772335 5427256.262173, 455543.738383 5427222.503055, 455537.235539 5427212.429967, 455524.292913 5427191.30642, 455515.733781 5427177.884532, 455503.124798 5427158.304628, 455490.352806 5427138.55397, 455482.216723 5427126.264647, 455477.239216 5427118.396577))",6,042,Mittlerer Teil
FeatureCollection,270,270,270,2025-10-06T14:15:33.080Z,name,urn:ogc:def:crs:EPSG::25832,Feature,baustellen_vorschau.102262756,geom,Polygon,"[[[455503.44600309, 5428539.94712225], [455503.47763709, 5428539.08217024], [455510.45144108, 5428538.50837425], [455510.52189308, 5428539.36554224], [455503.44600309, 5428539.94712225]]]",,,102262756,Karlsruhe,2026-03-01T23:00:00Z,2026-04-01T21:59:59Z,Fernwärmeversorgung,Hirschstraße zw. Amalienstraße u. Sophienstraße,,Stadtwerke Karlsruhe,,mit Verkehrsbehinderung,49081,2024V7465,Stadt Karlsruhe,2025-09-09T22:00:00Z,"POLYGON ((455503.446003 5428539.947122, 455503.477637 5428539.08217, 455510.451441 5428538.508374, 455510.521893 5428539.365542, 455503.446003 5428539.947122))",43,022,Westlicher Teil
FeatureCollection,270,270,270,2025-10-06T14:15:33.080Z,name,urn:ogc:def:crs:EPSG::25832,Feature,baustellen_vorschau.102266846,geom,Polygon,"[[[451670.7255623, 5430923.05282785], [451641.13189033, 5430941.76147084], [451625.82481934, 5430952.41972783], [451609.04373335, 5430967.27325682], [451597.02484836, 5430979.51891381], [451588.74769037, 5430990.40394281], [451580.35714838, 5430986.77559981], [451589.99493337, 5430974.18978582], [451602.92090536, 5430961.03704283], [451608.81696235, 5430956.16145683], [451624.80434834, 5430942.66855683], [451636.93661933, 5430935.07171384], [451665.39643331, 5430916.36307085], [451670.7255623, 5430923.05282785]]]",,,102266846,Karlsruhe,2025-10-10T22:00:00Z,2025-12-11T22:59:59Z,Straßenbau,Litzelaustraße zw. Elsässer Straße und Untere Straße,,Tiefbauamt,,mit Vollsperrung,41859,2025V0355,Stadt Karlsruhe,2025-09-14T22:00:00Z,"POLYGON ((451670.725562 5430923.052828, 451641.13189 5430941.761471, 451625.824819 5430952.419728, 451609.043733 5430967.273257, 451597.024848 5430979.518914, 451588.74769 5430990.403943, 451580.357148 5430986.7756, 451589.994933 5430974.189786, 451602.920905 5430961.037043, 451608.816962 5430956.161457, 451624.804348 5430942.668557, 451636.936619 5430935.071714, 451665.396433 5430916.363071, 451670.725562 5430923.052828))",12,101,Alt-Knielingen
FeatureCollection,270,270,270,2025-10-06T14:15:33.080Z,name,urn:ogc:def:crs:EPSG::25832,Feature,baustellen_vorschau.102266847,geom,Polygon,"[[[451576.38864838, 5430994.5992138], [451580.01699038, 5430989.72362781], [451582.17131938, 5430991.19764281], [451578.54297638, 5430996.0732278], [451576.38864838, 5430994.5992138]]]",,,102266847,Karlsruhe,2025-10-10T22:00:00Z,2025-12-11T22:59:59Z,Straßenbau,Litzelaustraße zw. Elsässer Straße und Untere Straße,,Tiefbauamt,,mit Vollsperrung,41859,2025V0355,Stadt Karlsruhe,2025-09-14T22:00:00Z,"POLYGON ((451576.388648 5430994.599214, 451580.01699 5430989.723628, 451582.171319 5430991.197643, 451578.542976 5430996.073228, 451576.388648 5430994.599214))",12,101,Alt-Knielingen
FeatureCollection,270,270,270,2025-10-06T14:15:33.080Z,name,urn:ogc:def:crs:EPSG::25832,Feature,baustellen_vorschau.102266852,geom,Polygon,"[[[451588.09370837, 5430990.60585681], [451570.45482839, 5431012.74445079], [451561.36540539, 5431026.69356578], [451555.6057704, 5431036.86291978], [451549.7561424, 5431046.76229077], [451548.7662054, 5431048.92215377], [451545.97638241, 5431062.24130776], [451543.81651941, 5431073.22061076], [451533.64716542, 5431070.07081076], [451539.40679941, 5431045.14239377], [451542.46660541, 5431039.29276578], [451548.7662054, 5431027.14353678], [451555.3357884, 5431016.07423979], [451563.16529039, 5431005.9048858], [451564.33521639, 5431006.9848168], [451568.29496539, 5431002.2151198], [451581.07415338, 5430986.10614281], [451588.09370837, 5430990.60585681]]]",,,102266852,Karlsruhe,2025-12-11T23:00:00Z,2026-03-09T22:59:59Z,Straßenbau,Litzelaustraße zw. Untere Straße und Elsässer Straße,,Tiefbauamt,,mit Vollsperrung,41859,2025V0356,Stadt Karlsruhe,2025-05-27T22:00:00Z,"POLYGON ((451588.093708 5430990.605857, 451570.454828 5431012.744451, 451561.365405 5431026.693566, 451555.60577 5431036.86292, 451549.756142 5431046.762291, 451548.766205 5431048.922154, 451545.976382 5431062.241308, 451543.816519 5431073.220611, 451533.647165 5431070.070811, 451539.406799 5431045.142394, 451542.466605 5431039.292766, 451548.766205 5431027.143537, 451555.335788 5431016.07424, 451563.16529 5431005.904886, 451564.335216 5431006.984817, 451568.294965 5431002.21512, 451581.074153 5430986.106143, 451588.093708 5430990.605857))",12,101,Alt-Knielingen
FeatureCollection,270,270,270,2025-10-06T14:15:33.080Z,name,urn:ogc:def:crs:EPSG::25832,Feature,baustellen_vorschau.102266854,geom,Polygon,"[[[451536.17648842, 5431078.32088276], [451537.43640841, 5431078.77085376], [451536.26648242, 5431084.53048775], [451535.09655742, 5431084.62048275], [451536.17648842, 5431078.32088276]]]",,,102266854,Karlsruhe,2025-12-11T23:00:00Z,2026-03-09T22:59:59Z,Straßenbau,Litzelaustraße zw. Untere Straße und Elsässer Straße,,Tiefbauamt,,mit Vollsperrung,41859,2025V0356,Stadt Karlsruhe,2025-05-27T22:00:00Z,"POLYGON ((451536.176488 5431078.320883, 451537.436408 5431078.770854, 451536.266482 5431084.530488, 451535.096557 5431084.620483, 451536.176488 5431078.320883))",12,101,Alt-Knielingen
FeatureCollection,270,270,270,2025-10-06T14:15:33.080Z,name,urn:ogc:def:crs:EPSG::25832,Feature,baustellen_vorschau.102266863,geom,Polygon,"[[[451506.43353944, 5431136.86094072], [451513.00312244, 5431133.89112872], [451513.81307143, 5431135.87100272], [451507.33348244, 5431138.39084272], [451506.43353944, 5431136.86094072]]]",,,102266863,Karlsruhe,2026-03-08T23:00:00Z,2026-04-28T21:59:59Z,Straßenbau,Litzelaustraße zw. Untere Straße und Elsässer Straße,,Tiefbauamt,Untere Straße = 1-streifige Verkehrsführung,mit Vollsperrung,41859,2025V0357,Stadt Karlsruhe,2025-05-27T22:00:00Z,"POLYGON ((451506.433539 5431136.860941, 451513.003122 5431133.891129, 451513.813071 5431135.871003, 451507.333482 5431138.390843, 451506.433539 5431136.860941))",12,101,Alt-Knielingen
FeatureCollection,270,270,270,2025-10-06T14:15:33.080Z,name,urn:ogc:def:crs:EPSG::25832,Feature,baustellen_vorschau.102266864,geom,Polygon,"[[[451515.07299143, 5431132.81119772], [451516.24291643, 5431130.47134572], [451522.54251643, 5431124.71171173], [451525.24234542, 5431120.93195173], [451528.75212242, 5431115.17231773], [451530.01204242, 5431110.40262074], [451535.23171142, 5431093.84367175], [451531.63193942, 5431091.59381475], [451531.90192242, 5431089.88392275], [451535.41169942, 5431072.78500876], [451534.87173442, 5431072.06505476], [451543.42119141, 5431072.87500276], [451542.07127641, 5431081.06448275], [451539.19145941, 5431096.09352874], [451542.61124241, 5431101.22320274], [451535.32170542, 5431107.79278574], [451534.96172842, 5431109.77266074], [451533.88179642, 5431115.53229473], [451533.70180842, 5431117.87214573], [451536.22164842, 5431121.92188873], [451541.62130541, 5431129.12143173], [451543.42119141, 5431131.01131173], [451543.96115641, 5431133.53115172], [451540.18139641, 5431132.72120272], [451532.89185942, 5431132.18123772], [451529.56207142, 5431132.09124272], [451523.71244243, 5431133.26116872], [451516.87287643, 5431135.15104872], [451515.07299143, 5431132.81119772]]]",,,102266864,Karlsruhe,2026-03-08T23:00:00Z,2026-04-28T21:59:59Z,Straßenbau,Litzelaustraße zw. Untere Straße und Elsässer Straße,,Tiefbauamt,Untere Straße = 1-streifige Verkehrsführung,mit Vollsperrung,41859,2025V0357,Stadt Karlsruhe,2025-05-27T22:00:00Z,"POLYGON ((451515.072991 5431132.811198, 451516.242916 5431130.471346, 451522.542516 5431124.711712, 451525.242345 5431120.931952, 451528.752122 5431115.172318, 451530.012042 5431110.402621, 451535.231711 5431093.843672, 451531.631939 5431091.593815, 451531.901922 5431089.883923, 451535.411699 5431072.785009, 451534.871734 5431072.065055, 451543.421191 5431072.875003, 451542.071276 5431081.064483, 451539.191459 5431096.093529, 451542.611242 5431101.223203, 451535.321705 5431107.792786, 451534.961728 5431109.772661, 451533.881796 5431115.532295, 451533.701808 5431117.872146, 451536.221648 5431121.921889, 451541.621305 5431129.121432, 451543.421191 5431131.011312, 451543.961156 5431133.531152, 451540.181396 5431132.721203, 451532.891859 5431132.181238, 451529.562071 5431132.091243, 451523.712442 5431133.261169, 451516.872876 5431135.151049, 451515.072991 5431132.811198))",12,101,Alt-Knielingen
FeatureCollection,270,270,270,2025-10-06T14:15:33.080Z,name,urn:ogc:def:crs:EPSG::25832,Feature,baustellen_vorschau.102266865,geom,Polygon,"[[[451538.12591941, 5431065.71704276], [451539.12591941, 5431061.00275777], [451540.76877641, 5431061.07418577], [451540.05449041, 5431066.00275776], [451538.12591941, 5431065.71704276]]]",,,102266865,Karlsruhe,2026-03-08T23:00:00Z,2026-04-28T21:59:59Z,Straßenbau,Litzelaustraße zw. Untere Straße und Elsässer Straße,,Tiefbauamt,Untere Straße = 1-streifige Verkehrsführung,mit Vollsperrung,41859,2025V0357,Stadt Karlsruhe,2025-05-27T22:00:00Z,"POLYGON ((451538.125919 5431065.717043, 451539.125919 5431061.002758, 451540.768776 5431061.074186, 451540.05449 5431066.002758, 451538.125919 5431065.717043))",12,101,Alt-Knielingen
FeatureCollection,270,270,270,2025-10-06T14:15:33.080Z,name,urn:ogc:def:crs:EPSG::25832,Feature,baustellen_vorschau.102266879,geom,Polygon,"[[[451553.8875404, 5431140.12412572], [451544.52813441, 5431136.52435372], [451527.87919142, 5431136.34436572], [451518.96975743, 5431138.59422272], [451516.44991743, 5431139.94413672], [451512.22018644, 5431133.19456572], [451515.63996943, 5431131.21469072], [451525.08936943, 5431121.58530273], [451528.77913442, 5431116.99559373], [451533.45883742, 5431117.35557073], [451533.27884942, 5431117.98553073], [451542.54826041, 5431130.85471373], [451555.5974314, 5431133.19456572], [451553.8875404, 5431140.12412572]]]",,,102266879,Karlsruhe,2026-04-28T22:00:00Z,2026-05-29T21:59:59Z,Straßenbau,Untere Straße zw. Saarlandstraße und Litzelaustraße,,Tiefbauamt,Litzelaustraße = Sackgasse bis Baufeld,mit Vollsperrung,41859,2025V0358,Stadt Karlsruhe,2025-05-27T22:00:00Z,"POLYGON ((451553.88754 5431140.124126, 451544.528134 5431136.524354, 451527.879191 5431136.344366, 451518.969757 5431138.594223, 451516.449917 5431139.944137, 451512.220186 5431133.194566, 451515.639969 5431131.214691, 451525.089369 5431121.585303, 451528.779134 5431116.995594, 451533.458837 5431117.355571, 451533.278849 5431117.985531, 451542.54826 5431130.854714, 451555.597431 5431133.194566, 451553.88754 5431140.124126))",12,101,Alt-Knielingen
FeatureCollection,270,270,270,2025-10-06T14:15:33.080Z,name,urn:ogc:def:crs:EPSG::25832,Feature,baustellen_vorschau.102269121,geom,Polygon,"[[[460727.26407673, 5427922.70852559], [460732.90411673, 5427920.73524559], [460820.39842365, 5427974.80170856], [460817.80123266, 5427978.61982856], [460789.57448668, 5427960.53717957], [460727.26407673, 5427922.70852559]]]",,,102269121,Karlsruhe,2026-02-01T23:00:00Z,2026-08-26T21:59:59Z,Bauliche Sondernutzung,K9659 Kreisstraße P&R Platz Höhe Bahnhof Durlach,,Deutsche Bahn AG,Entfall ca. der Hälfte der Abstellplätze,keine Verkehrsbehinderung,49853,2025V0641,Stadt Karlsruhe,2025-02-04T23:00:00Z,"POLYGON ((460727.264077 5427922.708526, 460732.904117 5427920.735246, 460820.398424 5427974.801709, 460817.801233 5427978.619829, 460789.574487 5427960.53718, 460727.264077 5427922.708526))",67,191,Alt-Durlach
FeatureCollection,270,270,270,2025-10-06T14:15:33.080Z,name,urn:ogc:def:crs:EPSG::25832,Feature,baustellen_vorschau.102269124,geom,Polygon,"[[[460702.56458875, 5427907.9664696], [460709.31773275, 5427906.6285286], [460820.39842365, 5427974.80170856], [460836.87468964, 5427986.22191055], [460854.51877663, 5427999.51862555], [460872.24711961, 5428014.26725354], [460863.33035962, 5428011.46626754], [460841.59204164, 5427995.55721755], [460817.80123266, 5427978.61982856], [460789.57448668, 5427960.53717957], [460725.33658473, 5427921.53834559], [460702.56458875, 5427907.9664696]]]",,,102269124,Karlsruhe,2026-08-26T22:00:00Z,2026-09-13T21:59:59Z,Bauliche Sondernutzung,K9659 Kreisstraße P&R Platz Höhe Bahnhof Durlach,,Deutsche Bahn AG,P&R Anlage gesperrt,keine Verkehrsbehinderung,49853,2025V0642,Stadt Karlsruhe,2025-02-04T23:00:00Z,"POLYGON ((460702.564589 5427907.96647, 460709.317733 5427906.628529, 460820.398424 5427974.801709, 460836.87469 5427986.221911, 460854.518777 5427999.518626, 460872.24712 5428014.267254, 460863.33036 5428011.466268, 460841.592042 5427995.557218, 460817.801233 5427978.619829, 460789.574487 5427960.53718, 460725.336585 5427921.538346, 460702.564589 5427907.96647))",67,191,Alt-Durlach
FeatureCollection,270,270,270,2025-10-06T14:15:33.080Z,name,urn:ogc:def:crs:EPSG::25832,Feature,baustellen_vorschau.102269129,geom,Polygon,"[[[460725.33658473, 5427921.53834559], [460729.64547873, 5427918.78593959], [460820.39842365, 5427974.80170856], [460817.80123266, 5427978.61982856], [460789.57448668, 5427960.53717957], [460725.33658473, 5427921.53834559]]]",,,102269129,Karlsruhe,2026-09-13T22:00:00Z,2026-11-27T22:59:59Z,Bauliche Sondernutzung,K9659 Kreisstraße P&R Platz Höhe Bahnhof Durlach,,Deutsche Bahn AG,Entfall ca. der Hälfte der Abstellplätze,keine Verkehrsbehinderung,49853,2025V0643,Stadt Karlsruhe,2025-02-04T23:00:00Z,"POLYGON ((460725.336585 5427921.538346, 460729.645479 5427918.78594, 460820.398424 5427974.801709, 460817.801233 5427978.619829, 460789.574487 5427960.53718, 460725.336585 5427921.538346))",67,191,Alt-Durlach
FeatureCollection,270,270,270,2025-10-06T14:15:33.080Z,name,urn:ogc:def:crs:EPSG::25832,Feature,baustellen_vorschau.102269977,geom,Polygon,"[[[458355.51513473, 5430826.80772688], [458371.93563071, 5430843.82252187], [458387.5684347, 5430862.09872686], [458385.4666117, 5430863.59943086], [458380.95813471, 5430857.49482686], [458372.09534571, 5430851.79162787], [458358.65243472, 5430837.34422688], [458359.12185972, 5430836.85833988], [458360.15233472, 5430835.79172688], [458355.51513473, 5430826.80772688]]]",,,102269977,Karlsruhe,2025-11-08T23:00:00Z,2025-12-15T22:59:59Z,Straßenbau,Theodor-Heuss-Allee Höhe Elbinger Straße und Höhe Schneidemühler Straße,,Tiefbauamt,Arbeitsstellen wechselweise im Seitenbereich (Bushaltestelle),mit Verkehrsbehinderung,31677,2024V6849,Stadt Karlsruhe,2025-06-30T22:00:00Z,"POLYGON ((458355.515135 5430826.807727, 458371.935631 5430843.822522, 458387.568435 5430862.098727, 458385.466612 5430863.599431, 458380.958135 5430857.494827, 458372.095346 5430851.791628, 458358.652435 5430837.344227, 458359.12186 5430836.85834, 458360.152335 5430835.791727, 458355.515135 5430826.807727))",68,161,Waldlage
FeatureCollection,270,270,270,2025-10-06T14:15:33.080Z,name,urn:ogc:def:crs:EPSG::25832,Feature,baustellen_vorschau.102272739,geom,Polygon,"[[[460354.60236303, 5426433.47867447], [460351.34003304, 5426425.50462947], [460374.50003302, 5426413.49462948], [460396.958995, 5426401.47029549], [460415.16812398, 5426391.82789849], [460443.78003296, 5426376.8346295], [460471.19311594, 5426362.47028651], [460472.04003293, 5426359.68462951], [460471.32790594, 5426358.17581651], [460482.07386693, 5426352.79848352], [460482.64003293, 5426353.99462952], [460485.47003292, 5426354.93462951], [460489.66830992, 5426364.01702651], [460488.76003292, 5426364.49462951], [460487.81003292, 5426367.33462951], [460488.11495492, 5426367.97907251], [460479.19100593, 5426372.5101515], [460478.98003293, 5426372.0646295], [460476.15003293, 5426371.12462951], [460453.43993295, 5426382.8288295], [460455.13603295, 5426385.88372949], [460442.43803296, 5426391.93592949], [460441.18064496, 5426389.55031649], [460421.27003298, 5426400.04462949], [460416.76003298, 5426402.42462949], [460416.43003298, 5426403.44462949], [460398.310033, 5426409.93462948], [460381.53003301, 5426417.39462948], [460367.09483302, 5426424.52142948], [460367.69003302, 5426425.97462947], [460354.60236303, 5426433.47867447]]]",,,102272739,Karlsruhe,2025-10-12T22:00:00Z,2026-04-17T21:59:59Z,Straßenbau,Ostmarkstraße zwischen Westmarkstraße und Kärntner Straße,,Tiefbauamt,Abwicklung in mehreren Bauabschnitten,mit Vollsperrung,49760,2025V0912,Stadt Karlsruhe,2025-09-24T22:00:00Z,"POLYGON ((460354.602363 5426433.478674, 460351.340033 5426425.504629, 460374.500033 5426413.494629, 460396.958995 5426401.470295, 460415.168124 5426391.827898, 460443.780033 5426376.83463, 460471.193116 5426362.470287, 460472.040033 5426359.68463, 460471.327906 5426358.175817, 460482.073867 5426352.798484, 460482.640033 5426353.99463, 460485.470033 5426354.93463, 460489.66831 5426364.017027, 460488.760033 5426364.49463, 460487.810033 5426367.33463, 460488.114955 5426367.979073, 460479.191006 5426372.510152, 460478.980033 5426372.06463, 460476.150033 5426371.12463, 460453.439933 5426382.82883, 460455.136033 5426385.883729, 460442.438033 5426391.935929, 460441.180645 5426389.550316, 460421.270033 5426400.044629, 460416.760033 5426402.424629, 460416.430033 5426403.444629, 460398.310033 5426409.934629, 460381.530033 5426417.394629, 460367.094833 5426424.521429, 460367.690033 5426425.974629, 460354.602363 5426433.478674))",66,195,Aue
FeatureCollection,270,270,270,2025-10-06T14:15:33.080Z,name,urn:ogc:def:crs:EPSG::25832,Feature,baustellen_vorschau.102278770,geom,Polygon,"[[[452405.57515566, 5427627.79731279], [452435.94822764, 5427612.0483128], [452438.66913764, 5427615.6870558], [452428.64271065, 5427621.11088979], [452437.71293964, 5427637.14902879], [452432.12347064, 5427638.59662678], [452424.01786765, 5427623.61271679], [452410.05355566, 5427631.16676379], [452412.32472766, 5427632.97198379], [452405.57515566, 5427627.79731279]]]",,,102278770,Karlsruhe,2026-01-18T23:00:00Z,2026-04-17T21:59:59Z,Gas bzw. Wasserversorgung,RheinhafenstraßeKreuzungsbereich Pulverhausstraße/ Durmersheimer Straße,,Stadtwerke Karlsruhe,,mit Vollsperrung,50885,2025V1504,Stadt Karlsruhe,2025-09-24T22:00:00Z,"POLYGON ((452405.575156 5427627.797313, 452435.948228 5427612.048313, 452438.669138 5427615.687056, 452428.642711 5427621.11089, 452437.71294 5427637.149029, 452432.123471 5427638.596627, 452424.017868 5427623.612717, 452410.053556 5427631.166764, 452412.324728 5427632.971984, 452405.575156 5427627.797313))",2,115,Neue Heidenstückersiedlung
FeatureCollection,270,270,270,2025-10-06T14:15:33.080Z,name,urn:ogc:def:crs:EPSG::25832,Feature,baustellen_vorschau.102278770,geom,Polygon,"[[[452405.57515566, 5427627.79731279], [452435.94822764, 5427612.0483128], [452438.66913764, 5427615.6870558], [452428.64271065, 5427621.11088979], [452437.71293964, 5427637.14902879], [452432.12347064, 5427638.59662678], [452424.01786765, 5427623.61271679], [452410.05355566, 5427631.16676379], [452412.32472766, 5427632.97198379], [452405.57515566, 5427627.79731279]]]",,,102278770,Karlsruhe,2026-01-18T23:00:00Z,2026-04-17T21:59:59Z,Gas bzw. Wasserversorgung,RheinhafenstraßeKreuzungsbereich Pulverhausstraße/ Durmersheimer Straße,,Stadtwerke Karlsruhe,,mit Vollsperrung,50885,2025V1504,Stadt Karlsruhe,2025-09-24T22:00:00Z,"POLYGON ((452405.575156 5427627.797313, 452435.948228 5427612.048313, 452438.669138 5427615.687056, 452428.642711 5427621.11089, 452437.71294 5427637.149029, 452432.123471 5427638.596627, 452424.017868 5427623.612717, 452410.053556 5427631.166764, 452412.324728 5427632.971984, 452405.575156 5427627.797313))",4,111,Alt-Grünwinkel
FeatureCollection,270,270,270,2025-10-06T14:15:33.080Z,name,urn:ogc:def:crs:EPSG::25832,Feature,baustellen_vorschau.102284813,geom,Polygon,"[[[464263.53081075, 5422255.5621139], [464263.41742475, 5422253.2943989], [464262.73711075, 5422251.3668419], [464260.92293875, 5422249.5526709], [464259.33553876, 5422248.53219891], [464256.38751076, 5422248.3054269], [464252.98593876, 5422248.1920419], [464250.83161076, 5422242.63614191], [464262.73711075, 5422242.52275591], [464264.32451075, 5422242.06921391], [464265.68513875, 5422240.93535591], [464265.68513875, 5422225.85505592], [464272.26151074, 5422225.74167092], [464272.14812475, 5422233.45189891], [464274.52922474, 5422235.26607091], [464277.70402474, 5422233.11174191], [464283.71346774, 5422245.24401391], [464270.67411075, 5422246.03771391], [464269.20009575, 5422247.5117279], [464268.85993875, 5422255.5621139], [464263.53081075, 5422255.5621139]]]",,,102284813,Karlsruhe,2026-02-16T23:00:00Z,2026-03-27T22:59:59Z,Gas bzw. Wasserversorgung,Weiklestraße zwischen Zum Bergle/ Eichenwaldstraße/Neubergstraße und Wiesentalstraße,,Stadtwerke Karlsruhe,Vollsperrung im Kreuzungsbereich,mit Vollsperrung,44556,2025V2184,Stadt Karlsruhe,2025-05-12T22:00:00Z,"POLYGON ((464263.530811 5422255.562114, 464263.417425 5422253.294399, 464262.737111 5422251.366842, 464260.922939 5422249.552671, 464259.335539 5422248.532199, 464256.387511 5422248.305427, 464252.985939 5422248.192042, 464250.831611 5422242.636142, 464262.737111 5422242.522756, 464264.324511 5422242.069214, 464265.685139 5422240.935356, 464265.685139 5422225.855056, 464272.261511 5422225.741671, 464272.148125 5422233.451899, 464274.529225 5422235.266071, 464277.704025 5422233.111742, 464283.713468 5422245.244014, 464270.674111 5422246.037714, 464269.200096 5422247.511728, 464268.859939 5422255.562114, 464263.530811 5422255.562114))",24,211,Stupferich
FeatureCollection,270,270,270,2025-10-06T14:15:33.080Z,name,urn:ogc:def:crs:EPSG::25832,Feature,baustellen_vorschau.102286470,geom,Polygon,"[[[454010.74223833, 5428046.68712854], [454011.35903833, 5428046.50872854], [454014.98724333, 5428063.14203053], [454017.49996332, 5428074.31661352], [454025.97878632, 5428072.36322252], [454029.97127031, 5428092.97220751], [454031.78088931, 5428101.78496551], [454033.38850631, 5428111.8376135], [454034.38196631, 5428118.8871515], [454035.90753231, 5428130.97779349], [454037.98337331, 5428147.55881348], [454039.59857131, 5428166.48290147], [454040.31214031, 5428181.46030246], [454040.63254131, 5428205.06992744], [454040.98809331, 5428224.05949243], [454040.17009031, 5428224.19703943], [454039.51508231, 5428186.37871246], [454039.29896831, 5428170.38615746], [454037.61552431, 5428150.21617548], [454034.81606631, 5428128.17361249], [454032.15828231, 5428106.9721975], [454028.75396632, 5428089.49701351], [454025.43325632, 5428072.83097752], [454016.87971933, 5428075.01913052], [454010.74223833, 5428046.68712854]]]",,,102286470,Karlsruhe,2026-03-01T23:00:00Z,2026-10-31T22:59:59Z,Fernwärmeversorgung,Weltzienstraße zw. Kriegsstraße u. Wilhelm-baur-Straße,,Stadtwerke Karlsruhe,"Abwicklung in mehreren Bauabschnitten, Aufteilung nicht vorgenommen",mit Verkehrsbehinderung,46077,2025V2416,Stadt Karlsruhe,2025-08-31T22:00:00Z,"POLYGON ((454010.742238 5428046.687129, 454011.359038 5428046.508729, 454014.987243 5428063.142031, 454017.499963 5428074.316614, 454025.978786 5428072.363223, 454029.97127 5428092.972208, 454031.780889 5428101.784966, 454033.388506 5428111.837614, 454034.381966 5428118.887152, 454035.907532 5428130.977793, 454037.983373 5428147.558813, 454039.598571 5428166.482901, 454040.31214 5428181.460302, 454040.632541 5428205.069927, 454040.988093 5428224.059492, 454040.17009 5428224.197039, 454039.515082 5428186.378712, 454039.298968 5428170.386157, 454037.615524 5428150.216175, 454034.816066 5428128.173612, 454032.158282 5428106.972198, 454028.753966 5428089.497014, 454025.433256 5428072.830978, 454016.879719 5428075.019131, 454010.742238 5428046.687129))",34,052,Südlicher Teil
FeatureCollection,270,270,270,2025-10-06T14:15:33.080Z,name,urn:ogc:def:crs:EPSG::25832,Feature,baustellen_vorschau.102301422,geom,Polygon,"[[[462957.80657588, 5429262.2714328], [462981.04643086, 5429288.57242778], [462989.05923085, 5429296.48822778], [462993.81043085, 5429299.92272777], [462996.63683085, 5429300.85362777], [463001.50943084, 5429300.83172777], [463003.76063084, 5429299.72142777], [463006.75852184, 5429296.17437977], [463011.13418184, 5429256.5789008], [463018.28413083, 5429256.4397278], [463015.50284283, 5429303.20462777], [463014.72027683, 5429312.51857777], [463016.67903083, 5429319.71532776], [463022.48893083, 5429326.62072776], [463020.72323683, 5429329.93812276], [463009.32182384, 5429321.34888276], [463011.43819084, 5429370.03725773], [463008.43473084, 5429370.43302773], [463005.62663084, 5429347.12222775], [463003.68023084, 5429332.57282775], [463001.00363084, 5429324.62552776], [462993.61753085, 5429316.23452777], [462998.13467085, 5429310.58935177], [462953.94747688, 5429265.32222579], [462957.80657588, 5429262.2714328]]]",,,102301422,Karlsruhe,2026-03-29T22:00:00Z,2026-05-31T21:59:59Z,Gas bzw. Wasserversorgung,B 3 Höhe Bruchwaldstraße,,Stadtwerke Karlsruhe,"1-streifige Verkehrsführung mit Lichtsignal, Dauer vsl. 2 Monate",mit Verkehrsbehinderung,35679,2025V4070,Stadt Karlsruhe,2025-09-02T22:00:00Z,"POLYGON ((462957.806576 5429262.271433, 462981.046431 5429288.572428, 462989.059231 5429296.488228, 462993.810431 5429299.922728, 462996.636831 5429300.853628, 463001.509431 5429300.831728, 463003.760631 5429299.721428, 463006.758522 5429296.17438, 463011.134182 5429256.578901, 463018.284131 5429256.439728, 463015.502843 5429303.204628, 463014.720277 5429312.518578, 463016.679031 5429319.715328, 463022.488931 5429326.620728, 463020.723237 5429329.938123, 463009.321824 5429321.348883, 463011.438191 5429370.037258, 463008.434731 5429370.433028, 463005.626631 5429347.122228, 463003.680231 5429332.572828, 463001.003631 5429324.625528, 462993.617531 5429316.234528, 462998.134671 5429310.589352, 462953.947477 5429265.322226, 462957.806576 5429262.271433))",67,191,Alt-Durlach
FeatureCollection,270,270,270,2025-10-06T14:15:33.080Z,name,urn:ogc:def:crs:EPSG::25832,Feature,baustellen_vorschau.102301422,geom,Polygon,"[[[462957.80657588, 5429262.2714328], [462981.04643086, 5429288.57242778], [462989.05923085, 5429296.48822778], [462993.81043085, 5429299.92272777], [462996.63683085, 5429300.85362777], [463001.50943084, 5429300.83172777], [463003.76063084, 5429299.72142777], [463006.75852184, 5429296.17437977], [463011.13418184, 5429256.5789008], [463018.28413083, 5429256.4397278], [463015.50284283, 5429303.20462777], [463014.72027683, 5429312.51857777], [463016.67903083, 5429319.71532776], [463022.48893083, 5429326.62072776], [463020.72323683, 5429329.93812276], [463009.32182384, 5429321.34888276], [463011.43819084, 5429370.03725773], [463008.43473084, 5429370.43302773], [463005.62663084, 5429347.12222775], [463003.68023084, 5429332.57282775], [463001.00363084, 5429324.62552776], [462993.61753085, 5429316.23452777], [462998.13467085, 5429310.58935177], [462953.94747688, 5429265.32222579], [462957.80657588, 5429262.2714328]]]",,,102301422,Karlsruhe,2026-03-29T22:00:00Z,2026-05-31T21:59:59Z,Gas bzw. Wasserversorgung,B 3 Höhe Bruchwaldstraße,,Stadtwerke Karlsruhe,"1-streifige Verkehrsführung mit Lichtsignal, Dauer vsl. 2 Monate",mit Verkehrsbehinderung,35679,2025V4070,Stadt Karlsruhe,2025-09-02T22:00:00Z,"POLYGON ((462957.806576 5429262.271433, 462981.046431 5429288.572428, 462989.059231 5429296.488228, 462993.810431 5429299.922728, 462996.636831 5429300.853628, 463001.509431 5429300.831728, 463003.760631 5429299.721428, 463006.758522 5429296.17438, 463011.134182 5429256.578901, 463018.284131 5429256.439728, 463015.502843 5429303.204628, 463014.720277 5429312.518578, 463016.679031 5429319.715328, 463022.488931 5429326.620728, 463020.723237 5429329.938123, 463009.321824 5429321.348883, 463011.438191 5429370.037258, 463008.434731 5429370.433028, 463005.626631 5429347.122228, 463003.680231 5429332.572828, 463001.003631 5429324.625528, 462993.617531 5429316.234528, 462998.134671 5429310.589352, 462953.947477 5429265.322226, 462957.806576 5429262.271433))",51,201,Nördlich der Pfinz
FeatureCollection,270,270,270,2025-10-06T14:15:33.080Z,name,urn:ogc:def:crs:EPSG::25832,Feature,baustellen_vorschau.102302734,geom,Polygon,"[[[452229.14118182, 5429347.77885178], [452255.1927558, 5429346.33145678], [452256.8028328, 5429362.50025977], [452228.75120782, 5429363.65679377], [452229.14118182, 5429347.77885178]]]",,,102302734,Karlsruhe,2025-10-06T22:00:00Z,2025-10-08T21:59:59Z,Straßenunterhaltung,Honsellstraße zw. Kurzheckweg und Wickingerstraße,,Tiefbauamt,"Vsl. 2 Arbeitstage, 1-streifige Verkehrsführung im Baubereich",mit Verkehrsbehinderung,48932,2025V4231,Stadt Karlsruhe,2025-09-11T22:00:00Z,"POLYGON ((452229.141182 5429347.778852, 452255.192756 5429346.331457, 452256.802833 5429362.50026, 452228.751208 5429363.656794, 452229.141182 5429347.778852))",49,083,Rheinhafen
FeatureCollection,270,270,270,2025-10-06T14:15:33.080Z,name,urn:ogc:def:crs:EPSG::25832,Feature,baustellen_vorschau.102303550,geom,Polygon,"[[[455727.00783689, 5426408.9035295], [455726.90013689, 5426407.8739295], [455797.78334283, 5426404.4046165], [455879.39364976, 5426401.7608785], [455879.45473676, 5426416.81952949], [455879.71023676, 5426429.46502948], [455797.48880683, 5426430.72516548], [455729.06083389, 5426434.51948948], [455728.15343689, 5426420.56932949], [455727.00783689, 5426408.9035295]]]",,,102303550,Karlsruhe,2025-10-30T23:00:00Z,2025-10-31T22:59:59Z,Straßenunterhaltung,Südtangente zw. AS 3 und AS 4,Wanderbaustelle,Tiefbauamt,"""kleiner"" Edeltrudtunnel, wechselseitig, beide Fahrtrichtungen betroffen vs. 9:30 Uhr - 11:30 Uhr",mit Verkehrsbehinderung,49247,2025V4349,Stadt Karlsruhe,2025-07-29T22:00:00Z,"POLYGON ((455727.007837 5426408.90353, 455726.900137 5426407.87393, 455797.783343 5426404.404616, 455879.39365 5426401.760878, 455879.454737 5426416.819529, 455879.710237 5426429.465029, 455797.488807 5426430.725165, 455729.060834 5426434.519489, 455728.153437 5426420.569329, 455727.007837 5426408.90353))",29,141,Weiherfeld
FeatureCollection,270,270,270,2025-10-06T14:15:33.080Z,name,urn:ogc:def:crs:EPSG::25832,Feature,baustellen_vorschau.102303550,geom,Polygon,"[[[455727.00783689, 5426408.9035295], [455726.90013689, 5426407.8739295], [455797.78334283, 5426404.4046165], [455879.39364976, 5426401.7608785], [455879.45473676, 5426416.81952949], [455879.71023676, 5426429.46502948], [455797.48880683, 5426430.72516548], [455729.06083389, 5426434.51948948], [455728.15343689, 5426420.56932949], [455727.00783689, 5426408.9035295]]]",,,102303550,Karlsruhe,2025-10-30T23:00:00Z,2025-10-31T22:59:59Z,Straßenunterhaltung,Südtangente zw. AS 3 und AS 4,Wanderbaustelle,Tiefbauamt,"""kleiner"" Edeltrudtunnel, wechselseitig, beide Fahrtrichtungen betroffen vs. 9:30 Uhr - 11:30 Uhr",mit Verkehrsbehinderung,49247,2025V4349,Stadt Karlsruhe,2025-07-29T22:00:00Z,"POLYGON ((455727.007837 5426408.90353, 455726.900137 5426407.87393, 455797.783343 5426404.404616, 455879.39365 5426401.760878, 455879.454737 5426416.819529, 455879.710237 5426429.465029, 455797.488807 5426430.725165, 455729.060834 5426434.519489, 455728.153437 5426420.569329, 455727.007837 5426408.90353))",57,142,Dammerstock
FeatureCollection,270,270,270,2025-10-06T14:15:33.080Z,name,urn:ogc:def:crs:EPSG::25832,Feature,baustellen_vorschau.102303555,geom,Polygon,"[[[455727.00783689, 5426408.9035295], [455726.90013689, 5426407.8739295], [455797.78334283, 5426404.4046165], [455879.39364976, 5426401.7608785], [455879.45473676, 5426416.81952949], [455879.71023676, 5426429.46502948], [455797.48880683, 5426430.72516548], [455729.06083389, 5426434.51948948], [455728.15343689, 5426420.56932949], [455727.00783689, 5426408.9035295]]]",,,102303555,Karlsruhe,2025-11-27T23:00:00Z,2025-11-28T22:59:59Z,Straßenunterhaltung,Südtangente zw. AS 3 und AS 4,Wanderbaustelle,Tiefbauamt,"""kleiner"" Edeltrudtunnel, wechselseitig, beide Fahrtrichtungen betroffen vs. 9:30 Uhr - 11:30 Uhr",mit Verkehrsbehinderung,49247,2025V4350,Stadt Karlsruhe,2025-07-29T22:00:00Z,"POLYGON ((455727.007837 5426408.90353, 455726.900137 5426407.87393, 455797.783343 5426404.404616, 455879.39365 5426401.760878, 455879.454737 5426416.819529, 455879.710237 5426429.465029, 455797.488807 5426430.725165, 455729.060834 5426434.519489, 455728.153437 5426420.569329, 455727.007837 5426408.90353))",29,141,Weiherfeld
FeatureCollection,270,270,270,2025-10-06T14:15:33.080Z,name,urn:ogc:def:crs:EPSG::25832,Feature,baustellen_vorschau.102303555,geom,Polygon,"[[[455727.00783689, 5426408.9035295], [455726.90013689, 5426407.8739295], [455797.78334283, 5426404.4046165], [455879.39364976, 5426401.7608785], [455879.45473676, 5426416.81952949], [455879.71023676, 5426429.46502948], [455797.48880683, 5426430.72516548], [455729.06083389, 5426434.51948948], [455728.15343689, 5426420.56932949], [455727.00783689, 5426408.9035295]]]",,,102303555,Karlsruhe,2025-11-27T23:00:00Z,2025-11-28T22:59:59Z,Straßenunterhaltung,Südtangente zw. AS 3 und AS 4,Wanderbaustelle,Tiefbauamt,"""kleiner"" Edeltrudtunnel, wechselseitig, beide Fahrtrichtungen betroffen vs. 9:30 Uhr - 11:30 Uhr",mit Verkehrsbehinderung,49247,2025V4350,Stadt Karlsruhe,2025-07-29T22:00:00Z,"POLYGON ((455727.007837 5426408.90353, 455726.900137 5426407.87393, 455797.783343 5426404.404616, 455879.39365 5426401.760878, 455879.454737 5426416.819529, 455879.710237 5426429.465029, 455797.488807 5426430.725165, 455729.060834 5426434.519489, 455728.153437 5426420.569329, 455727.007837 5426408.90353))",57,142,Dammerstock
FeatureCollection,270,270,270,2025-10-06T14:15:33.080Z,name,urn:ogc:def:crs:EPSG::25832,Feature,baustellen_vorschau.102303560,geom,Polygon,"[[[455727.00783689, 5426408.9035295], [455726.90013689, 5426407.8739295], [455797.78334283, 5426404.4046165], [455879.39364976, 5426401.7608785], [455879.45473676, 5426416.81952949], [455879.71023676, 5426429.46502948], [455797.48880683, 5426430.72516548], [455729.06083389, 5426434.51948948], [455728.15343689, 5426420.56932949], [455727.00783689, 5426408.9035295]]]",,,102303560,Karlsruhe,2025-12-25T23:00:00Z,2025-12-26T22:59:59Z,Straßenunterhaltung,Südtangente zw. AS 3 und AS 4,Wanderbaustelle,Tiefbauamt,"""kleiner"" Edeltrudtunnel, wechselseitig, beide Fahrtrichtungen betroffen vs. 9:30 Uhr - 11:30 Uhr",mit Verkehrsbehinderung,49247,2025V4351,Stadt Karlsruhe,2025-07-29T22:00:00Z,"POLYGON ((455727.007837 5426408.90353, 455726.900137 5426407.87393, 455797.783343 5426404.404616, 455879.39365 5426401.760878, 455879.454737 5426416.819529, 455879.710237 5426429.465029, 455797.488807 5426430.725165, 455729.060834 5426434.519489, 455728.153437 5426420.569329, 455727.007837 5426408.90353))",29,141,Weiherfeld
FeatureCollection,270,270,270,2025-10-06T14:15:33.080Z,name,urn:ogc:def:crs:EPSG::25832,Feature,baustellen_vorschau.102303560,geom,Polygon,"[[[455727.00783689, 5426408.9035295], [455726.90013689, 5426407.8739295], [455797.78334283, 5426404.4046165], [455879.39364976, 5426401.7608785], [455879.45473676, 5426416.81952949], [455879.71023676, 5426429.46502948], [455797.48880683, 5426430.72516548], [455729.06083389, 5426434.51948948], [455728.15343689, 5426420.56932949], [455727.00783689, 5426408.9035295]]]",,,102303560,Karlsruhe,2025-12-25T23:00:00Z,2025-12-26T22:59:59Z,Straßenunterhaltung,Südtangente zw. AS 3 und AS 4,Wanderbaustelle,Tiefbauamt,"""kleiner"" Edeltrudtunnel, wechselseitig, beide Fahrtrichtungen betroffen vs. 9:30 Uhr - 11:30 Uhr",mit Verkehrsbehinderung,49247,2025V4351,Stadt Karlsruhe,2025-07-29T22:00:00Z,"POLYGON ((455727.007837 5426408.90353, 455726.900137 5426407.87393, 455797.783343 5426404.404616, 455879.39365 5426401.760878, 455879.454737 5426416.819529, 455879.710237 5426429.465029, 455797.488807 5426430.725165, 455729.060834 5426434.519489, 455728.153437 5426420.569329, 455727.007837 5426408.90353))",57,142,Dammerstock
FeatureCollection,270,270,270,2025-10-06T14:15:33.080Z,name,urn:ogc:def:crs:EPSG::25832,Feature,baustellen_vorschau.102303987,geom,Polygon,"[[[455768.74578087, 5428697.58828915], [455770.78677587, 5428732.85213413], [455771.86396687, 5428751.78802612], [455773.11124087, 5428763.18357711], [455777.62493686, 5428832.02852807], [455777.91165486, 5428836.95673807], [455807.22711984, 5428850.70081606], [455804.64628484, 5428855.75976006], [455779.18052086, 5428844.07357207], [455782.03766386, 5428887.07357204], [455772.22801287, 5428887.68579004], [455769.79191287, 5428843.93074106], [455771.89480687, 5428831.93071507], [455765.81047987, 5428763.70171311], [455764.69859087, 5428749.52197112], [455765.67053487, 5428741.40659812], [455766.70633087, 5428727.91686113], [455766.48542987, 5428719.03658614], [455764.67837287, 5428697.94341015], [455768.74578087, 5428697.58828915]]]",,,102303987,Karlsruhe,2025-10-12T22:00:00Z,2025-12-19T22:59:59Z,Strom bzw. TK-Versorgung,Karlstraße zw. Erbprinzenstraße uz. Stephanienstraße,,Stadtwerke Karlsruhe,"Abwicklung in mehreren Bauabschnitten, Aufteilung nicht vorgenommen. Einmündungnen jederzeit halbseitig frei.",mit Verkehrsbehinderung,50832,2025V4410,Stadt Karlsruhe,2025-07-30T22:00:00Z,"POLYGON ((455768.745781 5428697.588289, 455770.786776 5428732.852134, 455771.863967 5428751.788026, 455773.111241 5428763.183577, 455777.624937 5428832.028528, 455777.911655 5428836.956738, 455807.22712 5428850.700816, 455804.646285 5428855.75976, 455779.180521 5428844.073572, 455782.037664 5428887.073572, 455772.228013 5428887.68579, 455769.791913 5428843.930741, 455771.894807 5428831.930715, 455765.81048 5428763.701713, 455764.698591 5428749.521971, 455765.670535 5428741.406598, 455766.706331 5428727.916861, 455766.48543 5428719.036586, 455764.678373 5428697.94341, 455768.745781 5428697.588289))",14,021,Östlicher Teil
FeatureCollection,270,270,270,2025-10-06T14:15:33.080Z,name,urn:ogc:def:crs:EPSG::25832,Feature,baustellen_vorschau.102303987,geom,Polygon,"[[[455768.74578087, 5428697.58828915], [455770.78677587, 5428732.85213413], [455771.86396687, 5428751.78802612], [455773.11124087, 5428763.18357711], [455777.62493686, 5428832.02852807], [455777.91165486, 5428836.95673807], [455807.22711984, 5428850.70081606], [455804.64628484, 5428855.75976006], [455779.18052086, 5428844.07357207], [455782.03766386, 5428887.07357204], [455772.22801287, 5428887.68579004], [455769.79191287, 5428843.93074106], [455771.89480687, 5428831.93071507], [455765.81047987, 5428763.70171311], [455764.69859087, 5428749.52197112], [455765.67053487, 5428741.40659812], [455766.70633087, 5428727.91686113], [455766.48542987, 5428719.03658614], [455764.67837287, 5428697.94341015], [455768.74578087, 5428697.58828915]]]",,,102303987,Karlsruhe,2025-10-12T22:00:00Z,2025-12-19T22:59:59Z,Strom bzw. TK-Versorgung,Karlstraße zw. Erbprinzenstraße uz. Stephanienstraße,,Stadtwerke Karlsruhe,"Abwicklung in mehreren Bauabschnitten, Aufteilung nicht vorgenommen. Einmündungnen jederzeit halbseitig frei.",mit Verkehrsbehinderung,50832,2025V4410,Stadt Karlsruhe,2025-07-30T22:00:00Z,"POLYGON ((455768.745781 5428697.588289, 455770.786776 5428732.852134, 455771.863967 5428751.788026, 455773.111241 5428763.183577, 455777.624937 5428832.028528, 455777.911655 5428836.956738, 455807.22712 5428850.700816, 455804.646285 5428855.75976, 455779.180521 5428844.073572, 455782.037664 5428887.073572, 455772.228013 5428887.68579, 455769.791913 5428843.930741, 455771.894807 5428831.930715, 455765.81048 5428763.701713, 455764.698591 5428749.521971, 455765.670535 5428741.406598, 455766.706331 5428727.916861, 455766.48543 5428719.036586, 455764.678373 5428697.94341, 455768.745781 5428697.588289))",43,022,Westlicher Teil
FeatureCollection,270,270,270,2025-10-06T14:15:33.080Z,name,urn:ogc:def:crs:EPSG::25832,Feature,baustellen_vorschau.102305640,geom,Polygon,"[[[453250.59968997, 5429447.92635371], [453252.32468797, 5429437.35954772], [453256.39790897, 5429416.88433373], [453256.17795897, 5429415.06119873], [453254.89916897, 5429412.98599674], [453238.31045398, 5429403.23374774], [453243.07132598, 5429394.98737874], [453256.96043897, 5429403.01312774], [453260.77924697, 5429395.34425375], [453272.72383395, 5429397.78211075], [453260.91969797, 5429452.68661271], [453250.59968997, 5429447.92635371]]]",,,102305640,Karlsruhe,2025-10-17T22:00:00Z,2026-01-30T22:59:59Z,Straßenbau,Neugrabenstraße zw. Steubenstraße und Hardtstraße,,Tiefbauamt,,mit Vollsperrung,19346,2025V4606,Stadt Karlsruhe,2025-09-08T22:00:00Z,"POLYGON ((453250.59969 5429447.926354, 453252.324688 5429437.359548, 453256.397909 5429416.884334, 453256.177959 5429415.061199, 453254.899169 5429412.985997, 453238.310454 5429403.233748, 453243.071326 5429394.987379, 453256.960439 5429403.013128, 453260.779247 5429395.344254, 453272.723834 5429397.782111, 453260.919698 5429452.686613, 453250.59969 5429447.926354))",64,081,Alt-Mühlburg
FeatureCollection,270,270,270,2025-10-06T14:15:33.080Z,name,urn:ogc:def:crs:EPSG::25832,Feature,baustellen_vorschau.102305723,geom,Polygon,"[[[453266.16217796, 5429494.71942869], [453264.18230196, 5429498.49919168], [453227.64459099, 5429478.8804207], [453230.88438799, 5429474.9206687], [453238.80389198, 5429479.2403987], [453242.04368898, 5429478.7004317], [453244.74351998, 5429476.1805897], [453246.54340698, 5429467.9011087], [453250.86313597, 5429447.92236072], [453262.56240296, 5429450.62219171], [453254.82288797, 5429486.97991369], [453256.26279797, 5429489.31976669], [453266.16217796, 5429494.71942869]]]",,,102305723,Karlsruhe,2025-10-17T22:00:00Z,2026-01-30T22:59:59Z,Straßenbau,Neugrabenstraße zw. Steubenstraße und Hardtstraße,,Tiefbauamt,,mit Vollsperrung,19346,2025V4607,Stadt Karlsruhe,2025-09-08T22:00:00Z,"POLYGON ((453266.162178 5429494.719429, 453264.182302 5429498.499192, 453227.644591 5429478.880421, 453230.884388 5429474.920669, 453238.803892 5429479.240399, 453242.043689 5429478.700432, 453244.74352 5429476.18059, 453246.543407 5429467.901109, 453250.863136 5429447.922361, 453262.562403 5429450.622192, 453254.822888 5429486.979914, 453256.262798 5429489.319767, 453266.162178 5429494.719429))",64,081,Alt-Mühlburg
FeatureCollection,270,270,270,2025-10-06T14:15:33.080Z,name,urn:ogc:def:crs:EPSG::25832,Feature,baustellen_vorschau.102307732,geom,Polygon,"[[[460466.94555695, 5427542.46479382], [460467.84549995, 5427540.93489082], [460469.19541394, 5427539.85495882], [460469.64538594, 5427537.51510782], [460469.91536794, 5427535.89521082], [460469.73537994, 5427534.45530182], [460472.70519094, 5427533.10538782], [460474.77505994, 5427535.35524482], [460484.13446593, 5427548.85438781], [460480.26471094, 5427550.92425581], [460476.21496794, 5427548.58440481], [460471.89524294, 5427548.94438181], [460466.94555695, 5427542.46479382]]]",,,102307732,Karlsruhe,2025-10-06T22:00:00Z,2026-01-16T22:59:59Z,Gas bzw. Wasserversorgung,Raiherwiesenstraße Höhe Bleichstraße,,Stadtwerke Karlsruhe,"1-streifige Verkehrsführung, Aufteilung nicht vorgenommen",mit Verkehrsbehinderung,41073,2025V4854,Stadt Karlsruhe,2025-08-27T22:00:00Z,"POLYGON ((460466.945557 5427542.464794, 460467.8455 5427540.934891, 460469.195414 5427539.854959, 460469.645386 5427537.515108, 460469.915368 5427535.895211, 460469.73538 5427534.455302, 460472.705191 5427533.105388, 460474.77506 5427535.355245, 460484.134466 5427548.854388, 460480.264711 5427550.924256, 460476.214968 5427548.584405, 460471.895243 5427548.944382, 460466.945557 5427542.464794))",67,191,Alt-Durlach
FeatureCollection,270,270,270,2025-10-06T14:15:33.080Z,name,urn:ogc:def:crs:EPSG::25832,Feature,baustellen_vorschau.102307787,geom,Polygon,"[[[449384.30207822, 5431748.22529336], [449380.90050722, 5431751.40009336], [449334.63913626, 5431755.02843636], [449306.06593628, 5431759.11032236], [449260.25810732, 5431766.82055035], [449249.82662133, 5431773.85046535], [449200.84399337, 5431784.05517935], [449157.0771074, 5431791.31186534], [449077.25356447, 5431807.18586533], [449076.80002147, 5431800.60949334], [449159.3448214, 5431783.60163634], [449246.65182133, 5431766.14023636], [449296.76830729, 5431756.38906536], [449344.39030725, 5431750.49300836], [449384.30207822, 5431748.22529336]]]",,,102307787,Karlsruhe,2025-11-09T23:00:00Z,2025-11-13T22:59:59Z,Bauwerksprüfung,Rheinbrücke zw. AS 11 und Maximiliansau,Stationäre Baustelle,Land  Baden - Württemberg,1-streifige Verkehrsführung in Fahrtrichtung Landau,mit Verkehrsbehinderung,31303,2025V4862,Stadt Karlsruhe,2025-09-30T22:00:00Z,"POLYGON ((449384.302078 5431748.225293, 449380.900507 5431751.400093, 449334.639136 5431755.028436, 449306.065936 5431759.110322, 449260.258107 5431766.82055, 449249.826621 5431773.850465, 449200.843993 5431784.055179, 449157.077107 5431791.311865, 449077.253564 5431807.185865, 449076.800021 5431800.609493, 449159.344821 5431783.601636, 449246.651821 5431766.140236, 449296.768307 5431756.389065, 449344.390307 5431750.493008, 449384.302078 5431748.225293))",39,102,Neu-Knielingen
FeatureCollection,270,270,270,2025-10-06T14:15:33.080Z,name,urn:ogc:def:crs:EPSG::25832,Feature,baustellen_vorschau.102307832,geom,Polygon,"[[[456720.35651407, 5427424.6293789], [456719.92794207, 5427414.3436649], [456717.64222807, 5427411.62937891], [456720.21365707, 5427332.77223595], [456727.21365706, 5427332.62937895], [456724.49937106, 5427419.6293789], [456726.07080006, 5427422.7722359], [456727.64222806, 5427424.6293789], [456720.35651407, 5427424.6293789]]]",,,102307832,Karlsruhe,2025-10-12T22:00:00Z,2025-12-19T22:59:59Z,Fernwärmeversorgung,Marienstraße zw. Nebeniusstraße und Winterstraße,,Stadtwerke Karlsruhe,Abwicklung in zwei Bauabschnitten,mit Vollsperrung,43895,2023V5962,Stadt Karlsruhe,2025-09-30T22:00:00Z,"POLYGON ((456720.356514 5427424.629379, 456719.927942 5427414.343665, 456717.642228 5427411.629379, 456720.213657 5427332.772236, 456727.213657 5427332.629379, 456724.499371 5427419.629379, 456726.0708 5427422.772236, 456727.642228 5427424.629379, 456720.356514 5427424.629379))",16,032,Südlicher Teil
FeatureCollection,270,270,270,2025-10-06T14:15:33.080Z,name,urn:ogc:def:crs:EPSG::25832,Feature,baustellen_vorschau.102308258,geom,Polygon,"[[[463158.39816071, 5428455.39152727], [463156.26063071, 5428442.48062828], [463152.67813071, 5428430.96082829], [463149.18753072, 5428418.00822829], [463145.56823072, 5428402.9258283], [463142.20840072, 5428388.64424931], [463143.26177472, 5428379.07610432], [463143.97597272, 5428371.98601232], [463144.87003072, 5428360.34462833], [463146.88558772, 5428361.46807533], [463148.58348072, 5428362.41446033], [463151.66903071, 5428364.11852832], [463156.63825671, 5428366.90409432], [463158.43399771, 5428367.90501932], [463153.22720971, 5428372.31225832], [463150.99097671, 5428379.63350032], [463150.65558471, 5428386.96001131], [463150.36153971, 5428393.38329731], [463150.41593071, 5428399.9102283], [463153.43303071, 5428410.3750283], [463154.82303071, 5428410.4811283], [463162.18123071, 5428439.39652828], [463166.0200307, 5428454.61722827], [463158.39816071, 5428455.39152727]]]",,,102308258,Karlsruhe,2025-10-26T23:00:00Z,2025-11-28T22:59:59Z,Straßenbau,Schultheiß-Kiefer-Straße zw. Friedrichstraße und Rauhausplatz/ Niddaplatz,,Tiefbauamt,,mit Vollsperrung,19218,2025V4935,Stadt Karlsruhe,2025-09-01T22:00:00Z,"POLYGON ((463158.398161 5428455.391527, 463156.260631 5428442.480628, 463152.678131 5428430.960828, 463149.187531 5428418.008228, 463145.568231 5428402.925828, 463142.208401 5428388.644249, 463143.261775 5428379.076104, 463143.975973 5428371.986012, 463144.870031 5428360.344628, 463146.885588 5428361.468075, 463148.583481 5428362.41446, 463151.669031 5428364.118528, 463156.638257 5428366.904094, 463158.433998 5428367.905019, 463153.22721 5428372.312258, 463150.990977 5428379.6335, 463150.655585 5428386.960011, 463150.36154 5428393.383297, 463150.415931 5428399.910228, 463153.433031 5428410.375028, 463154.823031 5428410.481128, 463162.181231 5428439.396528, 463166.020031 5428454.617228, 463158.398161 5428455.391527))",51,201,Nördlich der Pfinz
FeatureCollection,270,270,270,2025-10-06T14:15:33.080Z,name,urn:ogc:def:crs:EPSG::25832,Feature,baustellen_vorschau.102308373,geom,Polygon,"[[[455878.36454179, 5430295.01241021], [455882.65025579, 5430237.29812424], [455876.93596979, 5430226.44098125], [455868.0788268, 5430219.86955325], [455859.5073988, 5430214.15526725], [455840.07882682, 5430200.72669626], [455849.50739881, 5430186.15526727], [455882.93596978, 5430204.72669626], [455888.65025578, 5430200.72669626], [455892.36454178, 5430167.58383928], [455913.50739876, 5430174.44098128], [455914.65025576, 5430206.15526726], [455923.50739875, 5430219.29812425], [455940.07882674, 5430230.72669624], [455956.07882672, 5430242.44098124], [455953.50739873, 5430263.01241022], [455928.36454175, 5430253.58383923], [455914.07882676, 5430254.72669623], [455905.22168377, 5430263.01241022], [455900.65025577, 5430297.5838392], [455878.36454179, 5430295.01241021]]]",,,102308373,Karlsruhe,2025-10-25T22:00:00Z,2025-10-26T22:59:59Z,Strom bzw. TK-Versorgung,Adenauerring/ Willy-Brandt-Allee,,Tiefbauamt,"Signaltechnische Arbeiten im Kreuzungsbereich, vs. 9:00 Uhr - 12:00 Uhr",mit Verkehrsbehinderung,49247,2025V4949,Stadt Karlsruhe,2025-09-01T22:00:00Z,"POLYGON ((455878.364542 5430295.01241, 455882.650256 5430237.298124, 455876.93597 5430226.440981, 455868.078827 5430219.869553, 455859.507399 5430214.155267, 455840.078827 5430200.726696, 455849.507399 5430186.155267, 455882.93597 5430204.726696, 455888.650256 5430200.726696, 455892.364542 5430167.583839, 455913.507399 5430174.440981, 455914.650256 5430206.155267, 455923.507399 5430219.298124, 455940.078827 5430230.726696, 455956.078827 5430242.440981, 455953.507399 5430263.01241, 455928.364542 5430253.583839, 455914.078827 5430254.726696, 455905.221684 5430263.01241, 455900.650256 5430297.583839, 455878.364542 5430295.01241))",43,022,Westlicher Teil
FeatureCollection,270,270,270,2025-10-06T14:15:33.080Z,name,urn:ogc:def:crs:EPSG::25832,Feature,baustellen_vorschau.102308373,geom,Polygon,"[[[455878.36454179, 5430295.01241021], [455882.65025579, 5430237.29812424], [455876.93596979, 5430226.44098125], [455868.0788268, 5430219.86955325], [455859.5073988, 5430214.15526725], [455840.07882682, 5430200.72669626], [455849.50739881, 5430186.15526727], [455882.93596978, 5430204.72669626], [455888.65025578, 5430200.72669626], [455892.36454178, 5430167.58383928], [455913.50739876, 5430174.44098128], [455914.65025576, 5430206.15526726], [455923.50739875, 5430219.29812425], [455940.07882674, 5430230.72669624], [455956.07882672, 5430242.44098124], [455953.50739873, 5430263.01241022], [455928.36454175, 5430253.58383923], [455914.07882676, 5430254.72669623], [455905.22168377, 5430263.01241022], [455900.65025577, 5430297.5838392], [455878.36454179, 5430295.01241021]]]",,,102308373,Karlsruhe,2025-10-25T22:00:00Z,2025-10-26T22:59:59Z,Strom bzw. TK-Versorgung,Adenauerring/ Willy-Brandt-Allee,,Tiefbauamt,"Signaltechnische Arbeiten im Kreuzungsbereich, vs. 9:00 Uhr - 12:00 Uhr",mit Verkehrsbehinderung,49247,2025V4949,Stadt Karlsruhe,2025-09-01T22:00:00Z,"POLYGON ((455878.364542 5430295.01241, 455882.650256 5430237.298124, 455876.93597 5430226.440981, 455868.078827 5430219.869553, 455859.507399 5430214.155267, 455840.078827 5430200.726696, 455849.507399 5430186.155267, 455882.93597 5430204.726696, 455888.650256 5430200.726696, 455892.364542 5430167.583839, 455913.507399 5430174.440981, 455914.650256 5430206.155267, 455923.507399 5430219.298124, 455940.078827 5430230.726696, 455956.078827 5430242.440981, 455953.507399 5430263.01241, 455928.364542 5430253.583839, 455914.078827 5430254.726696, 455905.221684 5430263.01241, 455900.650256 5430297.583839, 455878.364542 5430295.01241))",11,272,Amerikanersiedlung
FeatureCollection,270,270,270,2025-10-06T14:15:33.080Z,name,urn:ogc:def:crs:EPSG::25832,Feature,baustellen_vorschau.102308376,geom,Polygon,"[[[460302.85811007, 5425053.09603628], [460323.11335705, 5425078.52319026], [460318.11335705, 5425082.09461926], [460299.14382407, 5425056.95317927], [460302.85811007, 5425053.09603628]]]",,,102308376,Karlsruhe,2025-10-26T23:00:00Z,2025-11-09T22:59:59Z,Bauliche Sondernutzung,Hangstraße zw. Siebenmannstraße und Maiblumenstraße,,Privat,vs 1 Woche,mit Vollsperrung,52549,2025V4951,Stadt Karlsruhe,2025-09-01T22:00:00Z,"POLYGON ((460302.85811 5425053.096036, 460323.113357 5425078.52319, 460318.113357 5425082.094619, 460299.143824 5425056.953179, 460302.85811 5425053.096036))",20,231,Wolfertsweier
FeatureCollection,270,270,270,2025-10-06T14:15:33.080Z,name,urn:ogc:def:crs:EPSG::25832,Feature,baustellen_vorschau.102308766,geom,Polygon,"[[[461599.44537598, 5424493.7058426], [461602.86515898, 5424486.14632261], [461613.66447297, 5424457.70812762], [461617.53422797, 5424452.03848762], [461622.93388496, 5424449.15867063], [461625.81370196, 5424443.39903663], [461632.11330196, 5424426.84008764], [461637.78294195, 5424428.01001364], [461630.22342196, 5424450.50858563], [461626.26367296, 5424456.98817362], [461627.52359296, 5424457.97811062], [461616.27430797, 5424488.3961796], [461614.29443297, 5424490.2860596], [461601.96521598, 5424495.3257396], [461599.44537598, 5424493.7058426]]]",,,102308766,Karlsruhe,2026-02-01T23:00:00Z,2026-04-06T21:59:59Z,Haltestellenumbau mit Straßenumgestaltung,K9652/ Tiefentalstraße zw. Straße des Roten Kreuzes und Am Lustgarten,,Tiefbauamt,1-streifige Verkehrsführung mit Lichtsignal,mit Verkehrsbehinderung,31032,2025V5000,Stadt Karlsruhe,2025-09-02T22:00:00Z,"POLYGON ((461599.445376 5424493.705843, 461602.865159 5424486.146323, 461613.664473 5424457.708128, 461617.534228 5424452.038488, 461622.933885 5424449.158671, 461625.813702 5424443.399037, 461632.113302 5424426.840088, 461637.782942 5424428.010014, 461630.223422 5424450.508586, 461626.263673 5424456.988174, 461627.523593 5424457.978111, 461616.274308 5424488.39618, 461614.294433 5424490.28606, 461601.965216 5424495.32574, 461599.445376 5424493.705843))",19,221,Hohenwettersbach
FeatureCollection,270,270,270,2025-10-06T14:15:33.080Z,name,urn:ogc:def:crs:EPSG::25832,Feature,baustellen_vorschau.102308766,geom,Polygon,"[[[461599.44537598, 5424493.7058426], [461602.86515898, 5424486.14632261], [461613.66447297, 5424457.70812762], [461617.53422797, 5424452.03848762], [461622.93388496, 5424449.15867063], [461625.81370196, 5424443.39903663], [461632.11330196, 5424426.84008764], [461637.78294195, 5424428.01001364], [461630.22342196, 5424450.50858563], [461626.26367296, 5424456.98817362], [461627.52359296, 5424457.97811062], [461616.27430797, 5424488.3961796], [461614.29443297, 5424490.2860596], [461601.96521598, 5424495.3257396], [461599.44537598, 5424493.7058426]]]",,,102308766,Karlsruhe,2026-02-01T23:00:00Z,2026-04-06T21:59:59Z,Haltestellenumbau mit Straßenumgestaltung,K9652/ Tiefentalstraße zw. Straße des Roten Kreuzes und Am Lustgarten,,Tiefbauamt,1-streifige Verkehrsführung mit Lichtsignal,mit Verkehrsbehinderung,31032,2025V5000,Stadt Karlsruhe,2025-09-02T22:00:00Z,"POLYGON ((461599.445376 5424493.705843, 461602.865159 5424486.146323, 461613.664473 5424457.708128, 461617.534228 5424452.038488, 461622.933885 5424449.158671, 461625.813702 5424443.399037, 461632.113302 5424426.840088, 461637.782942 5424428.010014, 461630.223422 5424450.508586, 461626.263673 5424456.988174, 461627.523593 5424457.978111, 461616.274308 5424488.39618, 461614.294433 5424490.28606, 461601.965216 5424495.32574, 461599.445376 5424493.705843))",27,194,Bergwald
FeatureCollection,270,270,270,2025-10-06T14:15:33.080Z,name,urn:ogc:def:crs:EPSG::25832,Feature,baustellen_vorschau.102308770,geom,Polygon,"[[[461632.11330196, 5424490.4660476], [461632.20329596, 5424492.5359166], [461629.59346196, 5424492.4459226], [461625.18374196, 5424491.9059566], [461614.02444997, 5424490.1060706], [461611.68459897, 5424489.1161336], [461611.77459297, 5424486.14632261], [461612.49454797, 5424483.17651061], [461614.02444997, 5424478.94677961], [461617.44423297, 5424471.74723661], [461623.47384996, 5424461.21790562], [461628.06355896, 5424454.46833362], [461632.83325596, 5424442.40909963], [461638.23291295, 5424425.67016264], [461642.46264495, 5424427.29005964], [461626.35366796, 5424476.96690561], [461624.28379896, 5424484.79640761], [461624.37379296, 5424486.86627661], [461625.81370196, 5424488.84615061], [461627.43359896, 5424490.1060706], [461629.41347296, 5424490.6460366], [461632.11330196, 5424490.4660476]]]",,,102308770,Karlsruhe,2026-04-06T22:00:00Z,2026-05-29T21:59:59Z,Haltestellenumbau mit Straßenumgestaltung,K9652/ Tiefentalstraße zw. Zweibrückener Straße und Rehbuckel,,Tiefbauamt,1-streifige Verkehrsführung mit Lichtsignal,mit Verkehrsbehinderung,31032,2025V5001,Stadt Karlsruhe,2025-09-02T22:00:00Z,"POLYGON ((461632.113302 5424490.466048, 461632.203296 5424492.535917, 461629.593462 5424492.445923, 461625.183742 5424491.905957, 461614.02445 5424490.106071, 461611.684599 5424489.116134, 461611.774593 5424486.146323, 461612.494548 5424483.176511, 461614.02445 5424478.94678, 461617.444233 5424471.747237, 461623.47385 5424461.217906, 461628.063559 5424454.468334, 461632.833256 5424442.4091, 461638.232913 5424425.670163, 461642.462645 5424427.29006, 461626.353668 5424476.966906, 461624.283799 5424484.796408, 461624.373793 5424486.866277, 461625.813702 5424488.846151, 461627.433599 5424490.106071, 461629.413473 5424490.646037, 461632.113302 5424490.466048))",19,221,Hohenwettersbach
FeatureCollection,270,270,270,2025-10-06T14:15:33.080Z,name,urn:ogc:def:crs:EPSG::25832,Feature,baustellen_vorschau.102308770,geom,Polygon,"[[[461632.11330196, 5424490.4660476], [461632.20329596, 5424492.5359166], [461629.59346196, 5424492.4459226], [461625.18374196, 5424491.9059566], [461614.02444997, 5424490.1060706], [461611.68459897, 5424489.1161336], [461611.77459297, 5424486.14632261], [461612.49454797, 5424483.17651061], [461614.02444997, 5424478.94677961], [461617.44423297, 5424471.74723661], [461623.47384996, 5424461.21790562], [461628.06355896, 5424454.46833362], [461632.83325596, 5424442.40909963], [461638.23291295, 5424425.67016264], [461642.46264495, 5424427.29005964], [461626.35366796, 5424476.96690561], [461624.28379896, 5424484.79640761], [461624.37379296, 5424486.86627661], [461625.81370196, 5424488.84615061], [461627.43359896, 5424490.1060706], [461629.41347296, 5424490.6460366], [461632.11330196, 5424490.4660476]]]",,,102308770,Karlsruhe,2026-04-06T22:00:00Z,2026-05-29T21:59:59Z,Haltestellenumbau mit Straßenumgestaltung,K9652/ Tiefentalstraße zw. Zweibrückener Straße und Rehbuckel,,Tiefbauamt,1-streifige Verkehrsführung mit Lichtsignal,mit Verkehrsbehinderung,31032,2025V5001,Stadt Karlsruhe,2025-09-02T22:00:00Z,"POLYGON ((461632.113302 5424490.466048, 461632.203296 5424492.535917, 461629.593462 5424492.445923, 461625.183742 5424491.905957, 461614.02445 5424490.106071, 461611.684599 5424489.116134, 461611.774593 5424486.146323, 461612.494548 5424483.176511, 461614.02445 5424478.94678, 461617.444233 5424471.747237, 461623.47385 5424461.217906, 461628.063559 5424454.468334, 461632.833256 5424442.4091, 461638.232913 5424425.670163, 461642.462645 5424427.29006, 461626.353668 5424476.966906, 461624.283799 5424484.796408, 461624.373793 5424486.866277, 461625.813702 5424488.846151, 461627.433599 5424490.106071, 461629.413473 5424490.646037, 461632.113302 5424490.466048))",27,194,Bergwald
FeatureCollection,270,270,270,2025-10-06T14:15:33.080Z,name,urn:ogc:def:crs:EPSG::25832,Feature,baustellen_vorschau.102309276,geom,Polygon,"[[[456616.06589816, 5428658.34070217], [456631.37335615, 5428610.7741962], [456631.40912315, 5428602.4228162], [456623.85304616, 5428603.0706262], [456623.77632116, 5428599.6621162], [456635.68212115, 5428599.3219502], [456637.32625614, 5428593.25566221], [456641.45108414, 5428594.72894721], [456620.86920216, 5428659.96777417], [456616.06589816, 5428658.34070217]]]",,,102309276,Karlsruhe,2026-01-11T23:00:00Z,2026-03-31T21:59:59Z,Fernwärmeversorgung,Adlerstraße zw. Zähringerstraße u. Kaiserstraße,,Stadtwerke Karlsruhe,Abwicklung in mehreren Bauabschnitten,mit Sperrung in eine Fahrtrichtung,34637,2025V5076,Stadt Karlsruhe,2025-09-10T22:00:00Z,"POLYGON ((456616.065898 5428658.340702, 456631.373356 5428610.774196, 456631.409123 5428602.422816, 456623.853046 5428603.070626, 456623.776321 5428599.662116, 456635.682121 5428599.32195, 456637.326256 5428593.255662, 456641.451084 5428594.728947, 456620.869202 5428659.967774, 456616.065898 5428658.340702))",15,012,Südwestlicher Teil
FeatureCollection,270,270,270,2025-10-06T14:15:33.080Z,name,urn:ogc:def:crs:EPSG::25832,Feature,baustellen_vorschau.102309603,geom,Polygon,"[[[460323.11335705, 5425078.52319026], [460318.38334105, 5425082.58958726], [460285.94810708, 5425044.40295628], [460290.41131108, 5425040.39814229], [460323.11335705, 5425078.52319026]]]",,,102309603,Karlsruhe,2025-10-26T23:00:00Z,2025-10-31T22:59:59Z,Bauliche Sondernutzung,Hangstraße zw. Siebenmannstraße und Maiblumenstraße,,Privat,,mit Vollsperrung,52880,2025V5088,Stadt Karlsruhe,2025-09-07T22:00:00Z,"POLYGON ((460323.113357 5425078.52319, 460318.383341 5425082.589587, 460285.948107 5425044.402956, 460290.411311 5425040.398142, 460323.113357 5425078.52319))",20,231,Wolfertsweier
FeatureCollection,270,270,270,2025-10-06T14:15:33.080Z,name,urn:ogc:def:crs:EPSG::25832,Feature,baustellen_vorschau.102309653,geom,Polygon,"[[[453922.64029841, 5428907.77319703], [453921.82833841, 5428906.04042803], [453921.66853841, 5428905.21032803], [453921.95773841, 5428904.58612803], [453922.56273841, 5428904.18642803], [453923.23380941, 5428903.98819403], [453945.06897439, 5428900.31651803], [453966.93182237, 5428897.93871404], [453988.58973735, 5428895.76816804], [454010.36205034, 5428893.85642404], [454033.70076032, 5428892.27142304], [454064.32826929, 5428889.66165104], [454101.44464426, 5428886.75313604], [454138.31537123, 5428883.69622905], [454170.9191162, 5428881.35405805], [454193.04450118, 5428880.50393605], [454203.18608818, 5428880.24460205], [454213.78003017, 5428880.45512205], [454239.30401215, 5428881.37179905], [454243.70932514, 5428881.57791504], [454244.19433814, 5428882.01152805], [454244.42845914, 5428882.47137705], [454244.33480714, 5428883.01313604], [454244.00682214, 5428883.32099105], [454238.95249615, 5428885.77080004], [454198.28629318, 5428889.00365104], [454122.59180324, 5428895.18855904], [454050.1968943, 5428900.47607904], [453992.72737935, 5428905.45557903], [453948.58164939, 5428908.62773103], [453932.4908534, 5428908.77351503], [453923.88757241, 5428908.05666803], [453922.64029841, 5428907.77319703]]]",,,102309653,Karlsruhe,2025-11-16T23:00:00Z,2025-12-19T22:59:59Z,Straßenbau,Anliegerstraße Kaiserallee zw. Blücherstraße und Händelstraße,,Gartenbauamt,Parkplätze Abschnittsweise gesperrt,mit Verkehrsbehinderung,52885,2025V5096,Stadt Karlsruhe,2025-09-08T22:00:00Z,"POLYGON ((453922.640298 5428907.773197, 453921.828338 5428906.040428, 453921.668538 5428905.210328, 453921.957738 5428904.586128, 453922.562738 5428904.186428, 453923.233809 5428903.988194, 453945.068974 5428900.316518, 453966.931822 5428897.938714, 453988.589737 5428895.768168, 454010.36205 5428893.856424, 454033.70076 5428892.271423, 454064.328269 5428889.661651, 454101.444644 5428886.753136, 454138.315371 5428883.696229, 454170.919116 5428881.354058, 454193.044501 5428880.503936, 454203.186088 5428880.244602, 454213.78003 5428880.455122, 454239.304012 5428881.371799, 454243.709325 5428881.577915, 454244.194338 5428882.011528, 454244.428459 5428882.471377, 454244.334807 5428883.013136, 454244.006822 5428883.320991, 454238.952496 5428885.7708, 454198.286293 5428889.003651, 454122.591803 5428895.188559, 454050.196894 5428900.476079, 453992.727379 5428905.455579, 453948.581649 5428908.627731, 453932.490853 5428908.773515, 453923.887572 5428908.056668, 453922.640298 5428907.773197))",8,051,Mittlerer Teil
FeatureCollection,270,270,270,2025-10-06T14:15:33.080Z,name,urn:ogc:def:crs:EPSG::25832,Feature,baustellen_vorschau.102309897,geom,Polygon,"[[[463022.91240783, 5429250.6858828], [463018.26954983, 5429256.9001678], [463009.26954984, 5429256.2573108], [463010.05526484, 5429241.25731081], [463022.91240783, 5429250.6858828]]]",,,102309897,Karlsruhe,2026-03-29T22:00:00Z,2026-05-31T21:59:59Z,Gas bzw. Wasserversorgung,Bruchwaldstraße zw. Werrabronner Straße und B3/ Beunstraße,,Stadtwerke Karlsruhe,,mit Vollsperrung,35679,2025V5142,Stadt Karlsruhe,2025-09-08T22:00:00Z,"POLYGON ((463022.912408 5429250.685883, 463018.26955 5429256.900168, 463009.26955 5429256.257311, 463010.055265 5429241.257311, 463022.912408 5429250.685883))",51,201,Nördlich der Pfinz
FeatureCollection,270,270,270,2025-10-06T14:15:33.080Z,name,urn:ogc:def:crs:EPSG::25832,Feature,baustellen_vorschau.102309900,geom,Polygon,"[[[455014.34363648, 5426650.75421536], [455009.12521949, 5426652.44371335], [454986.02693751, 5426581.0180294], [454982.68063751, 5426566.55462941], [454976.66873751, 5426545.38842942], [454972.54195652, 5426534.70343243], [454964.89588652, 5426517.25043943], [454970.34530352, 5426514.74089544], [454983.32589351, 5426546.05827342], [454990.3165375, 5426565.34932941], [454990.8430115, 5426572.5648684], [454992.5853925, 5426571.7963224], [454994.0305375, 5426575.0726294], [454993.0428375, 5426576.0693294], [454992.1225375, 5426577.6665294], [454991.6885375, 5426579.6918294], [455014.34363648, 5426650.75421536]]]",,,102309900,Karlsruhe,2026-02-28T23:00:00Z,2026-05-31T21:59:59Z,Haltestellenumbau mit Straßenumgestaltung,Litzenhardtsatrße zw. St.-Florian-Straße und Breite Straße,,Tiefbauamt,"Abwicklung in mehreren Bauabschnitten, Aufteilung nicht vorgenommen, Dauer der Vollsperrung ca. 5 Wochen",mit Vollsperrung,35548,2021V5742,Stadt Karlsruhe,2025-09-08T22:00:00Z,"POLYGON ((455014.343636 5426650.754215, 455009.125219 5426652.443713, 454986.026938 5426581.018029, 454982.680638 5426566.554629, 454976.668738 5426545.388429, 454972.541957 5426534.703432, 454964.895887 5426517.250439, 454970.345304 5426514.740895, 454983.325894 5426546.058273, 454990.316538 5426565.349329, 454990.843012 5426572.564868, 454992.585392 5426571.796322, 454994.030538 5426575.072629, 454993.042838 5426576.069329, 454992.122538 5426577.666529, 454991.688538 5426579.691829, 455014.343636 5426650.754215))",0,132,Bulach
FeatureCollection,270,270,270,2025-10-06T14:15:33.080Z,name,urn:ogc:def:crs:EPSG::25832,Feature,baustellen_vorschau.102310152,geom,Polygon,"[[[456080.32516464, 5433223.56460047], [456086.10099364, 5433222.84343047], [456090.06221763, 5433254.16490145], [456081.41634564, 5433255.38944145], [456066.43033665, 5433256.12072545], [456040.89753667, 5433257.67242545], [456017.19373669, 5433258.21522545], [455992.61043671, 5433257.80642545], [455964.82703674, 5433256.72952545], [455939.51742676, 5433254.75231145], [455902.27732779, 5433250.98618145], [455891.7445618, 5433250.22895545], [455889.7062098, 5433251.58178945], [455886.2776568, 5433248.79848845], [455887.1705138, 5433245.94134545], [455888.6883708, 5433244.15563145], [455892.1580758, 5433243.76309945], [455895.1099368, 5433245.84032545], [455916.63061978, 5433248.12359645], [455942.17248276, 5433250.83350145], [455972.70103673, 5433252.87262545], [456006.7192367, 5433253.93362545], [456034.93353668, 5433253.69862545], [456079.07973664, 5433251.02352545], [456081.66708664, 5433250.13515445], [456082.76327264, 5433248.79666945], [456083.20823664, 5433247.12482545], [456080.32516464, 5433223.56460047]]]",,,102310152,Karlsruhe,2025-11-02T23:00:00Z,2026-05-29T21:59:59Z,Kanalbau,Lärchenweg zwischen Donauschwabenstraße und Zehntwaldstraße,,Tiefbauamt,Aufteilung nicht vorgenommen,mit Vollsperrung,51233,2025V5157,Stadt Karlsruhe,2025-09-08T22:00:00Z,"POLYGON ((456080.325165 5433223.5646, 456086.100994 5433222.84343, 456090.062218 5433254.164901, 456081.416346 5433255.389441, 456066.430337 5433256.120725, 456040.897537 5433257.672425, 456017.193737 5433258.215225, 455992.610437 5433257.806425, 455964.827037 5433256.729525, 455939.517427 5433254.752311, 455902.277328 5433250.986181, 455891.744562 5433250.228955, 455889.70621 5433251.581789, 455886.277657 5433248.798488, 455887.170514 5433245.941345, 455888.688371 5433244.155631, 455892.158076 5433243.763099, 455895.109937 5433245.840325, 455916.63062 5433248.123596, 455942.172483 5433250.833501, 455972.701037 5433252.872625, 456006.719237 5433253.933625, 456034.933537 5433253.698625, 456079.079737 5433251.023525, 456081.667087 5433250.135154, 456082.763273 5433248.796669, 456083.208237 5433247.124825, 456080.325165 5433223.5646))",48,263,Kirchfeld
FeatureCollection,270,270,270,2025-10-06T14:15:33.080Z,name,urn:ogc:def:crs:EPSG::25832,Feature,baustellen_vorschau.102310515,geom,Polygon,"[[[455666.71427995, 5427609.05300879], [455666.14735095, 5427601.1160088], [455662.51900895, 5427598.2813658], [455661.04499395, 5427586.1490948], [455659.91113695, 5427584.6750808], [455607.98048, 5427588.8703518], [455574.53169402, 5427591.3648378], [455553.32856604, 5427592.4986948], [455553.32856604, 5427591.8183808], [455626.12219398, 5427586.0357088], [455659.91113695, 5427583.42783781], [455657.87019395, 5427561.31762382], [455659.57097995, 5427561.31762382], [455661.49853695, 5427583.65460881], [455662.63239395, 5427586.9427948], [455663.99302295, 5427597.7144378], [455666.14735095, 5427599.4152238], [455667.50797995, 5427600.7758518], [455667.73475095, 5427609.27978079], [455666.71427995, 5427609.05300879]]]",,,102310515,Karlsruhe,2025-10-13T22:00:00Z,2025-11-13T22:59:59Z,Strom bzw. TK-Versorgung,Vorholzstraße zw. Hirschstraße und Karlstraße,,Stadtwerke Karlsruhe,Aufteilung nicht vorgenommen,mit Verkehrsbehinderung,52948,2025V5200,Stadt Karlsruhe,2025-09-11T22:00:00Z,"POLYGON ((455666.71428 5427609.053009, 455666.147351 5427601.116009, 455662.519009 5427598.281366, 455661.044994 5427586.149095, 455659.911137 5427584.675081, 455607.98048 5427588.870352, 455574.531694 5427591.364838, 455553.328566 5427592.498695, 455553.328566 5427591.818381, 455626.122194 5427586.035709, 455659.911137 5427583.427838, 455657.870194 5427561.317624, 455659.57098 5427561.317624, 455661.498537 5427583.654609, 455662.632394 5427586.942795, 455663.993023 5427597.714438, 455666.147351 5427599.415224, 455667.50798 5427600.775852, 455667.734751 5427609.279781, 455666.71428 5427609.053009))",6,042,Mittlerer Teil
FeatureCollection,270,270,270,2025-10-06T14:15:33.080Z,name,urn:ogc:def:crs:EPSG::25832,Feature,baustellen_vorschau.102310545,geom,Polygon,"[[[455516.72626108, 5428748.68475312], [455512.86911808, 5428697.68475315], [455520.72626108, 5428696.82761115], [455525.29768907, 5428748.11332512], [455516.72626108, 5428748.68475312]]]",,,102310545,Karlsruhe,2026-03-01T23:00:00Z,2026-04-04T21:59:59Z,Fernwärmeversorgung,Hirschstraße zw. Kaiserstraße und Amalienstraße,,Stadtwerke Karlsruhe,,mit Vollsperrung,22993,2025V5209,Stadt Karlsruhe,2025-09-11T22:00:00Z,"POLYGON ((455516.726261 5428748.684753, 455512.869118 5428697.684753, 455520.726261 5428696.827611, 455525.297689 5428748.113325, 455516.726261 5428748.684753))",43,022,Westlicher Teil
FeatureCollection,270,270,270,2025-10-06T14:15:33.080Z,name,urn:ogc:def:crs:EPSG::25832,Feature,baustellen_vorschau.102310547,geom,Polygon,"[[[455503.88445809, 5428757.24888811], [455516.39366408, 5428756.07896211], [455516.75364108, 5428755.35900812], [455517.11361808, 5428754.45906512], [455517.20361308, 5428749.41938512], [455525.75307007, 5428748.69943112], [455526.56301807, 5428754.54905912], [455529.08285807, 5428755.35900812], [455534.12253807, 5428755.08902512], [455534.21253307, 5428758.50880811], [455530.97273807, 5428761.38862511], [455510.00407009, 5428762.91852811], [455503.88445809, 5428757.24888811]]]",,,102310547,Karlsruhe,2026-03-01T23:00:00Z,2026-04-04T21:59:59Z,Fernwärmeversorgung,Hirschstraße zw. Kaiserstraße und Amalienstraße,,Stadtwerke Karlsruhe,Kaiserstraße Höhe Hirschstraße = Engstelle,mit Vollsperrung,22993,2025V5208,Stadt Karlsruhe,2025-09-11T22:00:00Z,"POLYGON ((455503.884458 5428757.248888, 455516.393664 5428756.078962, 455516.753641 5428755.359008, 455517.113618 5428754.459065, 455517.203613 5428749.419385, 455525.75307 5428748.699431, 455526.563018 5428754.549059, 455529.082858 5428755.359008, 455534.122538 5428755.089025, 455534.212533 5428758.508808, 455530.972738 5428761.388625, 455510.00407 5428762.918528, 455503.884458 5428757.248888))",43,022,Westlicher Teil
FeatureCollection,270,270,270,2025-10-06T14:15:33.080Z,name,urn:ogc:def:crs:EPSG::25832,Feature,baustellen_vorschau.102310557,geom,Polygon,"[[[450112.98941558, 5428640.7221182], [450119.91603258, 5428639.6087502], [450125.77746157, 5428680.06514118], [450118.81891358, 5428681.09022018], [450112.98941558, 5428640.7221182]]]",,,102310557,Karlsruhe,2025-10-14T22:00:00Z,2025-10-17T21:59:59Z,Kraneinsatz,Hohleichweg zw. Industriestraße und August-Kutterer-Straße,,Privat,,mit Vollsperrung,52852,2025V5212,Stadt Karlsruhe,2025-09-14T22:00:00Z,"POLYGON ((450112.989416 5428640.722118, 450119.916033 5428639.60875, 450125.777462 5428680.065141, 450118.818914 5428681.09022, 450112.989416 5428640.722118))",42,091,Alt-Daxlanden
FeatureCollection,270,270,270,2025-10-06T14:15:33.080Z,name,urn:ogc:def:crs:EPSG::25832,Feature,baustellen_vorschau.102310673,geom,Polygon,"[[[454632.79630482, 5428737.75945613], [454614.29071483, 5428551.06890624], [454621.40183782, 5428550.24242824], [454641.53657681, 5428736.76035613], [454632.79630482, 5428737.75945613]]]",,,102310673,Karlsruhe,2026-03-12T23:00:00Z,2026-04-13T21:59:59Z,Gleisbau,Schillerstraße zw. Kaiserallee u. Sophienstraße,,Verkehrsbetriebe Karlsruhe,,mit Vollsperrung,52655,2025V5222,Stadt Karlsruhe,2025-09-14T22:00:00Z,"POLYGON ((454632.796305 5428737.759456, 454614.290715 5428551.068906, 454621.401838 5428550.242428, 454641.536577 5428736.760356, 454632.796305 5428737.759456))",34,052,Südlicher Teil
FeatureCollection,270,270,270,2025-10-06T14:15:33.080Z,name,urn:ogc:def:crs:EPSG::25832,Feature,baustellen_vorschau.102310754,geom,Polygon,"[[[453147.65589905, 5428769.64249511], [453139.75979806, 5428763.36929112], [453210.378071, 5428688.99649116], [453216.192315, 5428694.38972516], [453147.65589905, 5428769.64249511]]]",,,102310754,Karlsruhe,2026-04-12T22:00:00Z,2026-05-10T21:59:59Z,Gleisbau,"B 10 Südtangente AS 6 Abfahrt von Osten zur B 36 Lameystraße, Michelinstraße u. Mühlburg Rheinstraße",,Verkehrsbetriebe Karlsruhe,,mit Sperrung in eine Fahrtrichtung,46474,2025V5234,Stadt Karlsruhe,2025-09-14T22:00:00Z,"POLYGON ((453147.655899 5428769.642495, 453139.759798 5428763.369291, 453210.378071 5428688.996491, 453216.192315 5428694.389725, 453147.655899 5428769.642495))",25,084,Mühlburger Feld
FeatureCollection,270,270,270,2025-10-06T14:15:33.080Z,name,urn:ogc:def:crs:EPSG::25832,Feature,baustellen_vorschau.102310762,geom,Polygon,"[[[453186.48183902, 5428607.40382821], [453194.69034201, 5428600.46235022], [453206.106358, 5428591.24207722], [453242.26177097, 5428566.46235024], [453254.91193896, 5428561.40312824], [453241.04153898, 5428572.49712823], [453217.82483899, 5428588.90292822], [453208.555239, 5428595.55272822], [453203.20093901, 5428600.44182822], [453194.16893901, 5428611.05732821], [453186.48183902, 5428607.40382821]]]",,,102310762,Karlsruhe,2026-04-12T22:00:00Z,2026-05-10T21:59:59Z,Gleisbau,"B 10 Südtangente AS 6 Abfahrt von Osten zur B 36 Lameystraße, Michelinstraße u. Mühlburg Rheinstraße",,Verkehrsbetriebe Karlsruhe,,mit Sperrung in eine Fahrtrichtung,46474,2025V5234,Stadt Karlsruhe,2025-09-14T22:00:00Z,"POLYGON ((453186.481839 5428607.403828, 453194.690342 5428600.46235, 453206.106358 5428591.242077, 453242.261771 5428566.46235, 453254.911939 5428561.403128, 453241.041539 5428572.497128, 453217.824839 5428588.902928, 453208.555239 5428595.552728, 453203.200939 5428600.441828, 453194.168939 5428611.057328, 453186.481839 5428607.403828))",25,084,Mühlburger Feld
FeatureCollection,270,270,270,2025-10-06T14:15:33.080Z,name,urn:ogc:def:crs:EPSG::25832,Feature,baustellen_vorschau.102310771,geom,Polygon,"[[[453190.43943902, 5428857.24992806], [453201.69753901, 5428868.26272806], [453190.54173902, 5428881.58462805], [453181.64955403, 5428876.53094405], [453164.72098204, 5428860.74523006], [453143.72098206, 5428845.17380207], [453128.72098207, 5428834.60237308], [453120.62963808, 5428831.36670008], [453113.29058908, 5428829.34790908], [453107.35061509, 5428828.77633408], [453099.98043909, 5428829.13772808], [453097.0781251, 5428830.17380208], [453092.8638391, 5428832.81665908], [453078.59338811, 5428844.55055707], [453046.74747214, 5428877.57244805], [453014.28661117, 5428911.29240603], [452989.43526819, 5428935.88808702], [452978.0988012, 5428924.12393303], [453003.62406918, 5428898.29592304], [453027.79126416, 5428872.88349706], [453061.86383913, 5428837.45951607], [453089.4430661, 5428810.00710909], [453101.09431509, 5428801.7890941], [453105.00669709, 5428799.8166591], [453110.25254609, 5428798.7109371], [453118.93526808, 5428798.2452301], [453127.88173907, 5428798.1210281], [453133.29241107, 5428798.6023731], [453148.33131305, 5428812.03338109], [453187.00669702, 5428849.60237307], [453190.43943902, 5428857.24992806]]]",,,102310771,Karlsruhe,2026-05-10T22:00:00Z,2026-06-19T21:59:59Z,Gleisbau,"Rheinstraße zw. Rheinstraße u. B 36 Michelinstraße, B 10 Südtangente AS 6 von Osten kommend zur B 36 Lameystraße",,Verkehrsbetriebe Karlsruhe,,mit Sperrung in eine Fahrtrichtung,46474,2025V5235,Stadt Karlsruhe,2025-09-14T22:00:00Z,"POLYGON ((453190.439439 5428857.249928, 453201.697539 5428868.262728, 453190.541739 5428881.584628, 453181.649554 5428876.530944, 453164.720982 5428860.74523, 453143.720982 5428845.173802, 453128.720982 5428834.602373, 453120.629638 5428831.3667, 453113.290589 5428829.347909, 453107.350615 5428828.776334, 453099.980439 5428829.137728, 453097.078125 5428830.173802, 453092.863839 5428832.816659, 453078.593388 5428844.550557, 453046.747472 5428877.572448, 453014.286611 5428911.292406, 452989.435268 5428935.888087, 452978.098801 5428924.123933, 453003.624069 5428898.295923, 453027.791264 5428872.883497, 453061.863839 5428837.459516, 453089.443066 5428810.007109, 453101.094315 5428801.789094, 453105.006697 5428799.816659, 453110.252546 5428798.710937, 453118.935268 5428798.24523, 453127.881739 5428798.121028, 453133.292411 5428798.602373, 453148.331313 5428812.033381, 453187.006697 5428849.602373, 453190.439439 5428857.249928))",25,084,Mühlburger Feld
FeatureCollection,270,270,270,2025-10-06T14:15:33.080Z,name,urn:ogc:def:crs:EPSG::25832,Feature,baustellen_vorschau.102310771,geom,Polygon,"[[[453190.43943902, 5428857.24992806], [453201.69753901, 5428868.26272806], [453190.54173902, 5428881.58462805], [453181.64955403, 5428876.53094405], [453164.72098204, 5428860.74523006], [453143.72098206, 5428845.17380207], [453128.72098207, 5428834.60237308], [453120.62963808, 5428831.36670008], [453113.29058908, 5428829.34790908], [453107.35061509, 5428828.77633408], [453099.98043909, 5428829.13772808], [453097.0781251, 5428830.17380208], [453092.8638391, 5428832.81665908], [453078.59338811, 5428844.55055707], [453046.74747214, 5428877.57244805], [453014.28661117, 5428911.29240603], [452989.43526819, 5428935.88808702], [452978.0988012, 5428924.12393303], [453003.62406918, 5428898.29592304], [453027.79126416, 5428872.88349706], [453061.86383913, 5428837.45951607], [453089.4430661, 5428810.00710909], [453101.09431509, 5428801.7890941], [453105.00669709, 5428799.8166591], [453110.25254609, 5428798.7109371], [453118.93526808, 5428798.2452301], [453127.88173907, 5428798.1210281], [453133.29241107, 5428798.6023731], [453148.33131305, 5428812.03338109], [453187.00669702, 5428849.60237307], [453190.43943902, 5428857.24992806]]]",,,102310771,Karlsruhe,2026-05-10T22:00:00Z,2026-06-19T21:59:59Z,Gleisbau,"Rheinstraße zw. Rheinstraße u. B 36 Michelinstraße, B 10 Südtangente AS 6 von Osten kommend zur B 36 Lameystraße",,Verkehrsbetriebe Karlsruhe,,mit Sperrung in eine Fahrtrichtung,46474,2025V5235,Stadt Karlsruhe,2025-09-14T22:00:00Z,"POLYGON ((453190.439439 5428857.249928, 453201.697539 5428868.262728, 453190.541739 5428881.584628, 453181.649554 5428876.530944, 453164.720982 5428860.74523, 453143.720982 5428845.173802, 453128.720982 5428834.602373, 453120.629638 5428831.3667, 453113.290589 5428829.347909, 453107.350615 5428828.776334, 453099.980439 5428829.137728, 453097.078125 5428830.173802, 453092.863839 5428832.816659, 453078.593388 5428844.550557, 453046.747472 5428877.572448, 453014.286611 5428911.292406, 452989.435268 5428935.888087, 452978.098801 5428924.123933, 453003.624069 5428898.295923, 453027.791264 5428872.883497, 453061.863839 5428837.459516, 453089.443066 5428810.007109, 453101.094315 5428801.789094, 453105.006697 5428799.816659, 453110.252546 5428798.710937, 453118.935268 5428798.24523, 453127.881739 5428798.121028, 453133.292411 5428798.602373, 453148.331313 5428812.033381, 453187.006697 5428849.602373, 453190.439439 5428857.249928))",64,081,Alt-Mühlburg
FeatureCollection,270,270,270,2025-10-06T14:15:33.080Z,name,urn:ogc:def:crs:EPSG::25832,Feature,baustellen_vorschau.102310776,geom,Polygon,"[[[452956.26983921, 5428714.59022815], [452975.9533142, 5428717.46100315], [453012.71149017, 5428727.24856914], [453050.50003914, 5428734.55462814], [453076.19343911, 5428743.95372813], [453093.2579391, 5428753.60232812], [453123.59903907, 5428779.48312811], [453129.63593907, 5428776.67462811], [453140.08743906, 5428766.77022812], [453151.81263905, 5428753.92982812], [453162.06579404, 5428764.55497312], [453141.45698106, 5428785.91856311], [453137.57447906, 5428794.2620301], [453138.55871406, 5428799.9270021], [453141.38697206, 5428805.99858209], [453165.46736504, 5428829.18483008], [453201.75079401, 5428865.01471606], [453201.69753901, 5428868.26272806], [453190.44103902, 5428881.61812805], [453183.82014803, 5428879.21917305], [453162.63814804, 5428861.86174406], [453144.79365506, 5428845.08454207], [453136.39315906, 5428839.17171607], [453123.99568307, 5428832.59892308], [453120.32229208, 5428831.74231608], [453115.94183908, 5428829.84792808], [453109.01733909, 5428828.80152808], [453100.51893909, 5428829.20372808], [453093.5558791, 5428831.61219608], [453088.6128951, 5428834.53944508], [453034.97618815, 5428889.80031804], [453024.61005316, 5428880.40308705], [453027.62746216, 5428873.05573905], [453057.35287513, 5428841.26733308], [453069.30160612, 5428826.10788708], [453075.15848512, 5428817.57124209], [453078.50420811, 5428811.51282909], [453079.85033911, 5428804.95642809], [453079.99943911, 5428796.9565281], [453078.73193911, 5428790.2915281], [453078.51743911, 5428787.38322811], [453075.53109111, 5428778.59294711], [453069.65848512, 5428772.28552711], [453052.01562813, 5428760.49981312], [453035.15848515, 5428752.64267013], [453015.44419916, 5428745.35695613], [452970.1953962, 5428729.88538814], [452953.06063922, 5428720.74052815], [452956.26983921, 5428714.59022815]]]",,,102310776,Karlsruhe,2026-06-19T22:00:00Z,2026-07-22T21:59:59Z,Gleisbau,"Am Entenfang: Rheinstraße zur B 36 Michelinstraße gesperrt, B 10 Südtangente AS 6 Abfahrt von Osten zur B 36 Lameystraße gesperrt, B 36 Lameystraße zur Rheinstraße gesperrt, B 36 Michelinstraße zur B 36 Lameystraße u. Rheinstraße gesperrt",,Verkehrsbetriebe Karlsruhe,,mit Sperrung in eine Fahrtrichtung,46474,2025V5236,Stadt Karlsruhe,2025-09-14T22:00:00Z,"POLYGON ((452956.269839 5428714.590228, 452975.953314 5428717.461003, 453012.71149 5428727.248569, 453050.500039 5428734.554628, 453076.193439 5428743.953728, 453093.257939 5428753.602328, 453123.599039 5428779.483128, 453129.635939 5428776.674628, 453140.087439 5428766.770228, 453151.812639 5428753.929828, 453162.065794 5428764.554973, 453141.456981 5428785.918563, 453137.574479 5428794.26203, 453138.558714 5428799.927002, 453141.386972 5428805.998582, 453165.467365 5428829.18483, 453201.750794 5428865.014716, 453201.697539 5428868.262728, 453190.441039 5428881.618128, 453183.820148 5428879.219173, 453162.638148 5428861.861744, 453144.793655 5428845.084542, 453136.393159 5428839.171716, 453123.995683 5428832.598923, 453120.322292 5428831.742316, 453115.941839 5428829.847928, 453109.017339 5428828.801528, 453100.518939 5428829.203728, 453093.555879 5428831.612196, 453088.612895 5428834.539445, 453034.976188 5428889.800318, 453024.610053 5428880.403087, 453027.627462 5428873.055739, 453057.352875 5428841.267333, 453069.301606 5428826.107887, 453075.158485 5428817.571242, 453078.504208 5428811.512829, 453079.850339 5428804.956428, 453079.999439 5428796.956528, 453078.731939 5428790.291528, 453078.517439 5428787.383228, 453075.531091 5428778.592947, 453069.658485 5428772.285527, 453052.015628 5428760.499813, 453035.158485 5428752.64267, 453015.444199 5428745.356956, 452970.195396 5428729.885388, 452953.060639 5428720.740528, 452956.269839 5428714.590228))",25,084,Mühlburger Feld
FeatureCollection,270,270,270,2025-10-06T14:15:33.080Z,name,urn:ogc:def:crs:EPSG::25832,Feature,baustellen_vorschau.102310776,geom,Polygon,"[[[452956.26983921, 5428714.59022815], [452975.9533142, 5428717.46100315], [453012.71149017, 5428727.24856914], [453050.50003914, 5428734.55462814], [453076.19343911, 5428743.95372813], [453093.2579391, 5428753.60232812], [453123.59903907, 5428779.48312811], [453129.63593907, 5428776.67462811], [453140.08743906, 5428766.77022812], [453151.81263905, 5428753.92982812], [453162.06579404, 5428764.55497312], [453141.45698106, 5428785.91856311], [453137.57447906, 5428794.2620301], [453138.55871406, 5428799.9270021], [453141.38697206, 5428805.99858209], [453165.46736504, 5428829.18483008], [453201.75079401, 5428865.01471606], [453201.69753901, 5428868.26272806], [453190.44103902, 5428881.61812805], [453183.82014803, 5428879.21917305], [453162.63814804, 5428861.86174406], [453144.79365506, 5428845.08454207], [453136.39315906, 5428839.17171607], [453123.99568307, 5428832.59892308], [453120.32229208, 5428831.74231608], [453115.94183908, 5428829.84792808], [453109.01733909, 5428828.80152808], [453100.51893909, 5428829.20372808], [453093.5558791, 5428831.61219608], [453088.6128951, 5428834.53944508], [453034.97618815, 5428889.80031804], [453024.61005316, 5428880.40308705], [453027.62746216, 5428873.05573905], [453057.35287513, 5428841.26733308], [453069.30160612, 5428826.10788708], [453075.15848512, 5428817.57124209], [453078.50420811, 5428811.51282909], [453079.85033911, 5428804.95642809], [453079.99943911, 5428796.9565281], [453078.73193911, 5428790.2915281], [453078.51743911, 5428787.38322811], [453075.53109111, 5428778.59294711], [453069.65848512, 5428772.28552711], [453052.01562813, 5428760.49981312], [453035.15848515, 5428752.64267013], [453015.44419916, 5428745.35695613], [452970.1953962, 5428729.88538814], [452953.06063922, 5428720.74052815], [452956.26983921, 5428714.59022815]]]",,,102310776,Karlsruhe,2026-06-19T22:00:00Z,2026-07-22T21:59:59Z,Gleisbau,"Am Entenfang: Rheinstraße zur B 36 Michelinstraße gesperrt, B 10 Südtangente AS 6 Abfahrt von Osten zur B 36 Lameystraße gesperrt, B 36 Lameystraße zur Rheinstraße gesperrt, B 36 Michelinstraße zur B 36 Lameystraße u. Rheinstraße gesperrt",,Verkehrsbetriebe Karlsruhe,,mit Sperrung in eine Fahrtrichtung,46474,2025V5236,Stadt Karlsruhe,2025-09-14T22:00:00Z,"POLYGON ((452956.269839 5428714.590228, 452975.953314 5428717.461003, 453012.71149 5428727.248569, 453050.500039 5428734.554628, 453076.193439 5428743.953728, 453093.257939 5428753.602328, 453123.599039 5428779.483128, 453129.635939 5428776.674628, 453140.087439 5428766.770228, 453151.812639 5428753.929828, 453162.065794 5428764.554973, 453141.456981 5428785.918563, 453137.574479 5428794.26203, 453138.558714 5428799.927002, 453141.386972 5428805.998582, 453165.467365 5428829.18483, 453201.750794 5428865.014716, 453201.697539 5428868.262728, 453190.441039 5428881.618128, 453183.820148 5428879.219173, 453162.638148 5428861.861744, 453144.793655 5428845.084542, 453136.393159 5428839.171716, 453123.995683 5428832.598923, 453120.322292 5428831.742316, 453115.941839 5428829.847928, 453109.017339 5428828.801528, 453100.518939 5428829.203728, 453093.555879 5428831.612196, 453088.612895 5428834.539445, 453034.976188 5428889.800318, 453024.610053 5428880.403087, 453027.627462 5428873.055739, 453057.352875 5428841.267333, 453069.301606 5428826.107887, 453075.158485 5428817.571242, 453078.504208 5428811.512829, 453079.850339 5428804.956428, 453079.999439 5428796.956528, 453078.731939 5428790.291528, 453078.517439 5428787.383228, 453075.531091 5428778.592947, 453069.658485 5428772.285527, 453052.015628 5428760.499813, 453035.158485 5428752.64267, 453015.444199 5428745.356956, 452970.195396 5428729.885388, 452953.060639 5428720.740528, 452956.269839 5428714.590228))",64,081,Alt-Mühlburg
FeatureCollection,270,270,270,2025-10-06T14:15:33.080Z,name,urn:ogc:def:crs:EPSG::25832,Feature,baustellen_vorschau.102310932,geom,Polygon,"[[[455019.76330349, 5428503.20118627], [455019.25305449, 5428498.60894927], [455027.24694849, 5428497.70184127], [455029.74149748, 5428498.38217227], [455031.04546648, 5428501.61374627], [455033.02976648, 5428514.65343226], [455028.55091748, 5428515.27706926], [455027.36033749, 5428507.45325826], [455026.85008849, 5428503.54135226], [455025.88628649, 5428502.86102127], [455019.76330349, 5428503.20118627]]]",,,102310932,Karlsruhe,2026-07-26T22:00:00Z,2026-08-28T21:59:59Z,Fernwärmeversorgung,Lessingstraße Einmündungsbereich Sophienstraße,,Stadtwerke Karlsruhe,,mit Verkehrsbehinderung,45180,2025V5275,Stadt Karlsruhe,2025-09-14T22:00:00Z,"POLYGON ((455019.763303 5428503.201186, 455019.253054 5428498.608949, 455027.246948 5428497.701841, 455029.741497 5428498.382172, 455031.045466 5428501.613746, 455033.029766 5428514.653432, 455028.550917 5428515.277069, 455027.360337 5428507.453258, 455026.850088 5428503.541352, 455025.886286 5428502.861021, 455019.763303 5428503.201186))",34,052,Südlicher Teil
FeatureCollection,270,270,270,2025-10-06T14:15:33.080Z,name,urn:ogc:def:crs:EPSG::25832,Feature,baustellen_vorschau.102310948,geom,Polygon,"[[[455067.83965645, 5428774.37838911], [455066.33488146, 5428764.50002911], [455064.66998746, 5428753.07075512], [455061.07021646, 5428729.71723813], [455057.69543046, 5428707.89362415], [455053.01572747, 5428677.47555516], [455048.60600747, 5428646.96749218], [455044.46627047, 5428619.5192352], [455040.91149648, 5428596.66068621], [455036.63676748, 5428568.80745523], [455034.47690448, 5428554.27337824], [455030.74214148, 5428530.28990125], [455028.13230749, 5428512.38103826], [455032.49703048, 5428511.75107826], [455034.29745348, 5428524.80589825], [455041.24634447, 5428570.58632923], [455046.06103847, 5428601.49936621], [455050.06578447, 5428628.67764119], [455055.06046746, 5428661.66054617], [455059.74017046, 5428693.92349816], [455065.63479646, 5428733.25100113], [455069.18957045, 5428755.79456912], [455071.93439645, 5428773.74842911], [455067.83965645, 5428774.37838911]]]",,,102310948,Karlsruhe,2026-01-04T23:00:00Z,2026-07-26T21:59:59Z,Fernwärmeversorgung,Lessingstraße zw. Sophienstraße u. Kaiserallee,,Stadtwerke Karlsruhe,,mit Verkehrsbehinderung,45180,2025V5274,Stadt Karlsruhe,2025-09-14T22:00:00Z,"POLYGON ((455067.839656 5428774.378389, 455066.334881 5428764.500029, 455064.669987 5428753.070755, 455061.070216 5428729.717238, 455057.69543 5428707.893624, 455053.015727 5428677.475555, 455048.606007 5428646.967492, 455044.46627 5428619.519235, 455040.911496 5428596.660686, 455036.636767 5428568.807455, 455034.476904 5428554.273378, 455030.742141 5428530.289901, 455028.132307 5428512.381038, 455032.49703 5428511.751078, 455034.297453 5428524.805898, 455041.246344 5428570.586329, 455046.061038 5428601.499366, 455050.065784 5428628.677641, 455055.060467 5428661.660546, 455059.74017 5428693.923498, 455065.634796 5428733.251001, 455069.18957 5428755.794569, 455071.934396 5428773.748429, 455067.839656 5428774.378389))",34,052,Südlicher Teil
FeatureCollection,270,270,270,2025-10-06T14:15:33.080Z,name,urn:ogc:def:crs:EPSG::25832,Feature,baustellen_vorschau.102310954,geom,Polygon,"[[[455056.68124746, 5428791.92227909], [455032.89553348, 5428793.38656409], [455032.14553348, 5428784.9937071], [455056.18124746, 5428783.1365641], [455062.71696246, 5428782.4937071], [455068.93124745, 5428781.6365641], [455068.71696245, 5428778.6365641], [455068.07410545, 5428774.10085011], [455076.93124745, 5428772.85085011], [455077.93124745, 5428781.3508501], [455078.46696245, 5428785.2079931], [455079.03839044, 5428786.6008501], [455080.60981944, 5428787.4937071], [455082.03839044, 5428787.9937071], [455083.82410544, 5428788.1008501], [455091.00267643, 5428787.7437071], [455088.21696244, 5428788.1365641], [455086.57410544, 5428788.7794211], [455085.10981944, 5428789.4579931], [455083.53839044, 5428790.5651361], [455056.68124746, 5428791.92227909]]]",,,102310954,Karlsruhe,2025-11-09T23:00:00Z,2026-01-04T22:59:59Z,Fernwärmeversorgung,Lessingstraße Einmündungsbereich Kaiserallee,,Stadtwerke Karlsruhe,,mit Vollsperrung,45180,2025V5273,Stadt Karlsruhe,2025-09-14T22:00:00Z,"POLYGON ((455056.681247 5428791.922279, 455032.895533 5428793.386564, 455032.145533 5428784.993707, 455056.181247 5428783.136564, 455062.716962 5428782.493707, 455068.931247 5428781.636564, 455068.716962 5428778.636564, 455068.074105 5428774.10085, 455076.931247 5428772.85085, 455077.931247 5428781.35085, 455078.466962 5428785.207993, 455079.03839 5428786.60085, 455080.609819 5428787.493707, 455082.03839 5428787.993707, 455083.824105 5428788.10085, 455091.002676 5428787.743707, 455088.216962 5428788.136564, 455086.574105 5428788.779421, 455085.109819 5428789.457993, 455083.53839 5428790.565136, 455056.681247 5428791.922279))",34,052,Südlicher Teil
FeatureCollection,270,270,270,2025-10-06T14:15:33.080Z,name,urn:ogc:def:crs:EPSG::25832,Feature,baustellen_vorschau.102311293,geom,Polygon,"[[[455417.67621615, 5427610.59812079], [455417.51019015, 5427606.25760379], [455418.90304815, 5427606.11474679], [455420.76019015, 5427605.50760379], [455422.43876215, 5427604.79331779], [455423.72447615, 5427604.00760379], [455425.01019015, 5427602.7933178], [455426.26019015, 5427600.8647468], [455426.93876215, 5427599.4004608], [455427.36733315, 5427597.6504608], [455427.33161915, 5427595.5433178], [455434.29590514, 5427595.1147468], [455434.43876214, 5427596.6861748], [455435.04590514, 5427598.4361748], [455435.72447614, 5427599.8647468], [455436.51019014, 5427600.8290318], [455438.01019014, 5427602.07903179], [455439.08161914, 5427602.75760379], [455440.47447614, 5427603.29331779], [455441.79590513, 5427603.6147468], [455443.68876213, 5427603.97188879], [455445.76019013, 5427604.00760379], [455450.65304813, 5427603.54331779], [455459.01718812, 5427602.91488079], [455459.33216812, 5427607.36959779], [455446.01301313, 5427608.49452679], [455443.44817613, 5427608.94449779], [455441.51329913, 5427609.57445779], [455440.11838814, 5427610.47440079], [455439.12845014, 5427611.28434879], [455438.18351014, 5427612.22928879], [455437.46355614, 5427613.30922079], [455436.92359014, 5427614.29915779], [455436.42862214, 5427615.69406879], [455436.11364214, 5427616.86399479], [455436.11364214, 5427618.39389779], [455436.15863914, 5427620.23878079], [455436.33862814, 5427621.49870078], [455436.47361914, 5427622.48863778], [455436.60861014, 5427625.00847778], [455429.76904514, 5427625.50344678], [455429.72404814, 5427623.70356078], [455429.49906214, 5427620.73374879], [455428.96193014, 5427618.38383479], [455427.67621615, 5427615.52669179], [455426.03335915, 5427613.45526379], [455423.60478815, 5427611.81240679], [455422.10478815, 5427610.88383479], [455419.53335915, 5427610.59812079], [455417.67621615, 5427610.59812079]]]",,,102311293,Karlsruhe,2026-07-15T22:00:00Z,2026-08-31T21:59:59Z,Fernwärmeversorgung,Kreuzungsbereich Hirsch- / Vorholzstraße,,Stadtwerke Karlsruhe,,mit Vollsperrung,46948,2025V5288,Stadt Karlsruhe,2025-09-15T22:00:00Z,"POLYGON ((455417.676216 5427610.598121, 455417.51019 5427606.257604, 455418.903048 5427606.114747, 455420.76019 5427605.507604, 455422.438762 5427604.793318, 455423.724476 5427604.007604, 455425.01019 5427602.793318, 455426.26019 5427600.864747, 455426.938762 5427599.400461, 455427.367333 5427597.650461, 455427.331619 5427595.543318, 455434.295905 5427595.114747, 455434.438762 5427596.686175, 455435.045905 5427598.436175, 455435.724476 5427599.864747, 455436.51019 5427600.829032, 455438.01019 5427602.079032, 455439.081619 5427602.757604, 455440.474476 5427603.293318, 455441.795905 5427603.614747, 455443.688762 5427603.971889, 455445.76019 5427604.007604, 455450.653048 5427603.543318, 455459.017188 5427602.914881, 455459.332168 5427607.369598, 455446.013013 5427608.494527, 455443.448176 5427608.944498, 455441.513299 5427609.574458, 455440.118388 5427610.474401, 455439.12845 5427611.284349, 455438.18351 5427612.229289, 455437.463556 5427613.309221, 455436.92359 5427614.299158, 455436.428622 5427615.694069, 455436.113642 5427616.863995, 455436.113642 5427618.393898, 455436.158639 5427620.238781, 455436.338628 5427621.498701, 455436.473619 5427622.488638, 455436.60861 5427625.008478, 455429.769045 5427625.503447, 455429.724048 5427623.703561, 455429.499062 5427620.733749, 455428.96193 5427618.383835, 455427.676216 5427615.526692, 455426.033359 5427613.455264, 455423.604788 5427611.812407, 455422.104788 5427610.883835, 455419.533359 5427610.598121, 455417.676216 5427610.598121))",6,042,Mittlerer Teil
FeatureCollection,270,270,270,2025-10-06T14:15:33.080Z,name,urn:ogc:def:crs:EPSG::25832,Feature,baustellen_vorschau.102311222,geom,Polygon,"[[[455446.82601613, 5427892.32022363], [455445.35196413, 5427869.47242664], [455453.74271913, 5427868.39523564], [455454.47974413, 5427877.12615564], [455451.53164213, 5427877.52301563], [455452.38205613, 5427892.09344662], [455446.82601613, 5427892.32022363]]]",,,102311222,Karlsruhe,2025-11-02T23:00:00Z,2025-11-16T22:59:59Z,Fernwärmeversorgung,Hirschstraße zw. Hirschbrücke u. Roonstraße,,Land Rheinland-Pfalz,,mit Verkehrsbehinderung,46948,2025V5284,Stadt Karlsruhe,2025-09-15T22:00:00Z,"POLYGON ((455446.826016 5427892.320224, 455445.351964 5427869.472427, 455453.742719 5427868.395236, 455454.479744 5427877.126156, 455451.531642 5427877.523016, 455452.382056 5427892.093447, 455446.826016 5427892.320224))",6,042,Mittlerer Teil
FeatureCollection,270,270,270,2025-10-06T14:15:33.080Z,name,urn:ogc:def:crs:EPSG::25832,Feature,baustellen_vorschau.102311228,geom,Polygon,"[[[455452.72012013, 5427872.91485964], [455452.10215713, 5427865.39156564], [455451.06722313, 5427860.62186864], [455449.67231113, 5427858.59699664], [455448.23240313, 5427856.34713965], [455446.56750813, 5427854.63724865], [455444.49764013, 5427853.06234865], [455441.07785714, 5427852.11740865], [455442.20278614, 5427851.80242865], [455443.23772013, 5427851.44245065], [455444.27265413, 5427850.49751065], [455444.99260813, 5427849.68756265], [455445.62256813, 5427848.38264565], [455445.89255113, 5427846.44776865], [455445.98254613, 5427845.32283965], [455445.80255713, 5427843.61294865], [455445.71256313, 5427841.49808266], [455445.44258013, 5427839.15823066], [455452.07827113, 5427838.74054866], [455452.24116813, 5427840.39627665], [455452.63800813, 5427842.49385965], [455453.09154013, 5427843.96783665], [455454.22536813, 5427846.12211065], [455455.18912312, 5427847.59608865], [455456.83317412, 5427848.72991665], [455458.47722612, 5427849.46690565], [455460.80157412, 5427850.20389365], [455462.27555112, 5427850.26058565], [455463.63614512, 5427850.26058565], [455465.62034512, 5427850.14720265], [455465.86297712, 5427855.59343065], [455463.54154812, 5427855.91485965], [455460.97012012, 5427856.98628865], [455459.11297712, 5427858.45057364], [455457.54154812, 5427860.59343064], [455456.61297712, 5427862.77200264], [455456.04154812, 5427864.84343064], [455456.14869112, 5427867.34343064], [455456.32726312, 5427869.45057364], [455456.36297712, 5427872.62914564], [455452.72012013, 5427872.91485964]]]",,,102311228,Karlsruhe,2025-11-16T23:00:00Z,2025-12-23T22:59:59Z,Fernwärmeversorgung,Kreuzungsbereich Hirsch- / Roonstraße,,Stadtwerke Karlsruhe,,mit Vollsperrung,46948,2025V5290,Stadt Karlsruhe,2025-09-15T22:00:00Z,"POLYGON ((455452.72012 5427872.91486, 455452.102157 5427865.391566, 455451.067223 5427860.621869, 455449.672311 5427858.596997, 455448.232403 5427856.34714, 455446.567508 5427854.637249, 455444.49764 5427853.062349, 455441.077857 5427852.117409, 455442.202786 5427851.802429, 455443.23772 5427851.442451, 455444.272654 5427850.497511, 455444.992608 5427849.687563, 455445.622568 5427848.382646, 455445.892551 5427846.447769, 455445.982546 5427845.32284, 455445.802557 5427843.612949, 455445.712563 5427841.498083, 455445.44258 5427839.158231, 455452.078271 5427838.740549, 455452.241168 5427840.396277, 455452.638008 5427842.49386, 455453.09154 5427843.967837, 455454.225368 5427846.122111, 455455.189123 5427847.596089, 455456.833174 5427848.729917, 455458.477226 5427849.466906, 455460.801574 5427850.203894, 455462.275551 5427850.260586, 455463.636145 5427850.260586, 455465.620345 5427850.147203, 455465.862977 5427855.593431, 455463.541548 5427855.91486, 455460.97012 5427856.986289, 455459.112977 5427858.450574, 455457.541548 5427860.593431, 455456.612977 5427862.772003, 455456.041548 5427864.843431, 455456.148691 5427867.343431, 455456.327263 5427869.450574, 455456.362977 5427872.629146, 455452.72012 5427872.91486))",6,042,Mittlerer Teil
FeatureCollection,270,270,270,2025-10-06T14:15:33.080Z,name,urn:ogc:def:crs:EPSG::25832,Feature,baustellen_vorschau.102311271,geom,Polygon,"[[[455445.72221913, 5427841.71358965], [455445.40079013, 5427836.85644766], [455443.04364813, 5427835.99930466], [455441.86507614, 5427817.46358967], [455440.54364814, 5427800.46358968], [455437.97221914, 5427764.6064477], [455436.70436214, 5427748.94885271], [455443.45436213, 5427748.44885271], [455445.27579013, 5427770.6988527], [455447.02579013, 5427791.55599568], [455449.02579013, 5427816.87742467], [455450.69673913, 5427841.27714465], [455445.72221913, 5427841.71358965]]]",,,102311271,Karlsruhe,2026-01-06T23:00:00Z,2026-03-31T21:59:59Z,Bauliche Sondernutzung,Hirschstraße zw. Roonstraße u. Klauprechtstraße,,Stadtwerke Karlsruhe,,mit Vollsperrung,46948,2025V5285,Stadt Karlsruhe,2025-09-15T22:00:00Z,"POLYGON ((455445.722219 5427841.71359, 455445.40079 5427836.856448, 455443.043648 5427835.999305, 455441.865076 5427817.46359, 455440.543648 5427800.46359, 455437.972219 5427764.606448, 455436.704362 5427748.948853, 455443.454362 5427748.448853, 455445.27579 5427770.698853, 455447.02579 5427791.555996, 455449.02579 5427816.877425, 455450.696739 5427841.277145, 455445.722219 5427841.71359))",6,042,Mittlerer Teil
FeatureCollection,270,270,270,2025-10-06T14:15:33.080Z,name,urn:ogc:def:crs:EPSG::25832,Feature,baustellen_vorschau.102311284,geom,Polygon,"[[[455439.24324814, 5427755.25781471], [455438.69422514, 5427748.78085771], [455438.12279714, 5427746.24514371], [455437.15851114, 5427744.56657171], [455435.65851114, 5427742.70942871], [455433.44422514, 5427741.03085771], [455431.76565414, 5427740.35228571], [455429.69422515, 5427740.06657172], [455429.33708315, 5427735.35228572], [455430.97994014, 5427735.06657172], [455432.58708314, 5427734.20942872], [455433.90851114, 5427733.06657172], [455435.01565414, 5427731.85228572], [455435.72994014, 5427730.85228572], [455436.47994014, 5427729.38800072], [455436.90851114, 5427727.42371472], [455437.01565414, 5427725.03085772], [455436.76928514, 5427721.81464073], [455443.78884013, 5427721.54465773], [455443.83383713, 5427723.38954072], [455444.50791413, 5427725.64969472], [455445.36286013, 5427726.59463472], [455446.12781113, 5427727.80955772], [455447.16274513, 5427728.97948372], [455448.42266513, 5427730.01441772], [455450.22255113, 5427730.64437772], [455452.38241413, 5427731.13934572], [455455.35222512, 5427731.13934572], [455457.82706812, 5427731.00435472], [455460.52689712, 5427730.82436572], [455464.12666812, 5427730.59938072], [455469.75131111, 5427730.19440572], [455469.88630311, 5427733.56919172], [455457.87206512, 5427734.37914072], [455453.95731413, 5427734.73911772], [455450.71752013, 5427735.68405772], [455449.81757713, 5427736.08903172], [455448.15268313, 5427737.61893472], [455447.25274013, 5427738.69886572], [455446.44279113, 5427739.91378871], [455445.81283113, 5427741.80366871], [455445.36286013, 5427743.51356071], [455445.45285413, 5427745.44843771], [455445.49785113, 5427747.38331471], [455445.54284813, 5427749.49818071], [455445.72283713, 5427751.74803771], [455445.90282513, 5427754.76284571], [455439.24324814, 5427755.25781471]]]",,,102311284,Karlsruhe,2026-03-31T22:00:00Z,2026-05-06T21:59:59Z,Fernwärmeversorgung,Kreuzungsbereich Hirsch- / Klauprechtstraße,,Stadtwerke Karlsruhe,,mit Vollsperrung,46948,2025V5286,Stadt Karlsruhe,2025-09-15T22:00:00Z,"POLYGON ((455439.243248 5427755.257815, 455438.694225 5427748.780858, 455438.122797 5427746.245144, 455437.158511 5427744.566572, 455435.658511 5427742.709429, 455433.444225 5427741.030858, 455431.765654 5427740.352286, 455429.694225 5427740.066572, 455429.337083 5427735.352286, 455430.97994 5427735.066572, 455432.587083 5427734.209429, 455433.908511 5427733.066572, 455435.015654 5427731.852286, 455435.72994 5427730.852286, 455436.47994 5427729.388001, 455436.908511 5427727.423715, 455437.015654 5427725.030858, 455436.769285 5427721.814641, 455443.78884 5427721.544658, 455443.833837 5427723.389541, 455444.507914 5427725.649695, 455445.36286 5427726.594635, 455446.127811 5427727.809558, 455447.162745 5427728.979484, 455448.422665 5427730.014418, 455450.222551 5427730.644378, 455452.382414 5427731.139346, 455455.352225 5427731.139346, 455457.827068 5427731.004355, 455460.526897 5427730.824366, 455464.126668 5427730.599381, 455469.751311 5427730.194406, 455469.886303 5427733.569192, 455457.872065 5427734.379141, 455453.957314 5427734.739118, 455450.71752 5427735.684058, 455449.817577 5427736.089032, 455448.152683 5427737.618935, 455447.25274 5427738.698866, 455446.442791 5427739.913789, 455445.812831 5427741.803669, 455445.36286 5427743.513561, 455445.452854 5427745.448438, 455445.497851 5427747.383315, 455445.542848 5427749.498181, 455445.722837 5427751.748038, 455445.902825 5427754.762846, 455439.243248 5427755.257815))",6,042,Mittlerer Teil
FeatureCollection,270,270,270,2025-10-06T14:15:33.080Z,name,urn:ogc:def:crs:EPSG::25832,Feature,baustellen_vorschau.102311289,geom,Polygon,"[[[455435.06356314, 5427724.22453773], [455434.61359214, 5427718.28491473], [455432.58872014, 5427691.15163774], [455430.83383214, 5427668.24809176], [455429.21393414, 5427646.42447777], [455427.45776615, 5427621.92520278], [455433.66432914, 5427621.35333178], [455435.37422014, 5427645.42680277], [455436.72413414, 5427666.03549476], [455439.33396914, 5427700.95327774], [455441.40383714, 5427723.72183172], [455435.06356314, 5427724.22453773]]]",,,102311289,Karlsruhe,2026-05-06T22:00:00Z,2026-07-15T21:59:59Z,Fernwärmeversorgung,Hirschstraße zw. Klauprechtstraße u. Vorholzstraße,,Stadtwerke Karlsruhe,,mit Vollsperrung,46948,2025V5287,Stadt Karlsruhe,2025-09-15T22:00:00Z,"POLYGON ((455435.063563 5427724.224538, 455434.613592 5427718.284915, 455432.58872 5427691.151638, 455430.833832 5427668.248092, 455429.213934 5427646.424478, 455427.457766 5427621.925203, 455433.664329 5427621.353332, 455435.37422 5427645.426803, 455436.724134 5427666.035495, 455439.333969 5427700.953278, 455441.403837 5427723.721832, 455435.063563 5427724.224538))",6,042,Mittlerer Teil
FeatureCollection,270,270,270,2025-10-06T14:15:33.080Z,name,urn:ogc:def:crs:EPSG::25832,Feature,baustellen_vorschau.102311342,geom,Polygon,"[[[455424.64451815, 5427594.1988498], [455419.49804915, 5427525.41003584], [455416.35880415, 5427481.55599287], [455421.71594715, 5427480.91313587], [455423.85880415, 5427507.34170685], [455428.21594715, 5427563.77027882], [455430.50166114, 5427593.6988498], [455424.64451815, 5427594.1988498]]]",,,102311342,Karlsruhe,2026-08-31T22:00:00Z,2026-10-31T22:59:59Z,Fernwärmeversorgung,Hirschstraße zw. Vorholzstraße u. Südendstraße,,Stadtwerke Karlsruhe,,mit Verkehrsbehinderung,46948,2025V5289,Stadt Karlsruhe,2025-09-15T22:00:00Z,"POLYGON ((455424.644518 5427594.19885, 455419.498049 5427525.410036, 455416.358804 5427481.555993, 455421.715947 5427480.913136, 455423.858804 5427507.341707, 455428.215947 5427563.770279, 455430.501661 5427593.69885, 455424.644518 5427594.19885))",6,042,Mittlerer Teil
FeatureCollection,270,270,270,2025-10-06T14:15:33.080Z,name,urn:ogc:def:crs:EPSG::25832,Feature,baustellen_vorschau.102311410,geom,Polygon,"[[[455223.92748033, 5429038.30519195], [455223.92748033, 5429041.87662095], [455213.35605133, 5429042.73376395], [455211.64176534, 5429037.16233495], [455167.64176537, 5429042.44804895], [455164.78462337, 5429012.01947797], [455167.92748037, 5429011.87662097], [455170.78462337, 5429038.59090595], [455213.35605133, 5429034.01947795], [455213.92748033, 5429038.59090595], [455223.92748033, 5429038.30519195]]]",,,102311410,Karlsruhe,2026-02-01T23:00:00Z,2026-05-31T21:59:59Z,Fernwärmeversorgung,Reinhold-Frank-Straße und Hoffstraße,,Stadtwerke Karlsruhe,Aufteilung nicht vorgenommen,mit Verkehrsbehinderung,49909,2025V3263,Stadt Karlsruhe,2025-09-16T22:00:00Z,"POLYGON ((455223.92748 5429038.305192, 455223.92748 5429041.876621, 455213.356051 5429042.733764, 455211.641765 5429037.162335, 455167.641765 5429042.448049, 455164.784623 5429012.019478, 455167.92748 5429011.876621, 455170.784623 5429038.590906, 455213.356051 5429034.019478, 455213.92748 5429038.590906, 455223.92748 5429038.305192))",8,051,Mittlerer Teil
FeatureCollection,270,270,270,2025-10-06T14:15:33.080Z,name,urn:ogc:def:crs:EPSG::25832,Feature,baustellen_vorschau.102311528,geom,Polygon,"[[[460504.22064894, 5431276.13147961], [460500.29469194, 5431266.86164861], [460509.19902193, 5431263.50772462], [460512.86875493, 5431272.90133661], [460504.22064894, 5431276.13147961]]]",,,102311528,Karlsruhe,2025-11-30T23:00:00Z,2025-12-06T22:59:59Z,Kanalbau,K9659/ Schwetzinger Straße zw. Lindenplatz und Beuthener Straße,,Privat,Höhe Haus Nr 63,mit Vollsperrung,52990,2025V5351,Stadt Karlsruhe,2025-09-16T22:00:00Z,"POLYGON ((460504.220649 5431276.13148, 460500.294692 5431266.861649, 460509.199022 5431263.507725, 460512.868755 5431272.901337, 460504.220649 5431276.13148))",56,181,Alt-Hagsfeld
FeatureCollection,270,270,270,2025-10-06T14:15:33.080Z,name,urn:ogc:def:crs:EPSG::25832,Feature,baustellen_vorschau.102311847,geom,Polygon,"[[[455031.18273648, 5428828.85799607], [455067.18273646, 5428826.14371008], [455067.46845045, 5428827.14371007], [455094.68273643, 5428828.57228207], [455094.61130743, 5428829.92942407], [455087.32559344, 5428829.64371008], [455063.03987846, 5428872.64371005], [455066.39702146, 5428874.57228205], [455065.61130746, 5428875.78656705], [455061.25416446, 5428872.85799605], [455063.53987846, 5428868.64371005], [455085.61130744, 5428829.35799607], [455067.39702145, 5428828.92942407], [455066.11130746, 5428827.50085307], [455031.32559349, 5428830.14371007], [455031.18273648, 5428828.85799607]]]",,,102311847,Karlsruhe,2025-10-26T23:00:00Z,2025-11-30T22:59:59Z,Strom bzw. TK-Versorgung,Kaiserallee/ Südliche Hildapromenade,,Stadtwerke Karlsruhe,,mit Verkehrsbehinderung,52972,2025V5278,Stadt Karlsruhe,2025-09-17T22:00:00Z,"POLYGON ((455031.182736 5428828.857996, 455067.182736 5428826.14371, 455067.46845 5428827.14371, 455094.682736 5428828.572282, 455094.611307 5428829.929424, 455087.325593 5428829.64371, 455063.039878 5428872.64371, 455066.397021 5428874.572282, 455065.611307 5428875.786567, 455061.254164 5428872.857996, 455063.539878 5428868.64371, 455085.611307 5428829.357996, 455067.397021 5428828.929424, 455066.111307 5428827.500853, 455031.325593 5428830.14371, 455031.182736 5428828.857996))",8,051,Mittlerer Teil
FeatureCollection,270,270,270,2025-10-06T14:15:33.080Z,name,urn:ogc:def:crs:EPSG::25832,Feature,baustellen_vorschau.102311955,geom,Polygon,"[[[455528.78289407, 5428616.7746282], [455527.03096407, 5428613.5262102], [455529.61433307, 5428610.6840032], [455533.78289406, 5428614.2031992], [455528.78289407, 5428616.7746282]]]",,,102311955,Karlsruhe,2025-10-19T22:00:00Z,2025-10-31T22:59:59Z,Kanalbau,Amalinestraße zw. Hirschstraße und Waldstraße,,Privat,,mit Verkehrsbehinderung,53040,2025V5396,Stadt Karlsruhe,2025-09-18T22:00:00Z,"POLYGON ((455528.782894 5428616.774628, 455527.030964 5428613.52621, 455529.614333 5428610.684003, 455533.782894 5428614.203199, 455528.782894 5428616.774628))",43,022,Westlicher Teil
FeatureCollection,270,270,270,2025-10-06T14:15:33.080Z,name,urn:ogc:def:crs:EPSG::25832,Feature,baustellen_vorschau.102311965,geom,Polygon,"[[[455517.92575108, 5428616.0603422], [455539.06860806, 5428604.5603422], [455539.42575106, 5428613.7031992], [455523.99718007, 5428621.6317712], [455520.56860808, 5428620.2746282], [455517.92575108, 5428616.0603422]]]",,,102311965,Karlsruhe,2025-10-19T22:00:00Z,2025-10-31T22:59:59Z,Kanalbau,Amalinestraße zw. Hirschstraße und Waldstraße,,Privat,,mit Verkehrsbehinderung,53040,2025V5396,Stadt Karlsruhe,2025-09-18T22:00:00Z,"POLYGON ((455517.925751 5428616.060342, 455539.068608 5428604.560342, 455539.425751 5428613.703199, 455523.99718 5428621.631771, 455520.568608 5428620.274628, 455517.925751 5428616.060342))",43,022,Westlicher Teil
FeatureCollection,270,270,270,2025-10-06T14:15:33.080Z,name,urn:ogc:def:crs:EPSG::25832,Feature,baustellen_vorschau.102312205,geom,Polygon,"[[[460139.10177622, 5427778.18087168], [460135.24463322, 5427766.03801469], [460169.3874902, 5427755.75229969], [460170.53034719, 5427751.18087169], [460178.38749019, 5427748.7522997], [460183.53034718, 5427765.89515669], [460139.10177622, 5427778.18087168]]]",,,102312205,Karlsruhe,2025-10-13T22:00:00Z,2026-01-11T22:59:59Z,Gas bzw. Wasserversorgung,Johann-Strauß-Straße zw. Am dm-Platz und Parkplatz Lorzingstraße/ Milliöeckerstraße,,Stadtwerke Karlsruhe,Aufteilung nicht vorgenommen,mit Vollsperrung,41073,2025V5400,Stadt Karlsruhe,2025-09-21T22:00:00Z,"POLYGON ((460139.101776 5427778.180872, 460135.244633 5427766.038015, 460169.38749 5427755.7523, 460170.530347 5427751.180872, 460178.38749 5427748.7523, 460183.530347 5427765.895157, 460139.101776 5427778.180872))",54,192,Dornwald-Untermühl
FeatureCollection,270,270,270,2025-10-06T14:15:33.080Z,name,urn:ogc:def:crs:EPSG::25832,Feature,baustellen_vorschau.102312207,geom,Polygon,"[[[460260.70885612, 5427733.5635857], [460253.56599913, 5427739.7064437], [460249.13742713, 5427741.8493007], [460206.56599916, 5427754.84930069], [460207.85171316, 5427758.56358569], [460183.70885618, 5427766.56358569], [460179.85171319, 5427755.42072869], [460205.28028417, 5427748.5635857], [460203.99457017, 5427742.7064437], [460210.56599916, 5427740.9921577], [460211.42314216, 5427743.4207287], [460249.70885613, 5427732.7064437], [460253.28028413, 5427728.13501471], [460260.70885612, 5427733.5635857]]]",,,102312207,Karlsruhe,2026-01-11T23:00:00Z,2026-05-14T21:59:59Z,Gas bzw. Wasserversorgung,Johann-Strauß-Straße zw. Parkplatz Lorzingstraße/ Milliöeckerstraße und Durlacher Allee,,Stadtwerke Karlsruhe,Aufteilung nicht vorgenommen,mit Vollsperrung,41073,2025V5399,Stadt Karlsruhe,2025-09-21T22:00:00Z,"POLYGON ((460260.708856 5427733.563586, 460253.565999 5427739.706444, 460249.137427 5427741.849301, 460206.565999 5427754.849301, 460207.851713 5427758.563586, 460183.708856 5427766.563586, 460179.851713 5427755.420729, 460205.280284 5427748.563586, 460203.99457 5427742.706444, 460210.565999 5427740.992158, 460211.423142 5427743.420729, 460249.708856 5427732.706444, 460253.280284 5427728.135015, 460260.708856 5427733.563586))",54,192,Dornwald-Untermühl
FeatureCollection,270,270,270,2025-10-06T14:15:33.080Z,name,urn:ogc:def:crs:EPSG::25832,Feature,baustellen_vorschau.102312209,geom,Polygon,"[[[460090.72769026, 5427778.75628268], [460092.87054726, 5427784.75628267], [460089.72769026, 5427786.47056867], [460090.87054726, 5427790.18485467], [460067.29911928, 5427797.61342567], [460065.01340428, 5427792.32771167], [460054.01340429, 5427795.89913967], [460043.0134043, 5427799.61342566], [460041.2991193, 5427792.89913967], [460052.58483329, 5427789.89913967], [460048.5848333, 5427776.61342568], [460059.58483329, 5427773.61342568], [460063.72769028, 5427786.75628267], [460090.72769026, 5427778.75628268]]]",,,102312209,Karlsruhe,2026-07-19T22:00:00Z,2026-09-09T21:59:59Z,Gas bzw. Wasserversorgung,Johann-Strauß-Straße zw. Hans-Pfizner-Straße und Am dm-Platz,,Stadtwerke Karlsruhe,Aufteilung nicht vorgenommen,mit Vollsperrung,41073,2025V5401,Stadt Karlsruhe,2025-09-21T22:00:00Z,"POLYGON ((460090.72769 5427778.756283, 460092.870547 5427784.756283, 460089.72769 5427786.470569, 460090.870547 5427790.184855, 460067.299119 5427797.613426, 460065.013404 5427792.327712, 460054.013404 5427795.89914, 460043.013404 5427799.613426, 460041.299119 5427792.89914, 460052.584833 5427789.89914, 460048.584833 5427776.613426, 460059.584833 5427773.613426, 460063.72769 5427786.756283, 460090.72769 5427778.756283))",54,192,Dornwald-Untermühl
FeatureCollection,270,270,270,2025-10-06T14:15:33.080Z,name,urn:ogc:def:crs:EPSG::25832,Feature,baustellen_vorschau.102312635,geom,Polygon,"[[[450711.56958008, 5428524.81696127], [450711.93489108, 5428520.50727427], [450734.89115106, 5428522.47597127], [450736.36930506, 5428526.85507827], [450728.84514107, 5428527.52262827], [450725.46764107, 5428529.54752827], [450724.81404107, 5428531.65612826], [450724.90910207, 5428535.41297426], [450727.13822107, 5428551.00023525], [450727.85817607, 5428558.55976225], [450730.19802907, 5428561.25959225], [450734.15778106, 5428562.69950225], [450741.89729606, 5428563.23946825], [450742.07728506, 5428570.97898324], [450724.79836807, 5428570.43901724], [450714.17903308, 5428571.33896124], [450697.2600931, 5428572.95885924], [450673.50158212, 5428577.63856624], [450637.50383815, 5428589.15784423], [450621.84481916, 5428596.53738223], [450606.36578917, 5428604.63687422], [450588.72689419, 5428616.87610721], [450582.96725519, 5428610.21652522], [450593.22661218, 5428602.65699822], [450608.88563117, 5428593.29758523], [450625.80457116, 5428584.83811523], [450644.88337514, 5428576.73862224], [450664.50214612, 5428570.61900624], [450683.94092811, 5428565.75931024], [450691.5004541, 5428563.95942324], [450707.69943909, 5428562.15953625], [450712.73912308, 5428561.79955925], [450715.79893108, 5428559.99967125], [450718.49876208, 5428555.67994225], [450717.95879608, 5428541.28084426], [450717.41883008, 5428535.70119426], [450716.69887508, 5428528.14166827], [450715.07897708, 5428525.62182627], [450711.47920208, 5428525.26184827], [450711.56958008, 5428524.81696127]]]",,,102312635,Karlsruhe,2025-12-04T23:00:00Z,2025-12-07T22:59:59Z,Straßenbau,"Fettweisstraße Höhe Einmündung Daxlander Straße bis Industriestraße, Engstelle mit Lichtsignal auf der Daxlander Straße",,Tiefbauamt,,mit Vollsperrung,46572,2025V5468,Stadt Karlsruhe,2025-09-25T22:00:00Z,"POLYGON ((450711.56958 5428524.816961, 450711.934891 5428520.507274, 450734.891151 5428522.475971, 450736.369305 5428526.855078, 450728.845141 5428527.522628, 450725.467641 5428529.547528, 450724.814041 5428531.656128, 450724.909102 5428535.412974, 450727.138221 5428551.000235, 450727.858176 5428558.559762, 450730.198029 5428561.259592, 450734.157781 5428562.699502, 450741.897296 5428563.239468, 450742.077285 5428570.978983, 450724.798368 5428570.439017, 450714.179033 5428571.338961, 450697.260093 5428572.958859, 450673.501582 5428577.638566, 450637.503838 5428589.157844, 450621.844819 5428596.537382, 450606.365789 5428604.636874, 450588.726894 5428616.876107, 450582.967255 5428610.216525, 450593.226612 5428602.656998, 450608.885631 5428593.297585, 450625.804571 5428584.838115, 450644.883375 5428576.738622, 450664.502146 5428570.619006, 450683.940928 5428565.75931, 450691.500454 5428563.959423, 450707.699439 5428562.159536, 450712.739123 5428561.799559, 450715.798931 5428559.999671, 450718.498762 5428555.679942, 450717.958796 5428541.280844, 450717.41883 5428535.701194, 450716.698875 5428528.141668, 450715.078977 5428525.621826, 450711.479202 5428525.261848, 450711.56958 5428524.816961))",42,091,Alt-Daxlanden
FeatureCollection,270,270,270,2025-10-06T14:15:33.080Z,name,urn:ogc:def:crs:EPSG::25832,Feature,baustellen_vorschau.102312635,geom,Polygon,"[[[450711.56958008, 5428524.81696127], [450711.93489108, 5428520.50727427], [450734.89115106, 5428522.47597127], [450736.36930506, 5428526.85507827], [450728.84514107, 5428527.52262827], [450725.46764107, 5428529.54752827], [450724.81404107, 5428531.65612826], [450724.90910207, 5428535.41297426], [450727.13822107, 5428551.00023525], [450727.85817607, 5428558.55976225], [450730.19802907, 5428561.25959225], [450734.15778106, 5428562.69950225], [450741.89729606, 5428563.23946825], [450742.07728506, 5428570.97898324], [450724.79836807, 5428570.43901724], [450714.17903308, 5428571.33896124], [450697.2600931, 5428572.95885924], [450673.50158212, 5428577.63856624], [450637.50383815, 5428589.15784423], [450621.84481916, 5428596.53738223], [450606.36578917, 5428604.63687422], [450588.72689419, 5428616.87610721], [450582.96725519, 5428610.21652522], [450593.22661218, 5428602.65699822], [450608.88563117, 5428593.29758523], [450625.80457116, 5428584.83811523], [450644.88337514, 5428576.73862224], [450664.50214612, 5428570.61900624], [450683.94092811, 5428565.75931024], [450691.5004541, 5428563.95942324], [450707.69943909, 5428562.15953625], [450712.73912308, 5428561.79955925], [450715.79893108, 5428559.99967125], [450718.49876208, 5428555.67994225], [450717.95879608, 5428541.28084426], [450717.41883008, 5428535.70119426], [450716.69887508, 5428528.14166827], [450715.07897708, 5428525.62182627], [450711.47920208, 5428525.26184827], [450711.56958008, 5428524.81696127]]]",,,102312635,Karlsruhe,2025-12-04T23:00:00Z,2025-12-07T22:59:59Z,Straßenbau,"Fettweisstraße Höhe Einmündung Daxlander Straße bis Industriestraße, Engstelle mit Lichtsignal auf der Daxlander Straße",,Tiefbauamt,,mit Vollsperrung,46572,2025V5468,Stadt Karlsruhe,2025-09-25T22:00:00Z,"POLYGON ((450711.56958 5428524.816961, 450711.934891 5428520.507274, 450734.891151 5428522.475971, 450736.369305 5428526.855078, 450728.845141 5428527.522628, 450725.467641 5428529.547528, 450724.814041 5428531.656128, 450724.909102 5428535.412974, 450727.138221 5428551.000235, 450727.858176 5428558.559762, 450730.198029 5428561.259592, 450734.157781 5428562.699502, 450741.897296 5428563.239468, 450742.077285 5428570.978983, 450724.798368 5428570.439017, 450714.179033 5428571.338961, 450697.260093 5428572.958859, 450673.501582 5428577.638566, 450637.503838 5428589.157844, 450621.844819 5428596.537382, 450606.365789 5428604.636874, 450588.726894 5428616.876107, 450582.967255 5428610.216525, 450593.226612 5428602.656998, 450608.885631 5428593.297585, 450625.804571 5428584.838115, 450644.883375 5428576.738622, 450664.502146 5428570.619006, 450683.940928 5428565.75931, 450691.500454 5428563.959423, 450707.699439 5428562.159536, 450712.739123 5428561.799559, 450715.798931 5428559.999671, 450718.498762 5428555.679942, 450717.958796 5428541.280844, 450717.41883 5428535.701194, 450716.698875 5428528.141668, 450715.078977 5428525.621826, 450711.479202 5428525.261848, 450711.56958 5428524.816961))",49,083,Rheinhafen
FeatureCollection,270,270,270,2025-10-06T14:15:33.080Z,name,urn:ogc:def:crs:EPSG::25832,Feature,baustellen_vorschau.102312645,geom,Polygon,"[[[450685.04775111, 5428572.06319024], [450697.1408771, 5428569.16300324], [450709.67984109, 5428567.95062824], [450724.32816107, 5428567.06390324], [450751.88545905, 5428566.97930324], [450751.83264105, 5428570.41362824], [450728.75041707, 5428570.38217124], [450711.61053308, 5428571.38466024], [450697.6030411, 5428573.06892824], [450685.9048941, 5428575.20604724], [450675.70917411, 5428577.08459024], [450662.76203712, 5428580.63461923], [450645.04775114, 5428586.63461923], [450631.33346615, 5428592.63461923], [450616.47632316, 5428599.49176122], [450603.33346617, 5428608.06319022], [450590.47632318, 5428616.06319021], [450588.76203719, 5428613.49176121], [450595.33346618, 5428607.20604722], [450603.90489417, 5428601.49176122], [450615.90489416, 5428594.92033323], [450629.90489415, 5428588.06319023], [450638.55058614, 5428584.88887023], [450653.61918013, 5428579.49176124], [450666.19060812, 5428575.49176124], [450674.74630511, 5428573.47603024], [450685.04775111, 5428572.06319024]]]",,,102312645,Karlsruhe,2025-11-23T23:00:00Z,2025-12-04T22:59:59Z,Straßenbau,Fettweisstraße zw. Einmündung Daxlander Straße und Industriestraße,,Tiefbauamt,Engstelle mit Lichtsignal,mit Verkehrsbehinderung,46572,2025V5467,Stadt Karlsruhe,2025-09-25T22:00:00Z,"POLYGON ((450685.047751 5428572.06319, 450697.140877 5428569.163003, 450709.679841 5428567.950628, 450724.328161 5428567.063903, 450751.885459 5428566.979303, 450751.832641 5428570.413628, 450728.750417 5428570.382171, 450711.610533 5428571.38466, 450697.603041 5428573.068928, 450685.904894 5428575.206047, 450675.709174 5428577.08459, 450662.762037 5428580.634619, 450645.047751 5428586.634619, 450631.333466 5428592.634619, 450616.476323 5428599.491761, 450603.333466 5428608.06319, 450590.476323 5428616.06319, 450588.762037 5428613.491761, 450595.333466 5428607.206047, 450603.904894 5428601.491761, 450615.904894 5428594.920333, 450629.904894 5428588.06319, 450638.550586 5428584.88887, 450653.61918 5428579.491761, 450666.190608 5428575.491761, 450674.746305 5428573.47603, 450685.047751 5428572.06319))",42,091,Alt-Daxlanden
FeatureCollection,270,270,270,2025-10-06T14:15:33.080Z,name,urn:ogc:def:crs:EPSG::25832,Feature,baustellen_vorschau.102312645,geom,Polygon,"[[[450685.04775111, 5428572.06319024], [450697.1408771, 5428569.16300324], [450709.67984109, 5428567.95062824], [450724.32816107, 5428567.06390324], [450751.88545905, 5428566.97930324], [450751.83264105, 5428570.41362824], [450728.75041707, 5428570.38217124], [450711.61053308, 5428571.38466024], [450697.6030411, 5428573.06892824], [450685.9048941, 5428575.20604724], [450675.70917411, 5428577.08459024], [450662.76203712, 5428580.63461923], [450645.04775114, 5428586.63461923], [450631.33346615, 5428592.63461923], [450616.47632316, 5428599.49176122], [450603.33346617, 5428608.06319022], [450590.47632318, 5428616.06319021], [450588.76203719, 5428613.49176121], [450595.33346618, 5428607.20604722], [450603.90489417, 5428601.49176122], [450615.90489416, 5428594.92033323], [450629.90489415, 5428588.06319023], [450638.55058614, 5428584.88887023], [450653.61918013, 5428579.49176124], [450666.19060812, 5428575.49176124], [450674.74630511, 5428573.47603024], [450685.04775111, 5428572.06319024]]]",,,102312645,Karlsruhe,2025-11-23T23:00:00Z,2025-12-04T22:59:59Z,Straßenbau,Fettweisstraße zw. Einmündung Daxlander Straße und Industriestraße,,Tiefbauamt,Engstelle mit Lichtsignal,mit Verkehrsbehinderung,46572,2025V5467,Stadt Karlsruhe,2025-09-25T22:00:00Z,"POLYGON ((450685.047751 5428572.06319, 450697.140877 5428569.163003, 450709.679841 5428567.950628, 450724.328161 5428567.063903, 450751.885459 5428566.979303, 450751.832641 5428570.413628, 450728.750417 5428570.382171, 450711.610533 5428571.38466, 450697.603041 5428573.068928, 450685.904894 5428575.206047, 450675.709174 5428577.08459, 450662.762037 5428580.634619, 450645.047751 5428586.634619, 450631.333466 5428592.634619, 450616.476323 5428599.491761, 450603.333466 5428608.06319, 450590.476323 5428616.06319, 450588.762037 5428613.491761, 450595.333466 5428607.206047, 450603.904894 5428601.491761, 450615.904894 5428594.920333, 450629.904894 5428588.06319, 450638.550586 5428584.88887, 450653.61918 5428579.491761, 450666.190608 5428575.491761, 450674.746305 5428573.47603, 450685.047751 5428572.06319))",49,083,Rheinhafen
FeatureCollection,270,270,270,2025-10-06T14:15:33.080Z,name,urn:ogc:def:crs:EPSG::25832,Feature,baustellen_vorschau.102312700,geom,Polygon,"[[[456722.61766507, 5427435.26646089], [456722.84265007, 5427428.42689489], [456728.37729906, 5427423.8371859], [456736.61177605, 5427424.0621719], [456735.80182805, 5427435.62643789], [456722.61766507, 5427435.26646089]]]",,,102312700,Karlsruhe,2025-10-06T22:00:00Z,2025-10-17T21:59:59Z,Fernwärmeversorgung,Winterstraße zw. Marienstraße und Rüppurrer Straße,,Stadtwerke Karlsruhe,,mit Verkehrsbehinderung,50059,2025V5471,Stadt Karlsruhe,2025-09-23T22:00:00Z,"POLYGON ((456722.617665 5427435.266461, 456722.84265 5427428.426895, 456728.377299 5427423.837186, 456736.611776 5427424.062172, 456735.801828 5427435.626438, 456722.617665 5427435.266461))",16,032,Südlicher Teil
FeatureCollection,270,270,270,2025-10-06T14:15:33.080Z,name,urn:ogc:def:crs:EPSG::25832,Feature,baustellen_vorschau.102312942,geom,Polygon,"[[[464265.33916475, 5422038.40763302], [464264.43922275, 5422023.28859303], [464263.17930275, 5421997.55022805], [464260.83945075, 5421975.23164506], [464255.43979376, 5421934.01426209], [464253.63990776, 5421923.21494809], [464247.70028476, 5421898.01654811], [464243.38055977, 5421879.11774812], [464238.34087977, 5421867.59847913], [464240.86071977, 5421865.61860513], [464245.00045677, 5421875.15799912], [464259.57953075, 5421939.23393108], [464262.63933675, 5421959.21266207], [464264.97918775, 5421981.17126806], [464266.77907375, 5422000.61003305], [464267.85900475, 5422023.82855904], [464268.57895975, 5422038.22764503], [464265.33916475, 5422038.40763302]]]",,,102312942,Karlsruhe,2026-09-21T22:00:00Z,2026-11-28T22:59:59Z,Gas bzw. Wasserversorgung,Weiklestraße zwischen Neugrabenstraße und Zum Bergle,,Stadtwerke Karlsruhe,zw. Haus 22 bis 38,mit Verkehrsbehinderung,44556,2025V5516,Stadt Karlsruhe,2025-09-24T22:00:00Z,"POLYGON ((464265.339165 5422038.407633, 464264.439223 5422023.288593, 464263.179303 5421997.550228, 464260.839451 5421975.231645, 464255.439794 5421934.014262, 464253.639908 5421923.214948, 464247.700285 5421898.016548, 464243.38056 5421879.117748, 464238.34088 5421867.598479, 464240.86072 5421865.618605, 464245.000457 5421875.157999, 464259.579531 5421939.233931, 464262.639337 5421959.212662, 464264.979188 5421981.171268, 464266.779074 5422000.610033, 464267.859005 5422023.828559, 464268.57896 5422038.227645, 464265.339165 5422038.407633))",24,211,Stupferich
FeatureCollection,270,270,270,2025-10-06T14:15:33.080Z,name,urn:ogc:def:crs:EPSG::25832,Feature,baustellen_vorschau.102313008,geom,Polygon,"[[[464406.79881663, 5422379.90783783], [464403.52881364, 5422374.84182083], [464411.91625763, 5422369.33338283], [464415.21298563, 5422374.35265183], [464406.79881663, 5422379.90783783]]]",,,102313008,Karlsruhe,2025-10-09T22:00:00Z,2025-10-10T21:59:59Z,Bauliche Sondernutzung,Gänsbergstraße zw. Höhenstraße und Eichwaldstraße,,Privat,,mit Vollsperrung,53121,2025V5529,Stadt Karlsruhe,2025-09-24T22:00:00Z,"POLYGON ((464406.798817 5422379.907838, 464403.528814 5422374.841821, 464411.916258 5422369.333383, 464415.212986 5422374.352652, 464406.798817 5422379.907838))",24,211,Stupferich
FeatureCollection,270,270,270,2025-10-06T14:15:33.080Z,name,urn:ogc:def:crs:EPSG::25832,Feature,baustellen_vorschau.102313081,geom,Polygon,"[[[462338.95091838, 5427271.58694997], [462342.36155138, 5427267.23301698], [462361.66452137, 5427281.25251596], [462353.74812737, 5427287.40465596], [462338.95091838, 5427271.58694997]]]",,,102313081,Karlsruhe,2025-10-17T22:00:00Z,2025-11-15T22:59:59Z,Gas bzw. Wasserversorgung,Reichardtstraße zw. Sepp-Herberger-Weg u. Parkplatz Turmberg,,Stadtwerke Karlsruhe,,mit Vollsperrung,48792,2025V5539,Stadt Karlsruhe,2025-09-24T22:00:00Z,"POLYGON ((462338.950918 5427271.58695, 462342.361551 5427267.233017, 462361.664521 5427281.252516, 462353.748127 5427287.404656, 462338.950918 5427271.58695))",55,193,Hanggebiet
FeatureCollection,270,270,270,2025-10-06T14:15:33.080Z,name,urn:ogc:def:crs:EPSG::25832,Feature,baustellen_vorschau.102313100,geom,Polygon,"[[[456556.17003621, 5427803.13462868], [456556.35573621, 5427797.97575768], [456565.5206872, 5427798.30566168], [456565.7100362, 5427803.44462867], [456556.17003621, 5427803.13462868]]]",,,102313100,Karlsruhe,2025-10-13T22:00:00Z,2025-10-15T21:59:59Z,Bauliche Sondernutzung,Werderstraße zw. Wender von uns zur Wilhelmstraße,,Privat,,mit Vollsperrung,53134,2025V5547,Stadt Karlsruhe,2025-09-24T22:00:00Z,"POLYGON ((456556.170036 5427803.134629, 456556.355736 5427797.975758, 456565.520687 5427798.305662, 456565.710036 5427803.444629, 456556.170036 5427803.134629))",46,031,Nördlicher Teil
FeatureCollection,270,270,270,2025-10-06T14:15:33.080Z,name,urn:ogc:def:crs:EPSG::25832,Feature,baustellen_vorschau.102313318,geom,Polygon,"[[[456335.06231838, 5426731.45311031], [456356.38780037, 5426738.8325183], [456360.80799036, 5426739.9043533], [456366.16985536, 5426738.6887793], [456370.80770935, 5426736.4024173], [456375.65993835, 5426733.18844531], [456379.31707335, 5426727.47425431], [456381.59894635, 5426718.68179031], [456381.68588934, 5426705.23713732], [456385.02716234, 5426706.61319832], [456385.73488434, 5426716.33379731], [456386.03061034, 5426722.90264931], [456384.52979434, 5426728.18388031], [456382.68009034, 5426732.1743713], [456380.03091735, 5426736.1148523], [456376.44417335, 5426738.8296303], [456372.46459235, 5426741.3340043], [456367.82982836, 5426743.2558023], [456362.81318936, 5426744.6170413], [456362.79781136, 5426746.4662813], [456381.39100835, 5426754.69209629], [456379.31016635, 5426759.04471329], [456332.59203939, 5426738.6374143], [456335.06231838, 5426731.45311031]]]",,,102313318,Karlsruhe,2025-11-23T23:00:00Z,2025-11-27T22:59:59Z,Straßenbau,Schwarzwaldstraße zw. zentraler Zufahrt Hbf Süd u. Ettlinger Allee,,Tiefbauamt,,mit Sperrung in eine Fahrtrichtung,52629,2025V5587,Stadt Karlsruhe,2025-09-25T22:00:00Z,"POLYGON ((456335.062318 5426731.45311, 456356.3878 5426738.832518, 456360.80799 5426739.904353, 456366.169855 5426738.688779, 456370.807709 5426736.402417, 456375.659938 5426733.188445, 456379.317073 5426727.474254, 456381.598946 5426718.68179, 456381.685889 5426705.237137, 456385.027162 5426706.613198, 456385.734884 5426716.333797, 456386.03061 5426722.902649, 456384.529794 5426728.18388, 456382.68009 5426732.174371, 456380.030917 5426736.114852, 456376.444173 5426738.82963, 456372.464592 5426741.334004, 456367.829828 5426743.255802, 456362.813189 5426744.617041, 456362.797811 5426746.466281, 456381.391008 5426754.692096, 456379.310166 5426759.044713, 456332.592039 5426738.637414, 456335.062318 5426731.45311))",57,142,Dammerstock
FeatureCollection,270,270,270,2025-10-06T14:15:33.080Z,name,urn:ogc:def:crs:EPSG::25832,Feature,baustellen_vorschau.102313455,geom,Polygon,"[[[454859.92469862, 5427090.1925651], [454865.28155861, 5427086.1272781], [454895.78274759, 5427126.30529608], [454898.06721558, 5427131.88998808], [454896.94169359, 5427132.35039208], [454894.88814059, 5427133.19041707], [454887.63161459, 5427130.37121308], [454887.21923759, 5427127.49642908], [454884.80793759, 5427122.94082908], [454859.92469862, 5427090.1925651]]]",,,102313455,Karlsruhe,2025-11-11T23:00:00Z,2025-11-15T22:59:59Z,Straßenbau,L 605 Brauerstraße zw. Südtangente Abfahrt Richtung Zentrum u. Ebertstraße/Hermann-Veit-Straße,,Tiefbauamt,Entfall von zwei Richtungsfahrstreifen,mit Verkehrsbehinderung,52714,2025V5601,Stadt Karlsruhe,2025-09-25T22:00:00Z,"POLYGON ((454859.924699 5427090.192565, 454865.281559 5427086.127278, 454895.782748 5427126.305296, 454898.067216 5427131.889988, 454896.941694 5427132.350392, 454894.888141 5427133.190417, 454887.631615 5427130.371213, 454887.219238 5427127.496429, 454884.807938 5427122.940829, 454859.924699 5427090.192565))",30,131,Beiertheim
FeatureCollection,270,270,270,2025-10-06T14:15:33.080Z,name,urn:ogc:def:crs:EPSG::25832,Feature,baustellen_vorschau.102313457,geom,Polygon,"[[[454900.41623358, 5427119.45152508], [454892.89543059, 5427121.30748908], [454863.01861761, 5427081.2114971], [454870.42499661, 5427075.58511711], [454882.5293406, 5427091.4547751], [454890.41463759, 5427101.00212909], [454898.32573758, 5427107.92582909], [454895.51091859, 5427113.16516508], [454900.41623358, 5427119.45152508]]]",,,102313457,Karlsruhe,2025-11-15T23:00:00Z,2025-11-20T22:59:59Z,Straßenbau,L 605 Brauerstraße zw. Südtangente Abfahrt Richtung Zentrum u. Ebertstraße/Hermann-Veit-Straße,,Tiefbauamt,Entfall von drei Richtungsfahrstreifen,mit Verkehrsbehinderung,52714,2025V5602,Stadt Karlsruhe,2025-09-25T22:00:00Z,"POLYGON ((454900.416234 5427119.451525, 454892.895431 5427121.307489, 454863.018618 5427081.211497, 454870.424997 5427075.585117, 454882.529341 5427091.454775, 454890.414638 5427101.002129, 454898.325738 5427107.925829, 454895.510919 5427113.165165, 454900.416234 5427119.451525))",30,131,Beiertheim
FeatureCollection,270,270,270,2025-10-06T14:15:33.080Z,name,urn:ogc:def:crs:EPSG::25832,Feature,baustellen_vorschau.102313476,geom,Polygon,"[[[454975.15723752, 5426706.82452932], [454957.48943753, 5426713.70832932], [454916.95243757, 5426724.90232931], [454871.3619376, 5426737.07772931], [454854.08053762, 5426744.3297293], [454839.55753763, 5426753.68352929], [454830.47603664, 5426761.44475529], [454825.77957964, 5426758.11499529], [454828.81303764, 5426754.2834293], [454844.07583763, 5426742.9686293], [454862.65191061, 5426733.63885231], [454896.74371258, 5426725.90423031], [454956.36609953, 5426709.74681032], [454983.22324251, 5426701.31823933], [454975.15723752, 5426706.82452932]]]",,,102313476,Karlsruhe,2025-11-11T23:00:00Z,2025-11-20T22:59:59Z,Straßenbau,Südtangente von Osten kommend Abfahrt zur L 605 Brauerstraße Richtung Zentrum,,Tiefbauamt,Sperrung wegen Arbeitsstellen auf der L 605 Knoten Ebertstraße/Hermann-Veit-Straße,mit Sperrung in eine Fahrtrichtung,52714,2025V5604,Stadt Karlsruhe,2025-09-25T22:00:00Z,"POLYGON ((454975.157238 5426706.824529, 454957.489438 5426713.708329, 454916.952438 5426724.902329, 454871.361938 5426737.077729, 454854.080538 5426744.329729, 454839.557538 5426753.683529, 454830.476037 5426761.444755, 454825.77958 5426758.114995, 454828.813038 5426754.283429, 454844.075838 5426742.968629, 454862.651911 5426733.638852, 454896.743713 5426725.90423, 454956.3661 5426709.74681, 454983.223243 5426701.318239, 454975.157238 5426706.824529))",30,131,Beiertheim
FeatureCollection,270,270,270,2025-10-06T14:15:33.080Z,name,urn:ogc:def:crs:EPSG::25832,Feature,baustellen_vorschau.102313485,geom,Polygon,"[[[450732.87275007, 5428526.65133027], [450728.58554107, 5428527.58212827], [450727.29484107, 5428528.00672827], [450726.36874107, 5428528.53512827], [450725.27144107, 5428529.92932827], [450724.74594107, 5428532.57532826], [450725.75584207, 5428545.68829626], [450726.89334107, 5428559.49202825], [450727.90681107, 5428561.27870525], [450731.23484107, 5428562.88772825], [450713.31914108, 5428563.51602825], [450716.98594708, 5428561.67659125], [450717.95554108, 5428559.71462825], [450718.75643808, 5428555.20661325], [450718.04659508, 5428537.73999726], [450717.20434108, 5428530.06112826], [450715.59344108, 5428527.07132827], [450712.82574108, 5428525.14532827], [450732.87275007, 5428526.65133027]]]",,,102313485,Karlsruhe,2025-11-23T23:00:00Z,2025-12-07T22:59:59Z,Straßenbau,Verbindungsstraße Daxlander Straße zur Fettweisstraße,,Tiefbauamt,,mit Vollsperrung,46572,2025V5605,Stadt Karlsruhe,2025-09-25T22:00:00Z,"POLYGON ((450732.87275 5428526.65133, 450728.585541 5428527.582128, 450727.294841 5428528.006728, 450726.368741 5428528.535128, 450725.271441 5428529.929328, 450724.745941 5428532.575328, 450725.755842 5428545.688296, 450726.893341 5428559.492028, 450727.906811 5428561.278705, 450731.234841 5428562.887728, 450713.319141 5428563.516028, 450716.985947 5428561.676591, 450717.955541 5428559.714628, 450718.756438 5428555.206613, 450718.046595 5428537.739997, 450717.204341 5428530.061128, 450715.593441 5428527.071328, 450712.825741 5428525.145328, 450732.87275 5428526.65133))",42,091,Alt-Daxlanden
FeatureCollection,270,270,270,2025-10-06T14:15:33.080Z,name,urn:ogc:def:crs:EPSG::25832,Feature,baustellen_vorschau.102314524,geom,Polygon,"[[[450449.3800423, 5428716.48897115], [450444.19199031, 5428708.68227316], [450473.39426128, 5428688.32655117], [450478.47506028, 5428695.94774917], [450449.3800423, 5428716.48897115]]]",,,102314524,Karlsruhe,2025-10-22T22:00:00Z,2025-10-23T21:59:59Z,Kraneinsatz,Fettweisstraße zw. Industriestraße und Hohleichweg,,Privat,,mit Vollsperrung,53234,2025V5726,Stadt Karlsruhe,2025-09-30T22:00:00Z,"POLYGON ((450449.380042 5428716.488971, 450444.19199 5428708.682273, 450473.394261 5428688.326551, 450478.47506 5428695.947749, 450449.380042 5428716.488971))",42,091,Alt-Daxlanden
FeatureCollection,270,270,270,2025-10-06T14:15:33.080Z,name,urn:ogc:def:crs:EPSG::25832,Feature,baustellen_vorschau.102314524,geom,Polygon,"[[[450449.3800423, 5428716.48897115], [450444.19199031, 5428708.68227316], [450473.39426128, 5428688.32655117], [450478.47506028, 5428695.94774917], [450449.3800423, 5428716.48897115]]]",,,102314524,Karlsruhe,2025-10-22T22:00:00Z,2025-10-23T21:59:59Z,Kraneinsatz,Fettweisstraße zw. Industriestraße und Hohleichweg,,Privat,,mit Vollsperrung,53234,2025V5726,Stadt Karlsruhe,2025-09-30T22:00:00Z,"POLYGON ((450449.380042 5428716.488971, 450444.19199 5428708.682273, 450473.394261 5428688.326551, 450478.47506 5428695.947749, 450449.380042 5428716.488971))",49,083,Rheinhafen
FeatureCollection,270,270,270,2025-10-06T14:15:33.080Z,name,urn:ogc:def:crs:EPSG::25832,Feature,baustellen_vorschau.102314547,geom,Polygon,"[[[456710.76096408, 5427527.97685384], [456705.76096408, 5427528.26256783], [456705.33239208, 5427521.83399684], [456712.33239208, 5427520.83399684], [456714.04667807, 5427518.97685384], [456716.47525007, 5427518.97685384], [456716.18953507, 5427529.11971084], [456713.33239207, 5427529.26256784], [456710.76096408, 5427527.97685384]]]",,,102314547,Karlsruhe,2025-10-12T22:00:00Z,2025-11-07T22:59:59Z,Fernwärmeversorgung,Augartenstraße zw. Wilhemstraße und Marienstraße,,Stadtwerke Karlsruhe,,mit Vollsperrung,45072,2025V5729,Stadt Karlsruhe,2025-09-30T22:00:00Z,"POLYGON ((456710.760964 5427527.976854, 456705.760964 5427528.262568, 456705.332392 5427521.833997, 456712.332392 5427520.833997, 456714.046678 5427518.976854, 456716.47525 5427518.976854, 456716.189535 5427529.119711, 456713.332392 5427529.262568, 456710.760964 5427527.976854))",16,032,Südlicher Teil
FeatureCollection,270,270,270,2025-10-06T14:15:33.080Z,name,urn:ogc:def:crs:EPSG::25832,Feature,baustellen_vorschau.102314747,geom,Polygon,"[[[455051.38409845, 5426794.18974327], [455049.20552746, 5426787.79688628], [455053.20552745, 5426786.43974328], [455055.31267045, 5426792.83260027], [455051.38409845, 5426794.18974327]]]",,,102314747,Karlsruhe,2025-10-19T22:00:00Z,2025-11-28T22:59:59Z,Fernwärmeversorgung,Bulacher Straße zw. Breite Straße und Bulacher Loch,,Stadtwerke Karlsruhe,Engstelle 1-streifige Verkehrsführung im Baubereich,mit Verkehrsbehinderung,52845,2025V5310,Stadt Karlsruhe,2025-10-05T22:00:00Z,"POLYGON ((455051.384098 5426794.189743, 455049.205527 5426787.796886, 455053.205527 5426786.439743, 455055.31267 5426792.8326, 455051.384098 5426794.189743))",30,131,Beiertheim
